name,wins,losses,draws,weight_Normalized,significant_strikes_landed_per_minute,significant_striking_accuracy,significant_strikes_absorbed_per_minute,significant_strike_defence,average_takedowns_landed_per_15_minutes,takedown_accuracy,takedown_defense,average_submissions_attempted_per_15_minutes,division,age,reach_Normalized,height_Normalized,Physicality_Score,time_off,KO_Percentage,Striking_Score,Submission_Percentage,Grappling_Score,TotalFights,WinLossRatio,Experience_Score
Robert Drysdale,7,0,0,0.15037793396101312,0.0,0.0,0.0,0.0,7.32,1.0,0.0,21.9,Light Heavyweight,43.0,0.6674641148325355,0.5172413793103448,1.3350834281038935,,0.0,0.0,0.0,29.369999999999997,7,1.0,1.6
Daniel McWilliams,15,37,0,0.12027582548733588,3.36,0.77,0.0,0.0,0.0,0.0,1.0,21.6,Light Heavyweight,41.277864992150704,0.6674641148325355,0.4482758620689653,1.2360158023888368,,0.0,0.994,0.0,21.700000000000003,52,0.28846153846153844,10.457692307692309
Dan Molina,13,9,0,0.1669208327807983,0.0,0.0,5.58,0.6,0.0,0.0,0.0,20.9,Heavyweight,44.17465753424658,0.7320261437908496,0.34482758620689663,1.2437745627785446,,0.0,-0.747,0.0,20.9,22,0.5909090909090909,4.5181818181818185
Paul Ruiz,7,4,0,0.045086858506829315,1.4,0.33,1.4,0.75,0.0,0.0,1.0,20.9,Featherweight,35.8830242510699,0.4423076923076923,0.20689655172413768,0.6942911025386593,,0.0,0.3185,0.0,21.0,11,0.6363636363636364,2.3272727272727276
Collin Huckbody,8,2,0,0.12027582548733588,2.05,0.6,2.73,0.42,10.23,1.0,0.0,20.4,Light Heavyweight,30.0,0.6923076923076921,0.5172413793103448,1.3298248971053725,,0.0,0.28600000000000003,0.0,30.78,10,0.8,2.16
Gerald Strebendt,9,7,0,0.07518896698050656,0.0,0.0,4.0,0.38,0.0,0.0,0.0,16.4,Welterweight,45.0,0.5218723584108196,0.3103448275862067,0.9074061529775328,,0.0,-0.5429999999999999,0.0,16.4,16,0.5625,3.3125
Isaiah Hill,5,7,1,0.07518896698050656,4.84,0.5,0.97,0.8,0.0,0.0,0.66,14.5,Welterweight,38.13361169102296,0.5218723584108196,0.34482758620689663,0.9418889115982227,,0.0,1.2845000000000002,0.0,14.566,13,0.38461538461538464,2.676923076923077
Kenneth Seegrist,4,7,0,0.12027582548733588,3.21,0.66,1.28,0.0,0.0,0.0,0.4,14.4,Light Heavyweight,41.277864992150704,0.6674641148325355,0.41379310344827575,1.2015330437681473,,0.0,0.7424999999999999,0.0,14.44,11,0.36363636363636365,2.272727272727273
Will Kerr,9,3,0,0.07518896698050656,1.91,0.42,6.22,0.33,0.0,0.0,0.0,14.3,Welterweight,42.0,0.4230769230769229,0.34482758620689663,0.8430934762643261,,0.0,-0.32199999999999995,0.0,14.3,12,0.75,2.5500000000000003
Neil Grove,12,8,1,0.24058480307651503,0.0,0.0,0.0,0.0,0.0,0.0,1.0,14.3,Heavyweight,54.0,0.7320261437908496,0.6206896551724138,1.5933006020397786,,0.0,0.0,0.0,14.4,21,0.5714285714285714,4.314285714285714
Raphael Butler,9,2,1,0.23458427264288553,4.69,0.45,0.94,0.91,0.0,0.0,1.0,14.1,Heavyweight,44.17465753424658,0.7320261437908496,0.5172413793103448,1.48385179574408,,0.0,1.2580000000000002,0.0,14.2,12,0.75,2.5500000000000003
Bo Nickal,5,0,0,0.12027582548733588,2.76,0.62,0.55,0.75,11.04,0.5,0.0,13.8,Light Heavyweight,29.0,0.6923076923076921,0.4482758620689653,1.260859379863993,88.0,25.0,7.094,0.5,25.04,5,1.0,1.2
Ian Entwistle,9,3,0,0.045086858506829315,0.11,0.07,7.36,0.31,0.0,0.0,0.0,12.1,Featherweight,38.0,0.4423076923076923,0.17241379310344812,0.6598083439179697,3230.0,66.66666666666666,15.650666666666666,0.3333333333333333,12.183333333333334,12,0.75,2.5500000000000003
Megumi Fujii,26,3,0,0.012034212969102226,2.4,0.42,0.0,1.0,0.0,0.0,0.0,12.0,Strawweight,33.46363636363636,0.21923076923076928,0.10344827586206903,0.3347132580619405,,0.0,0.834,0.0,12.0,29,0.896551724137931,5.979310344827587
Gaston Reyno,6,2,0,0.06013791274366793,7.79,0.62,3.9,0.44,0.0,0.0,0.0,11.7,Featherweight,35.8830242510699,0.4423076923076923,0.41379310344827575,0.916238708499636,,0.0,1.5524999999999998,0.0,11.7,8,0.75,1.75
Kenny Ento,14,15,0,0.13081819387349158,8.41,0.79,0.0,1.0,5.49,1.0,0.0,11.0,Light Heavyweight,41.277864992150704,0.6674641148325355,0.48275862068965525,1.2810409293956824,,0.0,2.4105,0.0,16.64,29,0.4827586206896552,5.8965517241379315
AJ McKee,8,0,0,0.06013791274366793,2.75,0.32,0.92,0.8,11.01,1.0,1.0,11.0,Featherweight,35.8830242510699,0.4423076923076923,0.34482758620689663,0.8472731912582568,,0.0,0.7335,0.0,22.259999999999998,8,1.0,1.8
Westin Wilson,16,8,0,0.06013791274366793,1.38,0.5,7.59,0.26,0.0,0.0,0.0,10.3,Featherweight,36.0,0.5769230769230766,0.4482758620689653,1.0853368517357098,242.0,66.66666666666666,16.012166666666662,0.3333333333333333,10.383333333333335,24,0.6666666666666666,4.9333333333333345
Philip Perez,7,5,1,0.07518896698050656,1.36,1.0,0.68,0.66,10.23,1.0,0.0,10.2,Welterweight,38.13361169102296,0.5218723584108196,0.17241379310344812,0.7694751184947742,,0.0,0.537,0.0,20.58,13,0.5384615384615384,2.707692307692308
Brandon Shuey,7,6,0,0.07518896698050656,0.68,0.33,1.36,0.0,0.0,0.0,0.0,10.2,Welterweight,49.0,0.5218723584108196,0.24137931034482762,0.8384406357361538,,0.0,0.032,0.0,10.2,13,0.5384615384615384,2.707692307692308
Dave Phillips,13,7,0,0.12027582548733588,0.0,0.0,2.0,0.25,0.0,0.0,0.0,10.0,Light Heavyweight,45.0,0.6674641148325355,0.41379310344827575,1.2015330437681473,,0.0,-0.2625,0.0,10.0,20,0.65,4.13
Johnny Sampaio,3,1,0,0.09773239623392123,1.32,0.4,2.64,0.5,9.89,0.5,0.0,9.9,Middleweight,49.0,0.5968489341983318,0.2758620689655172,0.9704433993977702,,0.0,0.08900000000000002,0.0,19.865000000000002,4,0.75,0.9500000000000001
Dione Barbosa,6,2,0,0.030068956371833978,0.87,0.5,0.65,0.66,3.27,1.0,0.0,9.8,Flyweight,32.0,0.3076923076923075,0.20689655172413768,0.5446578157882791,207.0,0.0,0.31899999999999995,0.0,13.22,8,0.75,1.75
Zach Reese,6,1,0,0.12027582548733588,3.93,0.66,6.56,0.28,0.0,0.0,0.0,9.8,Light Heavyweight,30.0,0.7307692307692308,0.5517241379310344,1.402769194187601,,0.0,0.1725000000000002,0.0,9.8,7,0.8571428571428571,1.5714285714285716
Rodrigo Gripp de Sousa,7,9,0,0.15037793396101312,0.48,0.23,4.81,0.52,0.0,0.0,0.0,9.6,Light Heavyweight,41.277864992150704,0.6674641148325355,0.3793103448275862,1.1971523936211348,,0.0,-0.4774999999999999,0.0,9.6,16,0.4375,3.2875
Justin Burlinson,6,1,0,0.09773239623392123,1.24,0.4,3.09,0.61,0.0,0.0,1.0,9.3,Middleweight,27.0,0.6153846153846154,0.4482758620689653,1.161392873687502,,0.0,0.01800000000000007,0.0,9.4,7,0.8571428571428571,1.5714285714285716
Poppies Martinez,29,11,0,0.06013791274366793,2.88,0.5,2.16,0.51,1.54,0.33,0.5,9.2,Featherweight,35.8830242510699,0.4423076923076923,0.3103448275862067,0.8127904326375669,,0.0,0.5725,0.0,10.8395,40,0.725,8.145
Josh Rafferty,9,8,0,0.09773239623392123,0.6,0.33,3.6,0.5,0.0,0.0,0.0,9.0,Middleweight,44.0,0.5968489341983318,0.41379310344827575,1.1083744338805288,,0.0,-0.24900000000000005,0.0,9.0,17,0.5294117647058824,3.505882352941177
Daniel Puder,8,0,0,0.19546479246784249,2.77,0.68,1.17,0.38,1.21,0.5,0.81,9.0,Heavyweight,43.0,0.7320261437908496,0.5172413793103448,1.4447323155690368,,0.0,0.71,0.0,10.366,8,1.0,1.8
Yukio Sakaguchi,6,7,0,0.12027582548733588,0.3,0.25,2.4,0.5,4.5,1.0,0.0,9.0,Light Heavyweight,51.0,0.6674641148325355,0.3103448275862067,1.0980847679060781,,0.0,-0.15999999999999998,0.0,13.65,13,0.46153846153846156,2.6923076923076925
Magomed Sultanakhmedov,18,6,0,0.12027582548733588,0.0,0.0,2.4,0.42,9.0,1.0,0.0,9.0,Light Heavyweight,41.277864992150704,0.6674641148325355,0.48275862068965525,1.2704985610095267,,0.0,-0.297,0.0,18.15,24,0.75,4.950000000000001
Jeff Newton,4,2,0,0.15037793396101312,0.28,0.2,1.41,0.52,0.0,0.0,0.0,8.5,Light Heavyweight,58.0,0.6674641148325355,0.48275862068965525,1.300600669483204,,0.0,-0.023499999999999993,0.0,8.5,6,0.6666666666666666,1.3333333333333335
Emiliano Sordi,16,7,0,0.15037793396101312,4.79,0.5,4.79,0.48,0.0,0.0,1.0,8.3,Light Heavyweight,33.0,0.6674641148325355,0.48275862068965525,1.300600669483204,,0.0,0.6510000000000001,0.0,8.4,23,0.6956521739130435,4.739130434782609
Erik Apple,10,3,0,0.09773239623392123,0.0,0.0,0.54,0.81,0.0,0.0,0.0,8.1,Middleweight,47.0,0.5968489341983318,0.41379310344827575,1.1083744338805288,,0.0,0.040499999999999994,0.0,8.1,13,0.7692307692307693,2.753846153846154
Fazlo Mulabitinovic,4,2,0,0.045086858506829315,0.54,0.16,0.0,1.0,0.0,0.0,0.0,8.0,Featherweight,35.8830242510699,0.4423076923076923,0.2688069758224335,0.7562015266369551,,0.0,0.317,0.0,8.0,6,0.6666666666666666,1.3333333333333335
Adam Meredith,5,3,0,0.09773239623392123,2.63,0.5,2.11,0.55,7.89,1.0,1.0,7.9,Middleweight,39.515151515151516,0.5968489341983318,0.48275862068965525,1.1773399511219083,,0.0,0.5235000000000001,0.0,16.04,8,0.625,1.725
Klayton Mai,8,3,0,0.030068956371833978,1.53,0.42,1.02,0.63,3.83,1.0,0.0,7.7,Flyweight,33.27091633466136,0.34781884781884764,0.3103448275862067,0.6882326317768883,,0.0,0.40800000000000003,0.0,11.68,11,0.7272727272727273,2.3454545454545457
Ron Keslar,11,9,0,0.12027582548733588,0.0,0.0,2.05,0.6,0.0,0.0,1.0,7.7,Light Heavyweight,41.277864992150704,0.6674641148325355,0.43297262375837825,1.2207125640782497,,0.0,-0.21749999999999994,0.0,7.8,20,0.55,4.11
Ansar Chalangov,14,5,0,0.09773239623392123,0.68,0.66,1.69,0.54,0.0,0.0,0.0,7.6,Middleweight,45.0,0.5968489341983318,0.3103448275862067,1.0049261580184599,,0.0,0.12950000000000006,0.0,7.6,19,0.7368421052631579,3.947368421052632
Jeremiah Constant,11,8,0,0.20299031958626176,1.5,0.75,3.25,0.43,0.0,0.0,0.0,7.5,Heavyweight,50.0,0.7320261437908496,0.4482758620689653,1.3832923254460767,,0.0,0.10200000000000004,0.0,7.5,19,0.5789473684210527,3.9157894736842107
Paul Sass,14,2,0,0.07518896698050656,0.53,0.26,1.9,0.51,0.53,0.16,0.33,7.4,Welterweight,36.0,0.5769230769230766,0.41379310344827575,1.065905147351859,4379.0,0.0,-0.023999999999999966,0.8,8.187,16,0.875,3.375
Eddy Millis,0,2,0,0.12027582548733588,0.0,0.0,3.36,0.22,0.0,0.0,0.0,7.2,Light Heavyweight,41.277864992150704,0.6674641148325355,0.4482758620689653,1.2360158023888368,,0.0,-0.471,0.0,7.2,2,0.0,0.4
James Lee,15,3,0,0.15037793396101312,1.4,0.42,3.72,0.27,13.95,0.5,0.0,7.0,Light Heavyweight,51.0,0.6674641148325355,0.3793103448275862,1.1971523936211348,,0.0,-0.08350000000000007,0.0,21.025,18,0.8333333333333334,3.7666666666666666
Mikhail Iloukhine,30,11,1,0.15037793396101312,0.16,0.2,2.95,0.26,0.0,0.0,0.0,7.0,Light Heavyweight,58.0,0.6674641148325355,0.3103448275862067,1.1281868763797553,,0.0,-0.3235,0.0,7.0,42,0.7142857142857143,8.542857142857143
Kyle Jensen,4,11,2,0.09773239623392123,0.0,0.0,0.92,0.6,6.92,1.0,0.0,6.9,Middleweight,45.0,0.5968489341983318,0.3103448275862067,1.0049261580184599,,0.0,-0.048000000000000015,0.0,13.97,17,0.23529411764705882,3.447058823529412
Ilya Kotau,1,2,0,0.09773239623392123,3.94,0.4,4.38,0.44,6.57,1.0,1.0,6.6,Middleweight,39.515151515151516,0.5968489341983318,0.3835561420620804,1.0781374724943333,,0.0,0.4740000000000001,0.0,13.42,3,0.3333333333333333,0.6666666666666667
Trevor Harris,2,2,0,0.06013791274366793,1.73,0.5,0.43,0.75,0.0,0.0,0.5,6.5,Featherweight,35.8830242510699,0.4423076923076923,0.20689655172413768,0.7093421567754978,,0.0,0.5805,0.0,6.55,4,0.5,0.9
Jinnosuke Kashimura,4,2,0,0.07518896698050656,0.21,0.5,7.37,0.25,3.16,1.0,0.0,6.3,Welterweight,23.0,0.5,0.24137931034482762,0.8165682773253342,,0.0,-0.9155,0.0,9.61,6,0.6666666666666666,1.3333333333333335
Jason Black,23,4,1,0.07518896698050656,1.06,0.47,2.6,0.45,0.48,0.33,0.28,6.2,Welterweight,52.0,0.5218723584108196,0.2758620689655172,0.8729233943568433,,0.0,0.03649999999999998,0.0,6.7575,28,0.8214285714285714,5.764285714285715
Francisco France,13,5,1,0.15037793396101312,0.54,0.33,3.51,0.27,0.0,0.0,0.0,6.1,Light Heavyweight,41.277864992150704,0.6674641148325355,0.41379310344827575,1.2316351522418243,,0.0,-0.2849999999999999,0.0,6.1,19,0.6842105263157895,3.936842105263158
John Albert,6,5,0,0.045086858506829315,3.05,0.49,2.82,0.35,0.0,0.0,0.5,6.1,Featherweight,38.0,0.3846153846153846,0.2758620689655172,0.7055643120877311,4218.0,20.0,5.49,0.8,6.35,11,0.5454545454545454,2.309090909090909
Daniel Swain,20,10,1,0.06013791274366793,0.8,0.44,3.2,0.4,0.0,0.0,0.0,6.0,Featherweight,34.0,0.4615384615384617,0.3103448275862067,0.8320212018683363,,0.0,-0.13199999999999995,0.0,6.0,31,0.6451612903225806,6.329032258064516
Neiman Gracie,6,0,0,0.09773239623392123,0.77,1.0,0.38,0.75,5.77,1.0,0.0,5.8,Middleweight,39.515151515151516,0.5968489341983318,0.41379310344827575,1.1083744338805288,,0.0,0.448,0.0,11.719999999999999,6,1.0,1.4000000000000001
Shamil Gaziev,11,0,0,0.24058480307651503,1.52,1.0,0.0,0.0,0.0,0.0,0.0,5.7,Heavyweight,35.0,0.7692307692307692,0.5517241379310344,1.5615397102383186,193.0,33.33333333333333,8.913333333333332,0.0,5.7,11,1.0,2.4000000000000004
Masakatsu Funaki,39,13,2,0.12027582548733588,1.82,0.68,2.92,0.35,0.0,0.0,0.0,5.5,Light Heavyweight,55.0,0.6674641148325355,0.41379310344827575,1.2015330437681473,,0.0,0.20549999999999996,0.0,5.5,54,0.7222222222222222,10.944444444444445
David Terrell,6,2,0,0.12027582548733588,2.34,0.63,2.71,0.37,5.54,0.5,0.0,5.5,Light Heavyweight,47.0,0.6674641148325355,0.4482758620689653,1.2360158023888368,,0.0,0.36,0.0,11.115,8,0.75,1.75
Rob MacDonald,5,4,0,0.15037793396101312,1.8,0.5,2.04,0.46,7.19,0.8,0.8,5.4,Light Heavyweight,46.0,0.7692307692307692,0.5172413793103448,1.436850082502127,,0.0,0.313,0.0,12.790000000000001,9,0.5555555555555556,1.9111111111111112
Nick Barnes,11,2,0,0.09773239623392123,2.86,0.29,8.93,0.51,5.36,1.0,1.0,5.4,Middleweight,39.515151515151516,0.5968489341983318,0.3793103448275862,1.0738916752598393,,0.0,-0.49,0.0,11.010000000000002,13,0.8461538461538461,2.769230769230769
Matt Arroyo,3,3,0,0.09773239623392123,1.62,0.47,2.01,0.58,2.12,0.36,1.0,5.3,Middleweight,42.0,0.5384615384615383,0.34482758620689663,0.9810215209023562,,0.0,0.28450000000000003,0.0,7.574,6,0.5,1.3000000000000003
Diego Lopes,23,6,0,0.06013791274366793,2.47,0.53,4.91,0.37,0.0,0.0,0.42,5.3,Featherweight,30.0,0.5384615384615383,0.3793103448275862,0.9779097960327925,151.0,33.33333333333333,8.375833333333333,0.16666666666666666,5.383666666666667,29,0.7931034482758621,5.958620689655173
Colin Robinson,10,12,0,0.2074990054369447,6.19,0.69,7.91,0.37,2.58,1.0,0.5,5.2,Heavyweight,56.0,0.7320261437908496,0.5517241379310344,1.4912492871588285,,0.0,0.5545000000000002,0.0,7.98,22,0.45454545454545453,4.490909090909091
Nick Garcia,8,3,0,0.030068956371833978,0.67,0.25,3.03,0.5,0.0,0.0,0.83,5.1,Flyweight,33.27091633466136,0.34781884781884764,0.1379310344827586,0.5158188386734402,,0.0,-0.16199999999999992,0.0,5.183,11,0.7272727272727273,2.3454545454545457
Justin Levens,10,7,0,0.12027582548733588,1.24,0.47,3.15,0.37,1.69,0.5,0.33,5.1,Light Heavyweight,44.0,0.6674641148325355,0.3793103448275862,1.1670502851474576,,0.0,-0.012999999999999956,0.0,6.898,17,0.5882352941176471,3.51764705882353
Mike Ciesnolevicz,19,4,0,0.19546479246784249,0.51,0.5,4.62,0.57,0.0,0.0,0.2,5.1,Heavyweight,45.0,0.7320261437908496,0.41379310344827575,1.3412840397069679,,0.0,-0.37999999999999995,0.0,5.119999999999999,23,0.8260869565217391,4.765217391304349
Magno Almeida,10,3,0,0.07518896698050656,1.67,0.36,2.6,0.41,0.0,0.0,0.4,5.0,Welterweight,38.13361169102296,0.5218723584108196,0.41379310344827575,1.0108544288396017,,0.0,0.16099999999999992,0.0,5.04,13,0.7692307692307693,2.753846153846154
George Pacurariu,10,5,0,0.045086858506829315,4.69,0.53,2.68,0.63,5.03,1.0,1.0,5.0,Featherweight,35.8830242510699,0.4423076923076923,0.24137931034482762,0.7287738611593493,,0.0,0.9710000000000002,0.0,10.280000000000001,15,0.6666666666666666,3.1333333333333333
Ronaldo Candido,6,0,0,0.030068956371833978,1.67,0.42,3.87,0.52,8.0,0.53,0.0,5.0,Flyweight,35.0,0.34781884781884764,0.20689655172413768,0.5847843559148194,,0.0,-0.001000000000000112,0.0,13.0795,6,1.0,1.4000000000000001
Alex Schoenauer,15,10,0,0.12027582548733588,1.22,0.4,2.27,0.42,0.0,0.0,0.22,4.9,Light Heavyweight,48.0,0.6674641148325355,0.5172413793103448,1.3049813196302162,,0.0,0.10750000000000004,0.0,4.922000000000001,25,0.6,5.12
Justin Guthrie,18,9,0,0.09773239623392123,0.16,0.33,3.74,0.14,2.44,0.25,0.0,4.9,Middleweight,39.515151515151516,0.5968489341983318,0.4482758620689653,1.1428571925012183,,0.0,-0.43400000000000005,0.0,7.3775,27,0.6666666666666666,5.533333333333334
Billy Pasulatan,10,3,0,0.030068956371833978,0.65,0.2,5.22,0.48,0.0,0.0,0.0,4.9,Flyweight,33.0,0.3076923076923075,0.17241379310344812,0.5101750571675896,,0.0,-0.5085,0.0,4.9,13,0.7692307692307693,2.753846153846154
Aaron Ely,5,2,0,0.045086858506829315,0.82,0.15,0.66,0.69,2.47,1.0,0.5,4.9,Featherweight,35.8830242510699,0.4423076923076923,0.2758620689655172,0.7632566197800388,,0.0,0.23949999999999996,0.0,7.57,7,0.7142857142857143,1.542857142857143
Shohei Nose,10,4,2,0.045086858506829315,2.48,0.4,3.61,0.53,3.23,0.17,0.0,4.8,Featherweight,27.0,0.3846153846153846,0.20689655172413768,0.6365987948463516,,0.0,0.238,0.0,8.0555,16,0.625,3.325
TJ Waldburger,16,9,0,0.09773239623392123,2.02,0.51,2.39,0.4,3.03,0.46,0.4,4.8,Middleweight,36.0,0.6538461538461537,0.3793103448275862,1.1308888949076612,4008.0,37.5,9.6835,0.375,8.03275,25,0.64,5.128
Ronda Rousey,12,2,0,0.045086858506829315,4.17,0.52,4.14,0.44,6.26,0.68,0.5,4.8,Featherweight,38.0,0.3076923076923075,0.24137931034482762,0.5941584765439645,2966.0,62.5,16.2165,0.375,11.30575,14,0.8571428571428571,2.9714285714285715
Nik Theotikos,6,2,0,0.12027582548733588,0.0,0.0,5.48,0.19,0.0,0.0,0.0,4.8,Light Heavyweight,41.277864992150704,0.6674641148325355,0.43297262375837825,1.2207125640782497,,0.0,-0.7935000000000001,0.0,4.8,8,0.75,1.75
Valentijn Overeem,30,32,0,0.18797241745126642,0.93,0.34,1.49,0.58,1.86,0.5,0.0,4.7,Heavyweight,48.0,0.7320261437908496,0.5172413793103448,1.4372399405524607,,0.0,0.16399999999999995,0.0,6.635,62,0.4838709677419355,12.496774193548388
Keith Rockel,12,4,1,0.12027582548733588,1.13,0.73,0.21,0.66,4.63,0.75,1.0,4.6,Light Heavyweight,41.277864992150704,0.6674641148325355,0.41379310344827575,1.2015330437681473,,0.0,0.496,0.0,9.442499999999999,17,0.7058823529411765,3.5411764705882356
Mark Hughes,6,2,0,0.15037793396101312,0.9,0.47,0.4,0.42,3.0,0.5,0.0,4.5,Light Heavyweight,51.0,0.6674641148325355,0.3103448275862067,1.1281868763797553,,0.0,0.322,0.0,7.575,8,0.75,1.75
Jimmy Flick,16,7,0,0.030068956371833978,1.99,0.5,5.05,0.38,1.66,0.27,0.0,4.4,Flyweight,34.0,0.3846153846153846,0.24137931034482762,0.6560636513320461,242.0,40.0,9.897,0.2,6.1505,23,0.6956521739130435,4.739130434782609
Kaline Medeiros,8,5,0,0.01501790213499534,2.06,0.7,0.29,0.83,4.41,1.0,0.0,4.4,Strawweight,33.46363636363636,0.21923076923076928,0.10344827586206903,0.33769694722783367,,0.0,0.736,0.0,8.96,13,0.6153846153846154,2.723076923076923
Takeru Uchida,6,1,0,0.030068956371833978,0.0,0.0,0.0,0.0,0.0,0.0,0.0,4.4,Flyweight,22.0,0.3846153846153846,0.17241379310344812,0.5870981340906667,,0.0,0.0,0.0,4.4,7,0.8571428571428571,1.5714285714285716
Joe Pearson,45,30,1,0.06013791274366793,0.59,0.18,3.51,0.33,0.0,0.0,0.0,4.4,Featherweight,46.0,0.4423076923076923,0.34482758620689663,0.8472731912582568,,0.0,-0.2935,0.0,4.4,76,0.5921052631578947,15.31842105263158
Jordan Bailey,6,3,0,0.06013791274366793,1.74,0.4,0.29,0.0,4.35,1.0,0.0,4.3,Featherweight,35.8830242510699,0.4423076923076923,0.3103448275862067,0.8127904326375669,,0.0,0.47150000000000003,0.0,8.8,9,0.6666666666666666,1.9333333333333333
Branden Lee Hinkle,17,11,0,0.19546479246784249,2.61,0.69,3.91,0.26,4.34,0.57,0.66,4.3,Heavyweight,51.0,0.7320261437908496,0.5172413793103448,1.4447323155690368,,0.0,0.243,0.0,8.7915,28,0.6071428571428571,5.7214285714285715
Goiti Yamauchi,21,3,0,0.06013791274366793,1.66,0.54,1.01,0.66,0.0,0.0,0.0,4.3,Featherweight,35.8830242510699,0.4423076923076923,0.34482758620689663,0.8472731912582568,,0.0,0.47050000000000003,0.0,4.3,24,0.875,4.9750000000000005
Wayne Cole,16,25,0,0.15037793396101312,0.57,0.2,8.33,0.27,4.31,0.25,0.0,4.3,Light Heavyweight,41.277864992150704,0.6674641148325355,0.4482758620689653,1.266117910862514,,0.0,-1.0265,0.0,8.647499999999999,41,0.3902439024390244,8.278048780487806
Jason Glaza,3,2,0,0.18797241745126642,4.34,0.54,0.43,0.4,4.34,1.0,0.0,4.3,Heavyweight,44.17465753424658,0.7320261437908496,0.41379310344827575,1.3337916646903918,,0.0,1.1885000000000001,0.0,8.79,5,0.6,1.12
Bret Bergmark,6,1,1,0.09773239623392123,2.78,0.52,2.78,0.37,4.17,1.0,0.5,4.2,Middleweight,39.515151515151516,0.5968489341983318,0.3103448275862067,1.0049261580184599,,0.0,0.43749999999999994,0.0,8.57,8,0.75,1.75
Genki Sudo,15,4,2,0.07518896698050656,1.55,0.39,2.23,0.33,3.58,0.6,0.5,4.2,Welterweight,46.0,0.5218723584108196,0.3103448275862067,0.9074061529775328,,0.0,0.18050000000000005,0.0,7.92,21,0.7142857142857143,4.342857142857143
Yasuhito Namekawa,25,16,4,0.15037793396101312,0.14,0.5,3.65,0.38,2.11,0.25,0.0,4.2,Light Heavyweight,50.0,0.6674641148325355,0.3103448275862067,1.1281868763797553,,0.0,-0.3555,0.0,6.3475,45,0.5555555555555556,9.11111111111111
Sean McCorkle,17,7,0,0.24058480307651503,0.85,0.44,2.48,0.52,2.12,0.4,0.33,4.2,Heavyweight,48.0,0.8846153846153846,0.6551724137931033,1.780372601485003,5072.0,33.33333333333333,8.339833333333333,0.6666666666666666,6.579666666666667,24,0.7083333333333334,4.941666666666667
Jeremy Lang,21,2,0,0.15037793396101312,1.13,0.5,1.41,0.42,4.22,0.6,0.0,4.2,Light Heavyweight,49.0,0.6674641148325355,0.3793103448275862,1.1971523936211348,,0.0,0.23399999999999996,0.0,8.51,23,0.9130434782608695,4.782608695652175
Rene Kronvold,5,1,0,0.09773239623392123,0.82,1.0,2.47,0.6,0.0,0.0,0.66,4.1,Middleweight,39.515151515151516,0.5968489341983318,0.2758620689655172,0.9704433993977702,,0.0,0.1245,0.0,4.1659999999999995,6,0.8333333333333334,1.366666666666667
Victor Hugo,24,4,0,0.045086858506829315,1.24,0.34,1.1,0.65,2.06,0.5,0.66,4.1,Featherweight,32.0,0.5,0.24137931034482762,0.786466168851657,109.0,0.0,0.3105,0.0,6.301,28,0.8571428571428571,5.771428571428572
Kain Royer,2,2,0,0.12027582548733588,0.0,0.0,1.63,0.14,0.0,0.0,0.0,4.1,Light Heavyweight,41.277864992150704,0.6674641148325355,0.43297262375837825,1.2207125640782497,,0.0,-0.22349999999999998,0.0,4.1,4,0.5,0.9
Rousimar Palhares,19,8,0,0.09773239623392123,1.75,0.51,2.04,0.59,3.93,0.45,0.0,4.1,Middleweight,44.0,0.5,0.2758620689655172,0.8735944651994384,4144.0,37.5,9.697000000000001,0.5,8.2225,27,0.7037037037037037,5.540740740740741
Clay Mitchell,1,2,0,0.12027582548733588,1.63,0.85,0.0,0.0,0.0,0.0,1.0,4.1,Light Heavyweight,41.277864992150704,0.6674641148325355,0.48275862068965525,1.2704985610095267,,0.0,0.5775,0.0,4.199999999999999,3,0.3333333333333333,0.6666666666666667
Karine Silva,17,4,0,0.030068956371833978,3.37,0.35,3.37,0.5,2.45,0.6,0.0,4.1,Flyweight,31.0,0.34615384615384626,0.17241379310344812,0.5486365956291284,88.0,0.0,0.482,0.6,6.79,21,0.8095238095238095,4.361904761904762
Dustin Hazelett,12,7,0,0.09773239623392123,2.24,0.4,3.51,0.46,0.55,0.5,0.25,4.1,Middleweight,38.0,0.6923076923076921,0.4482758620689653,1.2383159506105788,5177.0,50.0,12.6825,0.5,4.875,19,0.631578947368421,3.9263157894736844
HanSeul Kim,13,5,0,0.09773239623392123,6.93,0.45,8.09,0.5,0.0,0.0,0.0,4.0,Middleweight,34.0,0.6153846153846154,0.4482758620689653,1.161392873687502,,0.0,0.6839999999999999,0.0,4.0,18,0.7222222222222222,3.7444444444444445
Marcus Hicks,10,4,0,0.07518896698050656,1.42,0.43,3.06,0.61,2.7,0.53,0.25,4.0,Welterweight,49.0,0.23076923076923084,0.20689655172413768,0.5128547494738751,,0.0,0.07350000000000001,0.0,6.8045,14,0.7142857142857143,2.942857142857143
Dan Evensen,11,4,0,0.21804137382310043,0.27,0.1,3.86,0.38,0.0,0.0,0.0,4.0,Heavyweight,50.0,0.7320261437908496,0.5172413793103448,1.467308896924295,,0.0,-0.43449999999999994,0.0,4.0,15,0.7333333333333333,3.1466666666666665
Ralph Gracie,6,1,0,0.1172921363214428,0.86,0.37,1.72,0.31,0.0,0.0,0.25,4.0,Middleweight,39.515151515151516,0.5968489341983318,0.3103448275862067,1.0244858981059815,,0.0,0.07749999999999996,0.0,4.025,7,0.8571428571428571,1.5714285714285716
Charlie Kohler,8,4,1,0.07518896698050656,0.81,0.33,4.31,0.46,0.0,0.0,0.0,4.0,Welterweight,48.0,0.5218723584108196,0.3103448275862067,0.9074061529775328,,0.0,-0.30899999999999994,0.0,4.0,13,0.6153846153846154,2.723076923076923
Alberto Crane,15,5,0,0.07518896698050656,0.43,0.25,2.61,0.57,0.0,0.0,0.5,4.0,Welterweight,48.0,0.5218723584108196,0.17241379310344812,0.7694751184947742,,0.0,-0.14849999999999997,0.0,4.05,20,0.75,4.15
Mike Hayes,20,12,2,0.18797241745126642,4.87,0.55,1.47,0.77,0.0,0.0,0.75,4.0,Heavyweight,44.17465753424658,0.7320261437908496,0.5517241379310344,1.4717226991731502,,0.0,1.2225000000000001,0.0,4.075,34,0.5882352941176471,6.91764705882353
Steve Byrnes,6,1,0,0.09773239623392123,1.2,0.51,2.67,0.27,3.0,0.6,0.0,4.0,Middleweight,39.515151515151516,0.5968489341983318,0.41379310344827575,1.1083744338805288,,0.0,0.04200000000000004,0.0,7.09,7,0.8571428571428571,1.5714285714285716
Aliaskhab Khizriev,14,0,0,0.12027582548733588,6.03,0.64,4.36,0.62,5.77,0.6,1.0,3.9,Light Heavyweight,34.0,0.6153846153846154,0.3103448275862067,1.046005268458158,1054.0,0.0,1.0745,1.0,10.11,14,1.0,3.0000000000000004
Torrez Finney,7,0,0,0.12027582548733588,0.91,0.58,2.33,0.47,13.61,0.63,0.0,3.9,Light Heavyweight,26.0,0.6538461538461537,0.2758620689655172,1.0499840482990068,,0.0,0.06450000000000006,0.0,17.604499999999998,7,1.0,1.6
Bill Mahood,20,7,1,0.14285240684259382,1.54,0.85,3.59,0.17,0.0,0.0,0.0,3.9,Light Heavyweight,58.0,0.6674641148325355,0.5172413793103448,1.327557900985474,,0.0,0.04200000000000004,0.0,3.9,28,0.7142857142857143,5.742857142857144
Marius Enache,3,3,0,0.07518896698050656,1.71,0.34,0.66,0.84,3.94,1.0,0.0,3.9,Welterweight,38.13361169102296,0.5218723584108196,0.3793103448275862,0.9763716702189124,,0.0,0.5225,0.0,7.99,6,0.5,1.3000000000000003
Abongo Humphrey,7,3,0,0.15037793396101312,1.45,0.4,3.83,0.46,1.41,0.37,0.33,3.8,Light Heavyweight,41.277864992150704,0.6674641148325355,0.3793103448275862,1.1971523936211348,,0.0,-0.06299999999999994,0.0,5.2985,10,0.7,2.14
Antonio Trocoli,12,3,0,0.15037793396101312,1.27,0.71,4.56,0.25,3.8,1.0,1.0,3.8,Light Heavyweight,34.0,0.9230769230769229,0.5862068965517243,1.6596617535896603,95.0,50.0,12.313,0.5,7.975,15,0.8,3.16
Hector Urbina,17,10,1,0.09773239623392123,0.97,0.38,2.44,0.39,0.0,0.0,0.38,3.8,Middleweight,37.0,0.5769230769230766,0.3793103448275862,1.053965817984584,3063.0,33.33333333333333,8.344333333333333,0.3333333333333333,3.921333333333333,28,0.6071428571428571,5.7214285714285715
Gabriel Bonfim,15,1,0,0.09773239623392123,4.87,0.4,5.25,0.59,4.75,0.71,1.0,3.8,Middleweight,27.0,0.5384615384615383,0.4482758620689653,1.084469796764425,214.0,25.0,6.8485000000000005,0.5,8.881499999999999,16,0.9375,3.3875
James Wilks,7,4,0,0.09773239623392123,1.82,0.45,2.03,0.5,1.27,0.22,0.66,3.8,Middleweight,46.0,0.6538461538461537,0.4482758620689653,1.1998544121490404,5233.0,0.0,0.31550000000000006,0.0,5.169,11,0.6363636363636364,2.3272727272727276
Assu Almabayev,18,2,0,0.030068956371833978,3.18,0.65,0.49,0.77,3.67,0.4,0.0,3.7,Flyweight,31.0,0.26923076923076916,0.1379310344827586,0.43723076008536177,,0.0,0.967,0.0,7.43,20,0.9,4.18
Nyamjargal Tumendemberel,8,0,0,0.030068956371833978,4.43,0.44,3.62,0.45,4.68,0.38,0.14,3.7,Flyweight,26.0,0.5,0.24137931034482762,0.7714482667166616,81.0,0.0,0.7199999999999999,0.0,8.451,8,1.0,1.8
Jaqueline Amorim,7,1,0,0.01501790213499534,3.42,0.52,1.81,0.62,1.57,0.23,0.0,3.7,Strawweight,29.0,0.3846153846153846,0.10344827586206903,0.503081562612449,158.0,25.0,7.0305,0.5,5.4295,8,0.875,1.7750000000000001
HyunSung Park,8,0,0,0.030068956371833978,3.51,0.48,2.62,0.59,2.23,0.3,1.0,3.7,Flyweight,29.0,0.3076923076923075,0.24137931034482762,0.579140574408969,431.0,50.0,13.168999999999999,0.5,6.2,8,1.0,1.8
Igor Gracie,5,4,0,0.09773239623392123,1.86,0.6,0.99,0.5,3.72,0.5,0.0,3.7,Middleweight,39.515151515151516,0.5968489341983318,0.3793103448275862,1.0738916752598393,,0.0,0.5115,0.0,7.495000000000001,9,0.5555555555555556,1.9111111111111112
Brady Fink,2,3,0,0.1172921363214428,1.69,0.41,1.69,0.61,3.63,0.25,0.0,3.6,Middleweight,39.515151515151516,0.5968489341983318,0.41379310344827575,1.1279341739680504,,0.0,0.34249999999999997,0.0,7.2675,5,0.4,1.08
Tatsuya Mizuno,16,12,1,0.15037793396101312,2.25,0.37,3.52,0.53,1.19,0.25,0.4,3.6,Light Heavyweight,43.0,0.6674641148325355,0.4482758620689653,1.266117910862514,,0.0,0.18799999999999994,0.0,4.8675,29,0.5517241379310345,5.910344827586208
Per Eklund,14,5,1,0.07518896698050656,2.07,0.61,2.38,0.67,2.07,0.11,0.5,3.6,Welterweight,38.13361169102296,0.5384615384615383,0.34482758620689663,0.9584780916489415,,0.0,0.383,0.0,5.7364999999999995,20,0.7,4.14
Brennan Ward,14,5,0,0.09773239623392123,7.2,0.6,2.76,0.52,0.0,0.0,1.0,3.6,Middleweight,39.515151515151516,0.5,0.34482758620689663,0.9425599824408178,,0.0,1.584,0.0,3.7,19,0.7368421052631579,3.947368421052632
Ken Kaneko,0,3,0,0.08420633868187243,0.0,0.0,0.94,0.42,0.0,0.0,0.0,3.5,Welterweight,38.13361169102296,0.5218723584108196,0.41379310344827575,1.0198718005409677,,0.0,-0.07799999999999999,0.0,3.5,3,0.0,0.6000000000000001
Rolando Delgado,11,6,1,0.07518896698050656,1.56,0.4,1.83,0.62,1.17,0.22,0.0,3.5,Welterweight,43.0,0.7307692307692308,0.5172413793103448,1.3231995770600822,,0.0,0.28850000000000003,0.0,4.702999999999999,18,0.6111111111111112,3.7222222222222223
Mike King,5,1,0,0.12027582548733588,4.44,0.58,1.29,0.72,1.75,0.25,0.4,3.5,Light Heavyweight,41.277864992150704,0.6674641148325355,0.5172413793103448,1.3049813196302162,3861.0,0.0,1.1405,1.0,5.577500000000001,6,0.8333333333333334,1.366666666666667
Kit Cope,6,7,0,0.09773239623392123,1.18,0.52,2.12,0.35,0.0,0.0,0.5,3.5,Middleweight,47.0,0.5968489341983318,0.41379310344827575,1.1083744338805288,,0.0,0.1335,0.0,3.55,13,0.46153846153846156,2.6923076923076925
Chris Sanford,5,1,0,0.12027582548733588,0.23,0.5,3.22,0.17,0.0,0.0,0.0,3.5,Light Heavyweight,56.0,0.6674641148325355,0.3793103448275862,1.1670502851474576,,0.0,-0.3,0.0,3.5,6,0.8333333333333334,1.366666666666667
Junie Browning,5,6,0,0.07518896698050656,3.76,0.48,1.76,0.66,3.53,0.66,0.0,3.5,Welterweight,40.0,0.5218723584108196,0.3103448275862067,0.9074061529775328,,0.0,0.871,0.0,7.129,11,0.45454545454545453,2.290909090909091
Preston Parsons,10,4,0,0.09773239623392123,4.14,0.56,3.76,0.49,3.11,0.33,1.0,3.5,Middleweight,29.0,0.5,0.3793103448275862,0.9770427410615075,200.0,20.0,5.656499999999999,0.0,6.7595,14,0.7142857142857143,2.942857142857143
Mike Budnik,13,4,0,0.06013791274366793,0.65,0.52,0.95,0.53,0.0,0.0,0.0,3.4,Featherweight,50.0,0.3846153846153846,0.3103448275862067,0.7550981249452592,,0.0,0.20350000000000004,0.0,3.4,17,0.7647058823529411,3.5529411764705885
Zhang Tiequan,15,4,0,0.07518896698050656,1.23,0.36,2.14,0.51,1.95,0.58,0.75,3.4,Welterweight,46.0,0.4230769230769229,0.2758620689655172,0.7741279590229466,,0.0,0.135,0.0,5.5120000000000005,19,0.7894736842105263,3.9578947368421056
Shannon Gugerty,15,7,0,0.07518896698050656,1.25,0.39,1.88,0.58,2.13,0.27,0.5,3.4,Welterweight,43.0,0.5,0.34482758620689663,0.9200165531874032,5442.0,0.0,0.19550000000000006,1.0,5.8705,22,0.6818181818181818,4.536363636363637
Allen Berube,4,3,0,0.07518896698050656,0.92,0.8,0.92,0.33,6.87,1.0,0.0,3.4,Welterweight,50.0,0.5218723584108196,0.2758620689655172,0.8729233943568433,,0.0,0.3015,0.0,10.42,7,0.5714285714285714,1.5142857142857145
Tim Credeur,12,4,0,0.12027582548733588,3.59,0.3,3.13,0.57,0.41,1.0,0.5,3.3,Light Heavyweight,47.0,0.6538461538461537,0.5172413793103448,1.2913633586438342,5002.0,100.0,25.5735,0.0,3.9099999999999997,16,0.75,3.35
Daisuke Sugie,10,8,1,0.08268134199708259,0.0,0.0,0.22,0.8,3.27,0.5,0.0,3.3,Welterweight,38.13361169102296,0.5218723584108196,0.20689655172413768,0.8114502521320399,,0.0,0.087,0.0,6.645,19,0.5263157894736842,3.905263157894737
Herbert Burns,11,4,0,0.06013791274366793,1.61,0.51,4.74,0.3,3.92,0.75,0.6,3.3,Featherweight,37.0,0.5769230769230766,0.3103448275862067,0.9474058172529513,179.0,66.66666666666666,16.505166666666668,0.16666666666666666,7.434166666666666,15,0.7333333333333333,3.1466666666666665
Edwin DeWees,38,17,0,0.12027582548733588,1.53,0.33,6.19,0.39,2.18,0.66,0.0,3.3,Light Heavyweight,42.0,0.6674641148325355,0.4482758620689653,1.2360158023888368,,0.0,-0.4215,0.0,5.579000000000001,55,0.6909090909090909,11.138181818181819
Ricardo Romero,11,3,0,0.15037793396101312,2.17,0.55,4.77,0.46,1.63,0.1,1.0,3.3,Light Heavyweight,46.0,0.6923076923076921,0.41379310344827575,1.256478729716981,4890.0,66.66666666666666,16.672666666666665,0.3333333333333333,5.128333333333333,14,0.7857142857142857,2.9571428571428573
Rob Broughton,16,7,1,0.24058480307651503,2.83,0.6,2.54,0.51,0.0,0.0,0.26,3.2,Heavyweight,41.0,0.6153846153846154,0.48275862068965525,1.3387280391507856,4848.0,0.0,0.523,0.3333333333333333,3.3093333333333335,24,0.6666666666666666,4.9333333333333345
Ryuichi Murata,8,3,1,0.1172921363214428,0.84,0.36,1.89,0.5,4.74,0.5,1.0,3.2,Middleweight,39.515151515151516,0.5968489341983318,0.2758620689655172,0.9900031394852918,,0.0,0.07350000000000001,0.0,8.115,12,0.6666666666666666,2.5333333333333337
Roman Zentsov,18,12,0,0.18797241745126642,1.18,0.36,0.53,0.7,1.6,1.0,0.33,3.2,Heavyweight,51.0,0.7320261437908496,0.4482758620689653,1.3682744233110813,,0.0,0.39249999999999996,0.0,4.9830000000000005,30,0.6,6.12
Dmitry Sosnovskiy,11,0,0,0.20299031958626176,2.95,0.7,2.53,0.35,3.16,0.66,1.0,3.2,Heavyweight,35.0,0.7307692307692308,0.5172413793103448,1.4510009296658373,2524.0,0.0,0.5505000000000001,1.0,6.809000000000001,11,1.0,2.4000000000000004
Jesse Taylor,31,15,0,0.09773239623392123,1.94,0.65,0.55,0.38,7.28,0.5,1.0,3.1,Middleweight,42.0,0.5769230769230766,0.41379310344827575,1.0884485766052736,2777.0,0.0,0.5894999999999999,1.0,10.805,46,0.6739130434782609,9.334782608695653
Alexandre Dantas,0,3,0,0.1999734783185254,0.21,0.25,1.87,0.6,0.0,0.0,0.0,3.1,Heavyweight,45.0,0.7320261437908496,0.48275862068965525,1.4147582427990302,,0.0,-0.08800000000000002,0.0,3.1,3,0.0,0.6000000000000001
Kevin Jousset,9,2,0,0.09773239623392123,6.02,0.5,8.1,0.33,3.11,1.0,0.0,3.1,Middleweight,31.0,0.6538461538461537,0.48275862068965525,1.2343371707697304,137.0,33.33333333333333,8.772833333333333,0.3333333333333333,6.4433333333333325,11,0.8181818181818182,2.3636363636363638
Manny Bermudez,14,2,0,0.06013791274366793,2.92,0.61,2.68,0.46,3.06,0.54,0.0,3.1,Featherweight,30.0,0.5,0.34482758620689663,0.9049654989505646,1944.0,0.0,0.519,0.8,6.441,16,0.875,3.375
Eric Lawson,9,5,0,0.12027582548733588,1.58,0.57,1.97,0.44,8.88,0.42,0.0,3.0,Light Heavyweight,41.277864992150704,0.6674641148325355,0.41379310344827575,1.2015330437681473,,0.0,0.27949999999999997,0.0,11.943000000000001,14,0.6428571428571429,2.928571428571429
Sidney Outlaw,8,4,0,0.09773239623392123,0.13,0.33,0.8,0.71,3.0,0.75,0.0,3.0,Middleweight,32.0,0.6153846153846154,0.2758620689655172,0.9889790805840538,,0.0,0.08500000000000002,0.0,6.1125,12,0.6666666666666666,2.5333333333333337
Maiquel Falcao,37,10,0,0.12027582548733588,1.67,0.55,0.53,0.86,1.0,1.0,0.71,3.0,Light Heavyweight,43.0,0.6674641148325355,0.3793103448275862,1.1670502851474576,5198.0,0.0,0.577,0.0,4.221,47,0.7872340425531915,9.557446808510639
Samandar Murodov,8,0,0,0.09773239623392123,3.41,0.8,0.8,0.0,3.01,1.0,0.0,3.0,Middleweight,25.0,0.6538461538461537,0.4482758620689653,1.1998544121490404,,0.0,0.8925000000000002,0.0,6.16,8,1.0,1.8
Katsuaki Furuki,1,1,0,0.09471555496618486,0.27,0.1,2.67,0.39,0.0,0.0,0.0,3.0,Welterweight,38.13361169102296,0.5218723584108196,0.41379310344827575,1.03038101682528,,0.0,-0.25449999999999995,0.0,3.0,2,0.5,0.5
Matt Secor,8,4,0,0.09773239623392123,0.51,0.2,0.81,0.5,3.03,1.0,0.0,3.0,Middleweight,39.515151515151516,0.5968489341983318,0.41379310344827575,1.1083744338805288,,0.0,0.121,0.0,6.18,12,0.6666666666666666,2.5333333333333337
Danny Mitchell,19,9,1,0.09773239623392123,2.53,0.49,2.53,0.52,0.0,0.0,1.0,3.0,Middleweight,38.0,0.5968489341983318,0.48275862068965525,1.1773399511219083,3826.0,0.0,0.42899999999999994,0.0,3.1,29,0.6551724137931034,5.931034482758621
Adam Piccolotti,9,0,0,0.07518896698050656,4.61,0.5,2.83,0.71,2.96,0.6,1.0,3.0,Welterweight,38.13361169102296,0.5218723584108196,0.3793103448275862,0.9763716702189124,,0.0,0.9345000000000002,0.0,6.15,9,1.0,2.0
Scott Shaffer,0,1,0,0.06013791274366793,2.4,0.67,0.53,0.5,0.0,0.0,0.72,3.0,Featherweight,35.8830242510699,0.4423076923076923,0.24137931034482762,0.7438249153961878,,0.0,0.7294999999999999,0.0,3.072,1,0.0,0.2
Raymond Daniels,0,1,0,0.12027582548733588,0.0,0.0,2.61,0.38,0.0,0.0,0.33,3.0,Light Heavyweight,41.277864992150704,0.6674641148325355,0.48275862068965525,1.2704985610095267,,0.0,-0.33449999999999996,0.0,3.033,1,0.0,0.2
Fabiano Iha,9,5,0,0.07518896698050656,1.73,0.47,2.49,0.42,2.88,0.4,0.5,2.9,Welterweight,54.0,0.5218723584108196,0.2758620689655172,0.8729233943568433,,0.0,0.21599999999999991,0.0,5.89,14,0.6428571428571429,2.928571428571429
Will Ribeiro,10,2,0,0.045086858506829315,1.83,0.28,1.64,0.74,1.15,1.0,0.5,2.9,Featherweight,41.0,0.4423076923076923,0.2758620689655172,0.7632566197800388,,0.0,0.37850000000000006,0.0,4.25,12,0.8333333333333334,2.566666666666667
Anthony Hernandez,11,2,0,0.12027582548733588,4.33,0.62,3.36,0.46,6.79,0.57,0.63,2.9,Light Heavyweight,31.0,0.6538461538461537,0.41379310344827575,1.1879150827817653,116.0,33.33333333333333,9.104833333333334,0.4444444444444444,9.94961111111111,13,0.8461538461538461,2.769230769230769
Marcus Jones,4,2,0,0.24058480307651503,1.94,0.52,2.71,0.58,8.71,0.75,0.0,2.9,Heavyweight,51.0,0.7320261437908496,0.6206896551724138,1.5933006020397786,,0.0,0.26949999999999996,0.0,11.722500000000002,6,0.6666666666666666,1.3333333333333335
Tatsuro Taira,14,0,0,0.030068956371833978,3.23,0.69,1.26,0.47,2.41,0.41,0.6,2.8,Flyweight,25.0,0.4615384615384617,0.24137931034482762,0.7329867282551232,123.0,14.285714285714285,4.398428571428571,0.2857142857142857,5.402928571428571,14,1.0,3.0000000000000004
Jason High,21,6,0,0.07518896698050656,1.28,0.42,1.56,0.48,2.36,0.63,0.37,2.8,Welterweight,43.0,0.5769230769230766,0.2758620689655172,0.9279741128691004,3903.0,20.0,5.242,0.4,5.391499999999999,27,0.7777777777777778,5.555555555555556
Mike Nickels,9,5,0,0.15037793396101312,4.44,0.52,1.11,0.64,11.11,0.8,0.0,2.8,Light Heavyweight,53.0,0.6674641148325355,0.5517241379310344,1.369566186724583,,0.0,1.1435000000000002,0.0,14.029999999999998,14,0.6428571428571429,2.928571428571429
Shaheen Santana,6,1,0,0.07518896698050656,0.82,0.42,1.65,0.4,0.0,0.0,0.0,2.8,Welterweight,33.0,0.6538461538461537,0.4482758620689653,1.1773109828956256,,0.0,0.1015,0.0,2.8,7,0.8571428571428571,1.5714285714285716
Sam Patterson,10,2,1,0.07518896698050656,2.56,0.36,3.98,0.44,0.0,0.0,0.33,2.8,Welterweight,28.0,0.7692307692307692,0.5172413793103448,1.3616611155216205,200.0,33.33333333333333,8.514333333333333,0.6666666666666666,2.9996666666666663,13,0.7692307692307693,2.753846153846154
Rei Tsuruya,8,0,0,0.030068956371833978,2.91,0.63,1.64,0.42,7.74,0.57,0.5,2.8,Flyweight,22.0,0.3846153846153846,0.20689655172413768,0.6215808927113562,228.0,0.0,0.6705000000000001,0.0,10.6755,8,1.0,1.8
Yoshiyuki Yoshida,18,9,0,0.09773239623392123,0.85,0.36,3.67,0.36,1.41,0.28,0.25,2.8,Middleweight,50.0,0.4615384615384617,0.3793103448275862,0.9385812025999691,5394.0,0.0,-0.21200000000000002,0.0,4.276999999999999,27,0.6666666666666666,5.533333333333334
Nadia Kassem,5,2,0,0.030068956371833978,3.13,0.41,4.48,0.48,0.46,0.33,0.4,2.8,Flyweight,29.0,0.3076923076923075,0.17241379310344812,0.5101750571675896,1957.0,33.33333333333333,8.597833333333332,0.3333333333333333,3.4328333333333334,7,0.7142857142857143,1.542857142857143
Rinya Nakamura,8,0,0,0.045086858506829315,4.23,0.54,1.78,0.7,4.23,0.85,1.0,2.8,Featherweight,29.0,0.3846153846153846,0.24137931034482762,0.6710815534670416,361.0,33.33333333333333,9.336833333333333,0.0,7.2575,8,1.0,1.8
Abel Cullum,20,6,0,0.05112054104230206,1.82,0.4,1.23,0.46,4.01,0.52,0.0,2.8,Featherweight,37.0,0.4423076923076923,0.24137931034482762,0.734807543694822,,0.0,0.4195000000000001,0.0,6.888,26,0.7692307692307693,5.353846153846154
Andre Galvao,5,2,0,0.09471555496618486,2.34,0.52,1.56,0.58,2.02,0.27,0.0,2.8,Welterweight,42.0,0.5218723584108196,0.24137931034482762,0.8579672237218321,,0.0,0.5419999999999999,0.0,4.8605,7,0.7142857142857143,1.542857142857143
Dan Lauzon,17,6,0,0.07518896698050656,1.34,0.25,4.09,0.61,1.63,0.33,0.8,2.7,Welterweight,36.0,0.5218723584108196,0.34482758620689663,0.9418889115982227,5373.0,0.0,-0.1369999999999999,0.0,4.4595,23,0.7391304347826086,4.747826086956522
Darrick Minner,26,14,0,0.06013791274366793,2.63,0.65,2.28,0.35,2.4,0.72,0.66,2.7,Featherweight,34.0,0.4230769230769229,0.24137931034482762,0.7245941461654184,830.0,33.33333333333333,8.831333333333331,0.16666666666666666,5.315666666666667,40,0.65,8.13
Edson Berto,17,12,1,0.07518896698050656,1.76,0.36,4.62,0.47,5.47,0.4,0.0,2.7,Welterweight,41.0,0.5218723584108196,0.20689655172413768,0.8039578771154638,,0.0,-0.11049999999999993,0.0,8.23,30,0.5666666666666667,6.113333333333333
Khamzat Chimaev,13,0,0,0.12027582548733588,5.72,0.58,3.46,0.42,3.99,0.46,1.0,2.7,Light Heavyweight,30.0,0.6538461538461537,0.48275862068965525,1.2568806000231447,109.0,12.5,4.215,0.5,6.984,13,1.0,2.8000000000000003
Carlton Jones,1,4,0,0.1804468903328471,2.32,0.41,3.58,0.56,4.02,0.5,0.57,2.7,Heavyweight,44.17465753424658,0.7320261437908496,0.4482758620689653,1.360748896192662,,0.0,0.20899999999999985,0.0,6.852,5,0.2,1.04
Charles Oliveira,34,9,0,0.07518896698050656,3.54,0.53,3.19,0.51,2.32,0.4,0.55,2.7,Welterweight,35.0,0.6153846153846154,0.34482758620689663,1.0354011685720186,88.0,18.181818181818183,5.134454545454545,0.6060606060606061,5.286515151515151,43,0.7906976744186046,8.758139534883721
Matt Horwich,30,25,1,0.12027582548733588,1.11,0.62,2.16,0.38,0.33,0.09,0.28,2.7,Light Heavyweight,46.0,0.6674641148325355,0.4482758620689653,1.2360158023888368,,0.0,0.1345,0.0,3.0715000000000003,56,0.5357142857142857,11.307142857142859
Charles McCarthy,10,5,0,0.12027582548733588,0.18,0.12,4.03,0.56,2.67,0.6,0.0,2.7,Light Heavyweight,44.0,0.5,0.34482758620689663,0.9651034116942325,,0.0,-0.4515,0.0,5.46,15,0.6666666666666666,3.1333333333333333
Jeff Bedard,13,3,0,0.06013791274366793,0.8,0.51,0.0,1.0,3.43,0.66,1.0,2.6,Featherweight,55.0,0.4423076923076923,0.20689655172413768,0.7093421567754978,,0.0,0.45200000000000007,0.0,6.229000000000001,16,0.8125,3.3625000000000003
Roybert Echeverria,7,1,0,0.030068956371833978,2.95,0.53,2.52,0.57,0.0,0.0,0.71,2.6,Flyweight,29.0,0.34615384615384626,0.17241379310344812,0.5486365956291284,,0.0,0.551,0.0,2.6710000000000003,8,0.875,1.7750000000000001
Julian Marquez,9,4,0,0.12027582548733588,4.86,0.44,4.99,0.51,0.0,0.0,0.53,2.6,Light Heavyweight,34.0,0.5384615384615383,0.48275862068965525,1.1414959846385293,249.0,42.857142857142854,11.345285714285714,0.14285714285714285,2.6887142857142856,13,0.6923076923076923,2.7384615384615385
Allan Goes,10,5,2,0.15037793396101312,0.64,0.52,1.35,0.41,1.75,0.4,0.0,2.6,Light Heavyweight,53.0,0.6674641148325355,0.41379310344827575,1.2316351522418243,,0.0,0.123,0.0,4.41,17,0.5882352941176471,3.51764705882353
Joseph Morales,9,2,0,0.030068956371833978,1.58,0.37,1.72,0.6,0.53,0.5,0.23,2.6,Flyweight,30.0,0.4230769230769229,0.20689655172413768,0.6600424311728945,2286.0,33.33333333333333,8.63433333333333,0.0,3.228,11,0.8181818181818182,2.3636363636363638
Nick Thompson,38,14,1,0.09773239623392123,1.87,0.42,1.8,0.49,1.06,1.0,0.35,2.6,Middleweight,43.0,0.6153846153846154,0.4482758620689653,1.161392873687502,,0.0,0.355,0.0,3.8449999999999998,53,0.7169811320754716,10.743396226415095
Dustin Pague,12,11,0,0.045086858506829315,1.65,0.53,2.96,0.41,1.03,0.44,0.55,2.6,Featherweight,37.0,0.6153846153846154,0.3103448275862067,0.9708163014776514,4134.0,33.33333333333333,8.469333333333331,0.16666666666666666,3.792666666666667,23,0.5217391304347826,4.704347826086957
Coty Wheeler,14,5,0,0.045086858506829315,1.88,0.22,3.16,0.59,0.87,0.37,0.33,2.6,Featherweight,46.0,0.34615384615384626,0.20689655172413768,0.5981372563848133,,0.0,0.12850000000000006,0.0,3.5585,19,0.7368421052631579,3.947368421052632
Lu Kai,8,5,0,0.06013791274366793,3.76,0.43,5.51,0.55,2.62,0.5,1.0,2.6,Featherweight,30.0,0.4230769230769229,0.3103448275862067,0.7935596634067975,,0.0,0.28200000000000014,0.0,5.3950000000000005,13,0.6153846153846154,2.723076923076923
Renato Sobral,37,11,0,0.15037793396101312,2.23,0.45,1.53,0.57,2.48,0.42,0.65,2.6,Light Heavyweight,49.0,0.6538461538461537,0.4482758620689653,1.2524999498761322,,0.0,0.5035000000000001,0.0,5.208,48,0.7708333333333334,9.754166666666668
Daniel Roberts,15,7,0,0.09773239623392123,0.73,0.2,2.27,0.46,2.46,0.44,0.4,2.5,Middleweight,44.0,0.6153846153846154,0.34482758620689663,1.0579445978254332,4772.0,14.285714285714285,3.5224285714285712,0.2857142857142857,5.137428571428571,22,0.6818181818181818,4.536363636363637
Keigo Kunihara,3,2,0,0.19546479246784249,0.17,0.1,1.99,0.57,4.97,0.4,1.0,2.5,Heavyweight,44.17465753424658,0.7320261437908496,0.41379310344827575,1.3412840397069679,,0.0,-0.1505,0.0,7.629999999999999,5,0.6,1.12
Jeimeson Saudino,8,5,0,0.045086858506829315,0.66,0.3,0.82,0.84,2.47,0.5,0.0,2.5,Featherweight,35.8830242510699,0.4423076923076923,0.20689655172413768,0.6942911025386593,,0.0,0.22799999999999998,0.0,5.045,13,0.6153846153846154,2.723076923076923
Marloes Coenen,23,8,0,0.06013791274366793,2.15,0.51,1.9,0.67,0.82,0.3,0.41,2.5,Featherweight,35.8830242510699,0.34615384615384626,0.3103448275862067,0.7166365864837209,,0.0,0.455,0.0,3.406,31,0.7419354838709677,6.348387096774194
Daniel Spohn,15,6,0,0.15037793396101312,2.42,0.49,1.6,0.53,0.0,0.0,0.28,2.5,Light Heavyweight,40.0,0.8076923076923075,0.5517241379310344,1.509794379584355,3874.0,0.0,0.5425,0.0,2.528,21,0.7142857142857143,4.342857142857143
Andre Petroski,10,3,0,0.12027582548733588,3.61,0.51,3.03,0.51,4.48,0.54,0.71,2.5,Light Heavyweight,33.0,0.5769230769230766,0.41379310344827575,1.1109920058586882,158.0,33.33333333333333,8.959833333333332,0.2222222222222222,7.187555555555556,13,0.7692307692307693,2.753846153846154
Dave Menne,45,17,2,0.09773239623392123,1.84,0.44,1.99,0.42,0.46,0.5,0.57,2.5,Middleweight,50.0,0.5968489341983318,0.34482758620689663,1.0394089166391498,,0.0,0.3125,0.0,3.092,64,0.703125,12.940625
Kyle Kurtz,7,5,0,0.09773239623392123,1.31,0.36,2.95,0.52,1.23,0.2,0.0,2.5,Middleweight,39.515151515151516,0.5968489341983318,0.3835561420620804,1.0781374724943333,,0.0,0.03500000000000003,0.0,3.76,12,0.5833333333333334,2.516666666666667
Renato Verissimo,7,5,0,0.09773239623392123,0.92,0.48,1.87,0.47,1.46,0.3,0.5,2.5,Middleweight,51.0,0.5968489341983318,0.4482758620689653,1.1428571925012183,,0.0,0.11599999999999999,0.0,4.055,12,0.5833333333333334,2.516666666666667
Ken Shamrock,28,17,2,0.15037793396101312,1.47,0.46,4.3,0.39,0.94,0.6,0.44,2.5,Light Heavyweight,61.0,0.5384615384615383,0.4482758620689653,1.1371153344915168,,0.0,-0.1269999999999999,0.0,3.574,47,0.5957446808510638,9.519148936170213
Lumumba Sayers,6,5,0,0.12027582548733588,2.54,0.41,2.37,0.48,7.63,0.75,0.0,2.5,Light Heavyweight,41.277864992150704,0.6674641148325355,0.41379310344827575,1.2015330437681473,,0.0,0.43349999999999994,0.0,10.2425,11,0.5454545454545454,2.309090909090909
Dale Hartt,6,3,0,0.07518896698050656,1.14,0.35,1.55,0.66,1.22,1.0,0.25,2.5,Welterweight,45.0,0.4230769230769229,0.34482758620689663,0.8430934762643261,,0.0,0.22149999999999997,0.0,3.8949999999999996,9,0.6666666666666666,1.9333333333333333
Thomas Petersen,8,1,0,0.2390929584935685,3.59,0.73,2.45,0.4,7.34,1.0,1.0,2.5,Heavyweight,29.0,0.6153846153846154,0.4482758620689653,1.302753435947149,207.0,0.0,0.736,0.0,10.09,9,0.8888888888888888,1.9777777777777779
Tom Murphy,8,0,0,0.18346373160058346,2.5,0.71,0.17,0.84,7.51,0.85,0.0,2.5,Heavyweight,50.0,0.7320261437908496,0.48275862068965525,1.3982484960810884,,0.0,0.8675,0.0,10.1375,8,1.0,1.8
Naoki Inoue,11,1,0,0.030068956371833978,3.67,0.35,3.37,0.6,0.0,0.0,0.6,2.5,Flyweight,27.0,0.5,0.3103448275862067,0.8404137839580407,2426.0,0.0,0.572,0.0,2.56,12,0.9166666666666666,2.583333333333334
Phil Cardella,8,5,0,0.07518896698050656,2.47,0.5,2.0,0.57,0.0,0.0,0.11,2.5,Welterweight,38.13361169102296,0.5218723584108196,0.3793103448275862,0.9763716702189124,,0.0,0.5030000000000001,0.0,2.511,13,0.6153846153846154,2.723076923076923
Clayton Carpenter,7,0,0,0.030068956371833978,4.5,0.51,2.85,0.6,2.47,0.5,0.0,2.5,Flyweight,28.0,0.3076923076923075,0.20689655172413768,0.5446578157882791,123.0,0.0,0.8895000000000002,1.0,5.295,7,1.0,1.6
Ivan Salaverry,14,9,0,0.12027582548733588,3.01,0.47,1.19,0.76,0.49,0.18,0.36,2.5,Light Heavyweight,54.0,0.6674641148325355,0.41379310344827575,1.2015330437681473,,0.0,0.7819999999999999,0.0,3.053,23,0.6086956521739131,4.721739130434783
Keisuke Fujiwara,17,12,5,0.05112054104230206,0.73,0.44,1.2,0.47,0.0,0.0,0.23,2.5,Featherweight,35.8830242510699,0.4423076923076923,0.20689655172413768,0.7003247850741321,,0.0,0.16100000000000003,0.0,2.523,34,0.5,6.9
Cody McKenzie,16,10,0,0.07518896698050656,1.74,0.34,2.5,0.67,2.5,0.25,0.14,2.5,Welterweight,37.0,0.5384615384615383,0.41379310344827575,1.0274436088903207,4078.0,14.285714285714285,3.7999285714285715,0.5714285714285714,5.194357142857143,26,0.6153846153846154,5.323076923076924
Tamdan McCrory,14,5,0,0.12027582548733588,2.07,0.49,1.6,0.46,2.28,0.5,0.33,2.5,Light Heavyweight,38.0,0.6923076923076921,0.5517241379310344,1.3643076557260623,3056.0,66.66666666666666,17.111166666666666,0.3333333333333333,4.971333333333333,19,0.7368421052631579,3.947368421052632
Liam McGeary,12,2,0,0.15037793396101312,1.28,0.48,1.92,0.5,0.51,1.0,0.0,2.5,Light Heavyweight,41.277864992150704,0.6674641148325355,0.6206896551724138,1.4385317039659624,,0.0,0.20300000000000007,0.0,3.16,14,0.8571428571428571,2.9714285714285715
Jailton Almeida,20,2,0,0.15037793396101312,2.78,0.64,0.52,0.43,5.14,0.55,0.75,2.4,Light Heavyweight,33.0,0.8076923076923075,0.5172413793103448,1.4753116209636654,256.0,37.5,10.1845,0.5,7.8225,22,0.9090909090909091,4.581818181818182
Doug Marshall,18,8,0,0.15037793396101312,6.99,0.46,4.02,0.6,0.0,0.0,0.66,2.4,Light Heavyweight,49.0,0.6674641148325355,0.34482758620689663,1.1626696350004453,,0.0,1.3265000000000002,0.0,2.4659999999999997,26,0.6923076923076923,5.338461538461539
Mark Weir,21,18,1,0.12027582548733588,1.54,0.56,2.5,0.38,0.8,0.5,0.25,2.4,Light Heavyweight,57.0,0.6674641148325355,0.48275862068965525,1.2704985610095267,,0.0,0.17900000000000005,0.0,3.3,40,0.525,8.105
Shane del Rosario,11,2,0,0.21804137382310043,3.93,0.6,2.97,0.54,1.2,0.4,0.16,2.4,Heavyweight,41.0,0.7320261437908496,0.5517241379310344,1.5017916555449844,4442.0,100.0,25.738,0.0,3.676,13,0.8461538461538461,2.769230769230769
Juan Espino,11,2,0,0.22556690094151968,2.38,0.7,1.95,0.4,8.93,0.78,0.5,2.4,Heavyweight,44.0,0.8461538461538458,0.5172413793103448,1.5889621264057103,1397.0,0.0,0.5025,0.3333333333333333,11.580333333333336,13,0.8461538461538461,2.769230769230769
Jason Lambert,26,13,0,0.12027582548733588,3.21,0.58,1.84,0.5,1.35,0.36,0.28,2.4,Light Heavyweight,49.0,0.6538461538461537,0.5172413793103448,1.2913633586438342,,0.0,0.7174999999999999,0.0,3.832,39,0.6666666666666666,7.9333333333333345
Noad Lahat,11,2,0,0.06013791274366793,2.79,0.46,1.47,0.63,2.37,0.26,0.16,2.4,Featherweight,40.0,0.4230769230769229,0.3103448275862067,0.7935596634067975,3294.0,50.0,13.1635,0.0,4.825,13,0.8461538461538461,2.769230769230769
Paddy Pimblett,20,3,0,0.07518896698050656,4.19,0.46,3.48,0.41,0.97,0.25,0.56,2.4,Welterweight,30.0,0.5769230769230766,0.34482758620689663,0.9969396301104798,200.0,16.666666666666664,4.845666666666666,0.5,3.5885,23,0.8695652173913043,4.773913043478261
Gabriel Miranda,17,6,0,0.06013791274366793,3.52,0.51,6.88,0.39,4.8,0.4,0.0,2.4,Featherweight,34.0,0.5,0.3793103448275862,0.9394482575712542,137.0,66.66666666666666,16.675166666666666,0.3333333333333333,7.343333333333333,23,0.7391304347826086,4.747826086956522
Rob Kimmons,25,9,0,0.12027582548733588,1.86,0.48,4.79,0.38,2.08,0.46,0.25,2.4,Light Heavyweight,44.0,0.5769230769230766,0.34482758620689663,1.0420264886173092,5095.0,33.33333333333333,8.232833333333332,0.3333333333333333,4.657333333333333,34,0.7352941176470589,6.947058823529413
Hermes Franca,24,17,0,0.07518896698050656,1.78,0.39,2.85,0.55,1.53,0.36,0.37,2.4,Welterweight,50.0,0.5,0.20689655172413768,0.7820855187046443,,0.0,0.17800000000000005,0.0,4.021,41,0.5853658536585366,8.317073170731708
Cesar Arzamendia,8,3,0,0.07518896698050656,5.37,0.45,5.2,0.56,7.32,0.75,0.0,2.4,Welterweight,34.0,0.5218723584108196,0.3793103448275862,0.9763716702189124,3119.0,50.0,13.236500000000001,0.0,9.8325,11,0.7272727272727273,2.3454545454545457
Antonio Rodrigo Nogueira,34,10,1,0.20299031958626176,1.95,0.42,2.4,0.55,1.3,0.29,0.36,2.4,Heavyweight,48.0,0.7307692307692308,0.5172413793103448,1.4510009296658373,,0.0,0.29400000000000004,0.0,3.7795,45,0.7555555555555555,9.151111111111112
Chris Lytle,31,18,5,0.09773239623392123,3.76,0.45,3.03,0.58,0.7,0.55,0.55,2.4,Middleweight,50.0,0.3846153846153846,0.3793103448275862,0.861658125676892,4931.0,0.0,0.6625000000000001,0.5,3.3625,54,0.5740740740740741,10.914814814814816
Ramiz Brahimaj,10,4,0,0.09773239623392123,2.47,0.41,4.08,0.5,1.9,0.66,0.58,2.4,Middleweight,32.0,0.5384615384615383,0.34482758620689663,0.9810215209023562,88.0,16.666666666666664,4.329166666666666,0.3333333333333333,4.540333333333333,14,0.7142857142857143,2.942857142857143
Eugene Jackson,15,9,1,0.12027582548733588,2.19,0.33,3.44,0.32,1.91,0.71,0.16,2.3,Light Heavyweight,58.0,0.6674641148325355,0.2758620689655172,1.0636020092853886,,0.0,0.14549999999999996,0.0,4.3325,25,0.6,5.12
Joe Doerksen,51,16,0,0.12027582548733588,1.43,0.42,2.79,0.5,2.02,0.33,0.33,2.3,Light Heavyweight,47.0,0.6538461538461537,0.41379310344827575,1.1879150827817653,5177.0,0.0,0.09799999999999998,0.6666666666666666,4.569166666666667,67,0.7611940298507462,13.55223880597015
Wes Sims,24,14,1,0.23305927595809578,0.98,0.51,2.95,0.37,0.0,0.0,0.4,2.3,Heavyweight,45.0,0.7320261437908496,0.7586206896551724,1.7237061094041177,,0.0,-0.040000000000000036,0.0,2.34,39,0.6153846153846154,7.923076923076923
JP Buys,9,6,0,0.045086858506829315,1.88,0.39,3.02,0.4,1.55,0.25,0.25,2.3,Featherweight,28.0,0.34615384615384626,0.17241379310344812,0.5636544977641237,550.0,50.0,12.655000000000001,0.0,3.9124999999999996,15,0.6,3.12
Brandon Royval,15,6,0,0.030068956371833978,3.45,0.38,2.63,0.5,0.66,1.0,0.39,2.3,Flyweight,32.0,0.3846153846153846,0.3103448275862067,0.7250291685734253,123.0,10.0,3.119,0.3,3.224,21,0.7142857142857143,4.342857142857143
Nate Smith,6,1,0,0.030068956371833978,1.28,0.38,2.04,0.35,0.0,0.0,0.33,2.3,Flyweight,29.0,0.4230769230769229,0.20689655172413768,0.6600424311728945,,0.0,0.14250000000000002,0.0,2.3329999999999997,7,0.8571428571428571,1.5714285714285716
Mats Nilsson,11,4,1,0.09773239623392123,2.99,0.39,5.62,0.63,3.87,0.83,0.44,2.3,Middleweight,41.0,0.5968489341983318,0.4482758620689653,1.1428571925012183,3693.0,50.0,12.577,0.0,6.3385,16,0.6875,3.3375000000000004
Hideo Tokoro,34,29,2,0.045086858506829315,1.78,0.37,2.01,0.65,0.87,0.34,0.44,2.3,Featherweight,47.0,0.4423076923076923,0.24137931034482762,0.7287738611593493,,0.0,0.3150000000000001,0.0,3.2649999999999997,65,0.5230769230769231,13.104615384615384
Jose Maria,37,7,0,0.030068956371833978,3.2,0.53,3.98,0.52,2.32,0.27,0.33,2.3,Flyweight,43.0,0.34781884781884764,0.17241379310344812,0.5503015972941298,4113.0,100.0,25.387,0.0,4.6935,44,0.8409090909090909,8.968181818181819
Yoshiki Takahashi,30,27,3,0.141327410157804,2.26,0.51,6.47,0.44,0.0,0.0,0.66,2.3,Light Heavyweight,55.0,0.6674641148325355,0.3793103448275862,1.1881018698179258,,0.0,-0.23750000000000004,0.0,2.3659999999999997,60,0.5,12.1
Ikram Aliskerov,15,1,0,0.12027582548733588,8.24,0.65,7.15,0.36,2.33,0.33,0.0,2.3,Light Heavyweight,32.0,0.6923076923076921,0.41379310344827575,1.2263766212433036,235.0,100.0,26.171499999999998,0.0,4.6795,16,0.9375,3.3875
Mike Joy,11,8,0,0.07518896698050656,0.57,0.33,1.71,0.47,0.78,0.33,0.0,2.3,Welterweight,39.0,0.5218723584108196,0.20689655172413768,0.8039578771154638,,0.0,0.022499999999999964,0.0,3.1294999999999997,19,0.5789473684210527,3.9157894736842107
Kimo Leopoldo,10,7,1,0.19546479246784249,0.76,0.83,2.12,0.3,4.55,1.0,0.0,2.3,Heavyweight,57.0,0.7320261437908496,0.5172413793103448,1.4447323155690368,,0.0,0.08299999999999996,0.0,7.0,18,0.5555555555555556,3.7111111111111112
Chas Skelly,19,3,0,0.06013791274366793,2.01,0.4,3.21,0.49,1.74,0.34,0.39,2.3,Featherweight,39.0,0.5384615384615383,0.3793103448275862,0.9779097960327925,1089.0,25.0,6.4245,0.3333333333333333,4.213333333333333,22,0.8636363636363636,4.572727272727273
Ruan Potts,11,6,0,0.21353268797241745,0.85,0.37,5.92,0.22,0.75,0.16,0.33,2.3,Heavyweight,46.0,0.6538461538461537,0.48275862068965525,1.3501374625082265,3637.0,100.0,24.4315,0.0,3.1069999999999998,17,0.6470588235294118,3.5294117647058827
Mark Holst,12,6,0,0.07518896698050656,0.25,0.19,1.67,0.47,0.76,1.0,0.6,2.3,Welterweight,39.0,0.5218723584108196,0.41379310344827575,1.0108544288396017,5233.0,0.0,-0.07950000000000002,0.5,3.3949999999999996,18,0.6666666666666666,3.7333333333333334
Seth Petruzelli,14,8,0,0.15037793396101312,2.17,0.41,2.08,0.55,0.46,0.5,0.47,2.3,Light Heavyweight,45.0,0.6923076923076921,0.41379310344827575,1.256478729716981,5205.0,50.0,12.895000000000001,0.5,3.0069999999999997,22,0.6363636363636364,4.527272727272727
Christian Morecraft,8,3,0,0.23305927595809578,2.82,0.34,2.46,0.46,3.26,0.66,0.5,2.2,Heavyweight,38.0,0.8846153846153846,0.6206896551724138,1.7383643157458941,4772.0,75.0,19.223,0.25,5.6715,11,0.7272727272727273,2.3454545454545457
Niklas Backstrom,11,3,0,0.06013791274366793,1.12,0.41,3.65,0.4,2.92,0.8,0.72,2.2,Featherweight,35.0,0.4423076923076923,0.4482758620689653,0.9507214671203256,3525.0,33.33333333333333,8.207833333333333,0.3333333333333333,5.395333333333333,14,0.7857142857142857,2.9571428571428573
Kaynan Kruschewsky,15,2,0,0.07518896698050656,5.08,0.39,4.79,0.47,2.18,1.0,0.0,2.2,Welterweight,33.0,0.5769230769230766,0.41379310344827575,1.065905147351859,207.0,50.0,13.2,0.0,4.53,17,0.8823529411764706,3.5764705882352943
Drew Fickett,42,21,0,0.07518896698050656,2.33,0.41,2.29,0.57,1.3,0.35,0.3,2.2,Welterweight,45.0,0.4615384615384617,0.34482758620689663,0.8815550147258648,,0.0,0.40650000000000003,0.0,3.5825000000000005,63,0.6666666666666666,12.733333333333334
Ryan Thomas,20,8,0,0.09773239623392123,2.01,0.36,4.17,0.3,5.59,0.33,0.0,2.2,Middleweight,40.0,0.5968489341983318,0.41379310344827575,1.1083744338805288,,0.0,-0.006000000000000005,0.0,7.8395,28,0.7142857142857143,5.742857142857144
Ryan Hall,9,2,0,0.06013791274366793,2.38,0.5,1.33,0.65,0.22,0.09,0.0,2.2,Featherweight,39.0,0.4615384615384617,0.34482758620689663,0.8665039604890262,1159.0,16.666666666666664,4.759666666666666,0.16666666666666666,2.4751666666666665,11,0.8181818181818182,2.3636363636363638
Dustin Kimura,11,3,0,0.045086858506829315,1.33,0.21,3.82,0.51,0.93,0.37,0.5,2.2,Featherweight,35.0,0.5,0.24137931034482762,0.786466168851657,3714.0,0.0,-0.12199999999999994,0.6,3.3855,14,0.7857142857142857,2.9571428571428573
Alex Gilpin,11,1,0,0.06013791274366793,6.8,0.54,12.29,0.42,2.17,0.25,0.0,2.2,Featherweight,32.0,0.4423076923076923,0.24137931034482762,0.7438249153961878,,0.0,0.027500000000000302,0.0,4.407500000000001,12,0.9166666666666666,2.583333333333334
Josh Grispi,14,5,0,0.06013791274366793,1.44,0.41,3.71,0.5,1.97,0.36,0.16,2.2,Featherweight,36.0,0.6153846153846154,0.3793103448275862,1.0548328729558696,4379.0,25.0,6.210500000000001,0.25,4.3025,19,0.7368421052631579,3.947368421052632
Anthony Torres,5,3,0,0.09773239623392123,3.54,0.48,7.52,0.45,0.0,0.0,1.0,2.2,Middleweight,46.0,0.5968489341983318,0.2758620689655172,0.9704433993977702,,0.0,-0.0794999999999999,0.0,2.3000000000000003,8,0.625,1.725
Danny Henry,12,4,0,0.06013791274366793,5.2,0.51,4.16,0.45,0.74,0.33,0.5,2.2,Featherweight,36.0,0.5769230769230766,0.41379310344827575,1.0508540931150203,1677.0,0.0,0.8455,0.75,3.2270000000000003,16,0.75,3.35
Hidehiko Yoshida,6,8,1,0.1804468903328471,1.05,0.36,1.89,0.62,1.09,0.33,0.71,2.2,Heavyweight,55.0,0.7320261437908496,0.3793103448275862,1.291783378951283,,0.0,0.14400000000000002,0.0,3.4105000000000003,15,0.4,3.08
Joe Stevenson,33,16,0,0.06013791274366793,2.05,0.44,2.44,0.6,2.75,0.44,0.39,2.2,Featherweight,42.0,0.4615384615384617,0.24137931034482762,0.7630556846269572,4980.0,33.33333333333333,8.657833333333333,0.0,5.055,49,0.673469387755102,9.934693877551021
Everett Cummings,12,0,0,0.15037793396101312,0.43,0.6,4.34,0.45,0.0,0.0,0.0,2.2,Light Heavyweight,41.277864992150704,0.6674641148325355,0.43297262375837825,1.250814672551927,,0.0,-0.3559999999999999,0.0,2.2,12,1.0,2.6000000000000005
Jose Landi-Jons,29,16,0,0.09773239623392123,0.99,0.4,0.77,0.43,2.2,0.8,0.4,2.2,Middleweight,51.0,0.5968489341983318,0.3793103448275862,1.0738916752598393,,0.0,0.2765,0.0,4.5600000000000005,45,0.6444444444444445,9.12888888888889
Wilson Gouveia,14,8,0,0.12027582548733588,3.02,0.39,4.06,0.56,0.9,0.66,0.57,2.2,Light Heavyweight,46.0,0.6923076923076921,0.4482758620689653,1.260859379863993,,0.0,0.30800000000000005,0.0,3.2560000000000002,22,0.6363636363636364,4.527272727272727
Chris Price,19,4,0,0.12027582548733588,1.44,0.66,2.59,0.48,0.0,0.0,0.33,2.2,Light Heavyweight,42.0,0.6674641148325355,0.48275862068965525,1.2704985610095267,,0.0,0.1755,0.0,2.233,23,0.8260869565217391,4.765217391304349
Fredson Paixao,10,5,0,0.06013791274366793,1.71,0.54,2.31,0.62,0.62,0.11,0.1,2.2,Featherweight,45.0,0.3076923076923075,0.20689655172413768,0.574726772160113,5184.0,100.0,25.282,0.0,2.8465000000000003,15,0.6666666666666666,3.1333333333333333
Jake Hadley,10,2,0,0.030068956371833978,3.42,0.44,3.2,0.6,0.32,0.25,0.35,2.2,Flyweight,28.0,0.4615384615384617,0.24137931034482762,0.7329867282551232,116.0,14.285714285714285,4.12442857142857,0.14285714285714285,2.628214285714286,12,0.8333333333333334,2.566666666666667
Chase Hooper,13,3,1,0.07518896698050656,4.86,0.51,3.59,0.36,1.42,0.22,0.55,2.2,Welterweight,25.0,0.6153846153846154,0.4482758620689653,1.1388494444340873,67.0,30.0,8.3325,0.3,3.7830000000000004,17,0.7647058823529411,3.5529411764705885
Daniel Gracie,5,4,1,0.1804468903328471,1.9,0.38,1.33,0.59,0.36,1.0,0.8,2.1,Heavyweight,44.17465753424658,0.7320261437908496,0.48275862068965525,1.3952316548133519,,0.0,0.43999999999999995,0.0,2.6900000000000004,10,0.5,2.1
Masakazu Imanari,36,16,2,0.05112054104230206,0.55,0.3,1.74,0.57,0.0,0.0,0.0,2.1,Featherweight,49.0,0.4423076923076923,0.1379310344827586,0.631359267832753,,0.0,0.02200000000000002,0.0,2.1,54,0.6666666666666666,10.933333333333334
Andrew Holbrook,12,3,0,0.07518896698050656,2.2,0.49,3.0,0.54,0.85,0.18,0.1,2.1,Welterweight,39.0,0.4615384615384617,0.3793103448275862,0.9160377733465545,2720.0,60.0,15.279,0.0,2.987,15,0.8,3.16
Mike Cook,13,13,0,0.15037793396101312,1.72,0.49,2.4,0.46,1.03,0.33,0.55,2.1,Light Heavyweight,41.277864992150704,0.6674641148325355,0.4482758620689653,1.266117910862514,,0.0,0.237,0.0,3.2345,26,0.5,5.3
Polyana Viana,13,6,0,0.01501790213499534,3.19,0.41,2.63,0.55,0.93,0.33,0.43,2.1,Strawweight,32.0,0.34615384615384626,0.17241379310344812,0.5335855413922898,389.0,20.0,5.5675,0.4,3.2225,19,0.6842105263157895,3.936842105263158
Logan Clark,18,6,0,0.12027582548733588,2.2,0.54,1.49,0.53,0.31,1.0,0.3,2.1,Light Heavyweight,39.0,0.6674641148325355,0.48275862068965525,1.2704985610095267,,0.0,0.514,0.0,2.59,24,0.75,4.950000000000001
Nate Loughran,11,2,0,0.12027582548733588,1.81,0.4,4.11,0.59,0.0,0.0,0.0,2.1,Light Heavyweight,44.0,0.6674641148325355,0.48275862068965525,1.2704985610095267,,0.0,0.0044999999999999485,0.0,2.1,13,0.8461538461538461,2.769230769230769
Tim McKenzie,14,9,0,0.12027582548733588,1.37,0.54,2.96,0.44,0.0,0.0,0.28,2.1,Light Heavyweight,42.0,0.6153846153846154,0.41379310344827575,1.149453544320227,,0.0,0.07249999999999995,0.0,2.128,23,0.6086956521739131,4.721739130434783
Mackens Semerzier,8,4,0,0.06013791274366793,2.91,0.45,3.48,0.46,2.14,0.5,0.5,2.1,Featherweight,44.0,0.5384615384615383,0.3103448275862067,0.9089442787914129,4730.0,0.0,0.36450000000000005,1.0,4.615,12,0.6666666666666666,2.5333333333333337
Dennis Hallman,53,20,2,0.07518896698050656,1.12,0.44,1.96,0.43,1.79,0.3,0.25,2.1,Welterweight,49.0,0.5384615384615383,0.3103448275862067,0.9239953330282515,4813.0,50.0,12.638499999999999,0.25,4.0225,75,0.7066666666666667,15.141333333333334
Chris Brennan,21,13,1,0.09773239623392123,0.6,0.4,0.97,0.5,0.0,0.0,0.25,2.1,Middleweight,53.0,0.5968489341983318,0.2758620689655172,0.9704433993977702,,0.0,0.1595,0.0,2.125,35,0.6,7.12
Josh Sampo,11,5,0,0.030068956371833978,1.99,0.36,2.96,0.55,1.06,0.33,0.4,2.1,Flyweight,40.0,0.23076923076923084,0.1379310344827586,0.39876922162382344,,0.0,0.20800000000000002,0.0,3.2495000000000003,16,0.6875,3.3375000000000004
Katsuhisa Fujii,9,18,1,0.15037793396101312,4.0,0.5,4.43,0.64,2.14,0.25,0.5,2.1,Light Heavyweight,52.0,0.6674641148325355,0.41379310344827575,1.2316351522418243,,0.0,0.5315000000000002,0.0,4.327500000000001,28,0.32142857142857145,5.664285714285715
Brooke Mayo,0,1,0,0.030068956371833978,1.92,0.34,3.2,0.63,3.2,0.6,0.0,2.1,Flyweight,33.27091633466136,0.34781884781884764,0.24137931034482762,0.6192671145355093,,0.0,0.1625000000000001,0.0,5.390000000000001,1,0.0,0.2
Daermisi Zhawupasi,7,1,0,0.045086858506829315,1.24,0.51,2.75,0.34,6.19,0.75,0.64,2.1,Featherweight,24.0,0.3846153846153846,0.2758620689655172,0.7055643120877311,,0.0,0.050500000000000045,0.0,8.4665,8,0.875,1.7750000000000001
Jeremiah Metcalf,13,7,0,0.12027582548733588,1.74,0.59,0.27,0.6,4.02,0.66,1.0,2.0,Light Heavyweight,41.277864992150704,0.6674641148325355,0.4482758620689653,1.2360158023888368,,0.0,0.6024999999999999,0.0,6.218999999999999,20,0.65,4.13
Harry Hunsucker,7,6,0,0.15037793396101312,3.54,0.52,6.53,0.42,0.0,0.0,0.0,2.0,Light Heavyweight,36.0,0.6538461538461537,0.48275862068965525,1.2869827084968222,907.0,66.66666666666666,16.739166666666662,0.0,2.0,13,0.5384615384615384,2.707692307692308
Charles Bennett,30,33,2,0.07518896698050656,1.39,0.39,1.35,0.64,2.02,1.0,0.36,2.0,Welterweight,45.0,0.5218723584108196,0.2758620689655172,0.8729233943568433,,0.0,0.31899999999999995,0.0,4.2059999999999995,65,0.46153846153846156,13.092307692307692
Kevin Syler,10,1,0,0.07518896698050656,5.6,0.69,4.03,0.48,1.0,0.4,0.77,2.0,Welterweight,31.0,0.5,0.3103448275862067,0.8855337945667132,,0.0,1.0054999999999998,0.0,3.137,11,0.9090909090909091,2.381818181818182
Mike Zichelle,8,4,0,0.15037793396101312,0.87,0.35,0.87,0.4,0.0,0.0,0.0,2.0,Light Heavyweight,41.277864992150704,0.6674641148325355,0.43297262375837825,1.250814672551927,,0.0,0.21699999999999997,0.0,2.0,12,0.6666666666666666,2.5333333333333337
Dave Galera,5,1,0,0.045086858506829315,1.67,0.69,0.53,0.33,0.0,0.0,0.14,2.0,Featherweight,47.0,0.4423076923076923,0.3793103448275862,0.8667048956421077,4057.0,0.0,0.5255,0.0,2.014,6,0.8333333333333334,1.366666666666667
Kaik Brito,16,5,0,0.09773239623392123,2.8,0.38,3.87,0.55,0.0,0.0,0.55,2.0,Middleweight,27.0,0.5384615384615383,0.3793103448275862,1.0155042795230458,,0.0,0.278,0.0,2.055,21,0.7619047619047619,4.352380952380953
Josh Thornburg,8,8,0,0.09773239623392123,1.2,0.5,3.13,0.38,2.0,0.66,0.42,2.0,Middleweight,39.515151515151516,0.5968489341983318,0.41379310344827575,1.1083744338805288,,0.0,-0.012499999999999956,0.0,4.141,16,0.5,3.3000000000000003
Chad Reiner,33,18,0,0.09773239623392123,0.53,0.2,1.97,0.46,0.99,0.33,0.25,2.0,Middleweight,43.0,0.5968489341983318,0.3793103448275862,1.0738916752598393,,0.0,-0.053999999999999965,0.0,3.0645,51,0.6470588235294118,10.329411764705883
Jacob Volkmann,19,7,0,0.07518896698050656,1.19,0.34,1.78,0.52,3.19,0.48,0.52,2.0,Welterweight,44.0,0.5,0.3103448275862067,0.8855337945667132,4393.0,0.0,0.1765,0.375,5.40775,26,0.7307692307692307,5.346153846153847
Brock Larson,42,10,0,0.09773239623392123,1.39,0.46,1.5,0.55,2.67,0.34,0.43,2.0,Middleweight,47.0,0.5,0.3793103448275862,0.9770427410615075,,0.0,0.29700000000000004,0.0,4.764,52,0.8076923076923077,10.561538461538461
Christian Lohsen,4,2,0,0.07518896698050656,5.27,0.49,6.93,0.44,0.0,0.0,0.0,2.0,Welterweight,30.0,0.7307692307692308,0.48275862068965525,1.2887168184393927,,0.0,0.44200000000000017,0.0,2.0,6,0.6666666666666666,1.3333333333333335
Brent Primus,8,0,0,0.07518896698050656,1.73,0.39,2.27,0.59,5.0,0.38,0.0,2.0,Welterweight,38.13361169102296,0.5218723584108196,0.34482758620689663,0.9418889115982227,,0.0,0.2585,0.0,7.057,8,1.0,1.8
Nick Serra,7,3,0,0.09773239623392123,0.0,0.0,1.73,0.43,1.0,0.1,0.0,2.0,Middleweight,46.0,0.5968489341983318,0.3103448275862067,1.0049261580184599,,0.0,-0.195,0.0,3.0149999999999997,10,0.7,2.14
Chris Holdsworth,6,0,0,0.045086858506829315,1.85,0.29,1.94,0.58,3.38,0.62,1.0,2.0,Featherweight,35.8830242510699,0.4423076923076923,0.3793103448275862,0.8667048956421077,3917.0,0.0,0.31649999999999995,0.5,5.698,6,1.0,1.4000000000000001
David Mitchell,22,7,0,0.09773239623392123,1.74,0.32,2.06,0.55,0.66,0.5,0.29,2.0,Middleweight,45.0,0.6538461538461537,0.41379310344827575,1.1653716535283507,4144.0,20.0,5.2725,0.0,2.7640000000000002,29,0.7586206896551724,5.951724137931035
John Halverson,16,8,0,0.07518896698050656,2.94,0.43,5.29,0.47,0.0,0.0,0.66,2.0,Welterweight,52.0,0.5218723584108196,0.3103448275862067,0.9074061529775328,,0.0,0.09799999999999998,0.0,2.066,24,0.6666666666666666,4.9333333333333345
Sean Holden,5,2,0,0.09773239623392123,2.4,0.59,0.6,0.59,5.0,0.83,0.0,2.0,Middleweight,39.515151515151516,0.5968489341983318,0.34482758620689663,1.0394089166391498,,0.0,0.7165,0.0,7.1245,7,0.7142857142857143,1.542857142857143
Eric Wray,5,1,0,0.09773239623392123,1.76,0.48,3.12,0.28,4.07,0.66,0.0,2.0,Middleweight,39.515151515151516,0.5968489341983318,0.41379310344827575,1.1083744338805288,,0.0,0.1100000000000001,0.0,6.1690000000000005,6,0.8333333333333334,1.366666666666667
Kevin Haley,6,4,0,0.15037793396101312,0.87,0.59,0.87,0.64,3.0,1.0,0.0,2.0,Light Heavyweight,41.277864992150704,0.6674641148325355,0.48275862068965525,1.300600669483204,,0.0,0.301,0.0,5.15,10,0.6,2.12
Mariusz Ksiazkiewicz,8,1,0,0.12027582548733588,0.93,0.45,3.4,0.39,4.0,1.0,0.0,2.0,Light Heavyweight,35.0,0.6538461538461537,0.5172413793103448,1.2913633586438342,,0.0,-0.129,0.0,6.15,9,0.8888888888888888,1.9777777777777779
Young Sam Jung,4,8,0,0.05112054104230206,0.53,0.09,2.79,0.63,0.0,0.0,0.0,2.0,Featherweight,39.0,0.4423076923076923,0.2758620689655172,0.7692903023155115,,0.0,-0.1735,0.0,2.0,12,0.3333333333333333,2.4666666666666672
Luis Rodriguez,11,2,0,0.030068956371833978,1.27,0.37,3.2,0.54,2.0,0.5,1.0,2.0,Flyweight,25.0,0.26923076923076916,0.20689655172413768,0.5061962773267408,,0.0,-0.007499999999999951,0.0,4.175000000000001,13,0.8461538461538461,2.769230769230769
Jarrod Kwitty,2,2,0,0.12027582548733588,0.53,0.5,4.4,0.32,8.0,0.5,0.0,2.0,Light Heavyweight,41.277864992150704,0.6674641148325355,0.2758620689655172,1.0636020092853886,,0.0,-0.3795,0.0,10.075,4,0.5,0.9
Jimmy Crute,12,4,1,0.15037793396101312,3.68,0.54,3.04,0.44,4.84,0.57,0.6,2.0,Light Heavyweight,28.0,0.6153846153846154,0.48275862068965525,1.2485211700352838,585.0,28.57142857142857,7.780857142857142,0.42857142857142855,7.092642857142856,17,0.7058823529411765,3.5411764705882356
Joe Lauzon,28,16,0,0.07518896698050656,2.84,0.39,5.39,0.54,2.39,0.45,0.54,2.0,Welterweight,40.0,0.5,0.34482758620689663,0.9200165531874032,1944.0,30.0,7.5605,0.25,4.574,44,0.6363636363636364,8.927272727272728
Tomoya Miyashita,17,9,7,0.05112054104230206,1.67,0.65,0.93,0.33,4.0,0.8,0.0,2.0,Featherweight,35.8830242510699,0.4423076923076923,0.24137931034482762,0.734807543694822,,0.0,0.45749999999999996,0.0,6.12,33,0.5151515151515151,6.703030303030303
Jack Cartwright,10,1,0,0.045086858506829315,0.8,0.38,3.33,0.29,6.0,0.66,0.0,2.0,Featherweight,30.0,0.3846153846153846,0.3103448275862067,0.7400470707084206,,0.0,-0.18,0.0,8.099,11,0.9090909090909091,2.381818181818182
Jafel Filho,15,3,0,0.030068956371833978,2.0,0.37,2.31,0.45,1.53,0.27,0.55,2.0,Flyweight,31.0,0.3846153846153846,0.24137931034482762,0.6560636513320461,333.0,0.0,0.295,1.0,3.8754999999999997,18,0.8333333333333334,3.7666666666666666
Mark Scanlon,9,2,0,0.09773239623392123,2.2,0.35,3.33,0.48,3.0,0.75,0.25,2.0,Middleweight,39.515151515151516,0.5968489341983318,0.3103448275862067,1.0049261580184599,5205.0,0.0,0.19249999999999995,0.0,5.137499999999999,11,0.8181818181818182,2.3636363636363638
Chris Tickle,9,9,0,0.07518896698050656,1.07,0.4,1.13,0.43,1.0,0.25,0.2,2.0,Welterweight,38.13361169102296,0.5218723584108196,0.3103448275862067,0.9074061529775328,4639.0,0.0,0.24250000000000005,0.0,3.0575,18,0.5,3.7
Ivana Petrovic,6,1,0,0.030068956371833978,1.47,0.35,2.73,0.52,2.0,0.33,0.66,2.0,Flyweight,30.0,0.4615384615384617,0.2758620689655172,0.7674694868758128,102.0,0.0,0.10599999999999998,0.3333333333333333,4.198833333333333,7,0.8571428571428571,1.5714285714285716
Kazuki Okubo,7,9,0,0.10525792335234052,1.53,0.38,1.97,0.46,0.51,0.25,0.36,2.0,Middleweight,39.515151515151516,0.5968489341983318,0.3793103448275862,1.0814172023782587,,0.0,0.2320000000000001,0.0,2.5835,16,0.4375,3.2875
Abdul-Kerim Edilov,17,4,0,0.15037793396101312,10.22,0.61,0.13,0.92,3.98,1.0,0.0,2.0,Light Heavyweight,33.0,0.6674641148325355,0.48275862068965525,1.300600669483204,2720.0,100.0,27.7955,0.0,6.13,21,0.8095238095238095,4.361904761904762
Eddy Ellis,21,16,1,0.09773239623392123,3.4,0.69,1.53,0.68,4.0,0.66,0.5,2.0,Middleweight,39.515151515151516,0.5968489341983318,0.3103448275862067,1.0049261580184599,,0.0,0.8605,0.0,6.149,38,0.5526315789473685,7.710526315789474
Jason MacDonald,25,16,0,0.12027582548733588,1.55,0.52,2.7,0.46,1.43,0.16,0.35,2.0,Light Heavyweight,49.0,0.8461538461538458,0.5172413793103448,1.4836710509515263,4656.0,50.0,12.6555,0.25,3.5515,41,0.6097560975609756,8.321951219512195
Micah Miller,20,8,0,0.06013791274366793,1.33,0.33,2.15,0.54,0.98,0.37,0.21,2.0,Featherweight,37.0,0.4423076923076923,0.41379310344827575,0.916238708499636,,0.0,0.15700000000000008,0.0,3.0564999999999998,28,0.7142857142857143,5.742857142857144
Allan Begosso,7,2,1,0.045086858506829315,1.8,0.4,7.73,0.34,0.0,0.0,0.25,2.0,Featherweight,29.0,0.3076923076923075,0.17241379310344812,0.5251929593025849,,0.0,-0.5784999999999999,0.0,2.025,10,0.7,2.14
Yuma Horiuchi,9,5,0,0.030068956371833978,3.73,0.3,5.0,0.35,2.0,0.16,0.0,2.0,Flyweight,27.0,0.34615384615384626,0.20689655172413768,0.5831193542498179,,0.0,0.29499999999999993,0.0,4.024,14,0.6428571428571429,2.928571428571429
John Gunderson,35,16,2,0.07518896698050656,1.04,0.27,1.71,0.58,1.67,0.33,0.11,2.0,Welterweight,46.0,0.4230769230769229,0.3103448275862067,0.8086107176436361,5264.0,0.0,0.14450000000000002,0.0,3.7305,53,0.660377358490566,10.732075471698115
Chris Haseman,20,17,0,0.15037793396101312,0.93,0.7,4.67,0.28,0.0,0.0,0.4,2.0,Light Heavyweight,55.0,0.6674641148325355,0.3793103448275862,1.1971523936211348,,0.0,-0.28600000000000003,0.0,2.04,37,0.5405405405405406,7.508108108108108
Josh Smith,9,8,0,0.07518896698050656,0.73,0.28,1.4,0.54,0.0,0.0,0.57,2.0,Welterweight,42.0,0.5218723584108196,0.41379310344827575,1.0108544288396017,,0.0,0.10950000000000001,0.0,2.057,17,0.5294117647058824,3.505882352941177
Martin Kampmann,20,7,0,0.09773239623392123,3.22,0.42,3.28,0.62,1.86,0.41,0.78,2.0,Middleweight,42.0,0.5384615384615383,0.41379310344827575,1.0499870381437353,4186.0,37.5,9.865,0.125,4.03075,27,0.7407407407407407,5.548148148148148
Frank Mir,18,11,0,0.2390929584935685,2.18,0.47,3.84,0.38,2.02,0.4,0.54,2.0,Heavyweight,45.0,0.8076923076923075,0.5172413793103448,1.5640266454962206,3252.0,50.0,12.62,0.0,4.134,29,0.6206896551724138,5.924137931034483
Mitch Gagnon,12,5,0,0.045086858506829315,2.76,0.46,2.21,0.61,1.16,0.25,0.65,1.9,Featherweight,40.0,0.26923076923076916,0.17241379310344812,0.4867314208410466,2111.0,0.0,0.542,0.625,3.3187499999999996,17,0.7058823529411765,3.5411764705882356
Lucio Linhares,19,8,0,0.12027582548733588,0.99,0.22,3.47,0.34,1.86,0.5,0.5,1.9,Light Heavyweight,51.0,0.6674641148325355,0.48275862068965525,1.2704985610095267,5432.0,0.0,-0.178,0.0,3.885,27,0.7037037037037037,5.540740740740741
Roger Gracie,8,2,0,0.12027582548733588,1.78,0.35,1.79,0.61,1.87,0.53,0.6,1.9,Light Heavyweight,43.0,0.8076923076923075,0.5517241379310344,1.4796922711106777,4239.0,0.0,0.338,0.0,3.9095,10,0.8,2.16
Saidyokub Kakhramonov,10,3,0,0.045086858506829315,2.05,0.51,0.88,0.58,6.63,0.48,0.83,1.9,Featherweight,29.0,0.4230769230769229,0.2758620689655172,0.7440258505492694,788.0,0.0,0.5694999999999999,0.6666666666666666,8.851666666666667,13,0.7692307692307693,2.753846153846154
Mickey Gall,7,5,0,0.09773239623392123,2.94,0.46,4.25,0.49,1.21,0.3,0.36,1.9,Middleweight,33.0,0.6153846153846154,0.48275862068965525,1.195875632308192,88.0,23.076923076923077,6.032230769230769,0.38461538461538464,3.287153846153846,12,0.5833333333333334,2.516666666666667
Joe Soto,18,7,0,0.045086858506829315,3.36,0.41,5.37,0.67,0.85,0.21,0.7,1.9,Featherweight,37.0,0.26923076923076916,0.20689655172413768,0.5212141794617362,2566.0,37.5,9.592,0.375,2.9452499999999997,25,0.72,5.144
Austin Vanderford,4,0,0,0.09773239623392123,3.9,0.52,5.19,0.45,0.0,0.0,1.0,1.9,Middleweight,34.0,0.5968489341983318,0.3793103448275862,1.0738916752598393,,0.0,0.368,0.0,2.0,4,1.0,1.0
Pat Sabatini,18,5,0,0.06013791274366793,2.02,0.59,1.54,0.49,3.73,0.42,0.5,1.9,Featherweight,34.0,0.4615384615384617,0.2758620689655172,0.7975384432476468,123.0,25.0,6.7155000000000005,0.375,5.83675,23,0.782608695652174,4.756521739130435
Jessamyn Duke,3,5,0,0.045086858506829315,4.83,0.53,4.43,0.57,1.27,0.36,0.5,1.9,Featherweight,38.0,0.5769230769230766,0.3793103448275862,1.001320280257492,3490.0,25.0,6.9845,0.0,3.274,8,0.375,1.675
Ryan Jensen,21,8,0,0.12027582548733588,2.84,0.39,2.99,0.59,1.55,0.5,0.31,1.9,Light Heavyweight,47.0,0.6923076923076921,0.4482758620689653,1.260859379863993,5037.0,0.0,0.42800000000000005,1.0,3.806,29,0.7241379310344828,5.944827586206897
Roman Mitichyan,8,3,0,0.09773239623392123,0.26,0.16,2.7,0.43,1.93,1.0,0.25,1.9,Middleweight,46.0,0.5968489341983318,0.34482758620689663,1.0394089166391498,,0.0,-0.24350000000000002,0.0,4.005,11,0.7272727272727273,2.3454545454545457
Georgi Karakhanyan,26,7,1,0.06013791274366793,4.49,0.39,5.0,0.54,1.41,0.5,0.33,1.9,Featherweight,35.8830242510699,0.4423076923076923,0.2758620689655172,0.7783076740168774,,0.0,0.5315000000000001,0.0,3.4179999999999997,34,0.7647058823529411,6.952941176470589
Brad Mitchell,4,2,0,0.06013791274366793,1.15,0.33,4.2,0.52,0.0,0.0,1.0,1.9,Featherweight,35.8830242510699,0.4423076923076923,0.3793103448275862,0.8817559498789465,,0.0,-0.1985,0.0,2.0,6,0.6666666666666666,1.3333333333333335
Ikuhisa Minowa,60,42,8,0.11427529505370639,0.88,0.4,1.66,0.49,1.82,0.41,0.05,1.9,Middleweight,49.0,0.5968489341983318,0.3103448275862067,1.021469056838245,,0.0,0.12450000000000008,0.0,3.7864999999999998,110,0.5454545454545454,22.10909090909091
Jordan Griffin,18,9,0,0.06013791274366793,2.52,0.46,3.02,0.5,1.45,0.35,0.42,1.9,Featherweight,34.0,0.5769230769230766,0.34482758620689663,0.9818885758736412,1404.0,0.0,0.344,0.2,3.4944999999999995,27,0.6666666666666666,5.533333333333334
Jon Delos Reyes,8,5,0,0.030068956371833978,2.99,0.38,4.14,0.51,3.2,0.83,0.55,1.9,Flyweight,37.0,0.34615384615384626,0.20689655172413768,0.5831193542498179,3399.0,25.0,6.529000000000001,0.5,5.4045000000000005,13,0.6153846153846154,2.723076923076923
Luke Stewart,6,3,0,0.09773239623392123,3.75,0.56,2.34,0.53,3.75,0.33,0.5,1.9,Middleweight,39.515151515151516,0.5968489341983318,0.3793103448275862,1.0738916752598393,,0.0,0.778,0.0,5.749499999999999,9,0.6666666666666666,1.9333333333333333
Vagner Rocha,14,4,0,0.07518896698050656,2.64,0.42,4.5,0.48,1.4,0.33,0.5,1.9,Welterweight,42.0,0.5769230769230766,0.34482758620689663,0.9969396301104798,3750.0,25.0,6.391,0.5,3.5244999999999997,18,0.7777777777777778,3.7555555555555555
Kyle Daukaus,11,4,0,0.12027582548733588,3.22,0.52,2.94,0.42,2.12,0.25,0.82,1.9,Light Heavyweight,31.0,0.6923076923076921,0.5172413793103448,1.3298248971053725,802.0,33.33333333333333,8.864333333333331,0.16666666666666666,4.181166666666667,15,0.7333333333333333,3.1466666666666665
Fedor Emelianenko,36,5,0,0.18797241745126642,3.18,0.51,1.0,0.63,2.0,0.63,0.82,1.9,Heavyweight,48.0,0.6153846153846154,0.41379310344827575,1.2171501362841575,,0.0,0.8415,0.0,4.076499999999999,41,0.8780487804878049,8.375609756097562
Stephen Banaszak,5,5,0,0.06013791274366793,4.2,0.47,1.15,0.66,0.0,0.0,1.0,1.9,Featherweight,35.8830242510699,0.4423076923076923,0.41379310344827575,0.916238708499636,,0.0,1.0705,0.0,2.0,10,0.5,2.1
Rani Yahya,28,11,1,0.045086858506829315,1.59,0.37,1.77,0.5,2.86,0.32,0.24,1.9,Featherweight,40.0,0.34615384615384626,0.20689655172413768,0.5981372563848133,291.0,10.526315789473683,2.912578947368421,0.3157894736842105,4.910947368421052,40,0.7,8.14
Erick Wanderlei,3,3,0,0.15037793396101312,0.63,0.41,2.66,0.4,3.8,0.66,0.0,1.9,Light Heavyweight,41.277864992150704,0.6674641148325355,0.4482758620689653,1.266117910862514,,0.0,-0.09950000000000003,0.0,5.7989999999999995,6,0.5,1.3000000000000003
Shane Roller,11,7,0,0.07518896698050656,2.04,0.34,2.65,0.6,2.46,0.33,0.42,1.9,Welterweight,45.0,0.5384615384615383,0.34482758620689663,0.9584780916489415,4513.0,33.33333333333333,8.60383333333333,0.3333333333333333,4.534833333333332,18,0.6111111111111112,3.7222222222222223
Aleksei Oleinik,60,17,1,0.20299031958626176,3.29,0.48,3.8,0.44,1.82,0.46,0.37,1.9,Heavyweight,47.0,0.8461538461538458,0.48275862068965525,1.5319027864297627,865.0,17.647058823529413,4.826264705882353,0.4117647058823529,3.928941176470588,78,0.7692307692307693,15.753846153846155
Ryan Quinn,13,7,1,0.06013791274366793,2.31,0.41,1.67,0.48,0.0,0.0,0.0,1.9,Featherweight,35.8830242510699,0.4423076923076923,0.2758620689655172,0.7783076740168774,,0.0,0.4809999999999999,0.0,1.9,21,0.6190476190476191,4.323809523809524
Keisuke Sasu,11,3,1,0.06013791274366793,2.76,0.49,2.42,0.48,3.76,0.4,0.61,1.9,Featherweight,30.0,0.4230769230769229,0.17241379310344812,0.655628628924039,,0.0,0.4969999999999999,0.0,5.781,15,0.7333333333333333,3.1466666666666665
Don Shainis,12,5,0,0.06013791274366793,3.42,0.5,5.87,0.31,0.97,0.25,0.2,1.9,Featherweight,34.0,0.34615384615384626,0.20689655172413768,0.6131883106216518,732.0,0.0,0.12100000000000011,0.5,3.0525,17,0.7058823529411765,3.5411764705882356
Dan Argueta,9,2,0,0.045086858506829315,2.35,0.47,1.9,0.52,2.54,0.5,0.6,1.9,Featherweight,31.0,0.3846153846153846,0.24137931034482762,0.6710815534670416,123.0,0.0,0.4745,0.25,4.6375,11,0.8181818181818182,2.3636363636363638
Jeremy  Freitag,6,10,0,0.15037793396101312,0.0,0.0,8.37,0.19,0.0,0.0,0.33,1.9,Light Heavyweight,41.277864992150704,0.6674641148325355,0.4482758620689653,1.266117910862514,,0.0,-1.2269999999999999,0.0,1.9329999999999998,16,0.375,3.2750000000000004
Raul Rosas Jr.,8,1,0,0.045086858506829315,1.28,0.44,1.52,0.46,3.57,0.33,0.0,1.8,Featherweight,20.0,0.34615384615384626,0.3103448275862067,0.7015855322468822,151.0,20.0,5.2490000000000006,0.4,5.5195,9,0.8888888888888888,1.9777777777777779
Rodolfo Marques Diniz,23,9,1,0.045086858506829315,1.08,0.32,2.36,0.33,0.0,0.0,0.5,1.8,Featherweight,35.8830242510699,0.4423076923076923,0.20689655172413768,0.6942911025386593,,0.0,0.029500000000000026,0.0,1.85,33,0.696969696969697,6.73939393939394
Miguel Baeza,10,3,0,0.09773239623392123,4.88,0.49,5.1,0.53,0.44,0.28,1.0,1.8,Middleweight,32.0,0.6153846153846154,0.48275862068965525,1.195875632308192,249.0,57.14285714285714,14.918214285714285,0.0,2.382,13,0.7692307692307693,2.753846153846154
Joe Proctor,11,5,0,0.07518896698050656,3.39,0.36,3.93,0.59,0.0,0.0,0.7,1.8,Welterweight,39.0,0.5384615384615383,0.34482758620689663,0.9584780916489415,2853.0,50.0,12.9185,0.25,1.9325,16,0.6875,3.3375000000000004
Luc Bondole,5,2,2,0.15037793396101312,3.35,0.51,2.04,0.62,0.0,0.0,0.0,1.8,Light Heavyweight,41.277864992150704,0.6674641148325355,0.48275862068965525,1.300600669483204,,0.0,0.7264999999999999,0.0,1.8,9,0.5555555555555556,1.9111111111111112
Amanda Cooper,3,5,0,0.01501790213499534,3.55,0.44,3.2,0.51,1.53,0.38,0.28,1.8,Strawweight,33.0,0.23076923076923084,0.10344827586206903,0.3492354087662952,2286.0,16.666666666666664,4.738666666666665,0.5,3.54,8,0.375,1.675
Juliana Miller,4,3,0,0.030068956371833978,3.31,0.45,4.75,0.32,1.84,0.44,0.0,1.8,Flyweight,28.0,0.3076923076923075,0.24137931034482762,0.579140574408969,550.0,66.66666666666666,16.919666666666664,0.0,3.7060000000000004,7,0.5714285714285714,1.5142857142857145
Louis Smolka,17,9,0,0.045086858506829315,4.67,0.47,4.11,0.53,1.69,0.35,0.32,1.8,Featherweight,33.0,0.3846153846153846,0.3103448275862067,0.7400470707084206,1005.0,29.411764705882355,8.077441176470588,0.29411764705882354,3.648029411764706,26,0.6538461538461539,5.330769230769231
Assuerio Silva,16,8,0,0.20451531627105157,1.42,0.46,4.2,0.54,2.66,0.34,0.25,1.8,Heavyweight,50.0,0.7320261437908496,0.34482758620689663,1.2813690462687979,,0.0,-0.10199999999999998,0.0,4.5360000000000005,24,0.6666666666666666,4.9333333333333345
Johnny Munoz,12,4,0,0.045086858506829315,2.44,0.36,2.66,0.55,2.4,0.25,0.45,1.8,Featherweight,31.0,0.5,0.3103448275862067,0.855431686093036,494.0,16.666666666666664,4.532166666666666,0.16666666666666666,4.324166666666667,16,0.75,3.35
Jake Rosholt,12,5,0,0.12027582548733588,2.68,0.53,2.33,0.49,6.51,0.68,0.0,1.8,Light Heavyweight,43.0,0.6674641148325355,0.4482758620689653,1.2360158023888368,,0.0,0.5,0.0,8.412,17,0.7058823529411765,3.5411764705882356
Sanae Kikuta,31,9,3,0.14285240684259382,0.7,0.45,0.9,0.52,1.6,0.63,0.25,1.8,Light Heavyweight,53.0,0.6674641148325355,0.3103448275862067,1.120661349261336,,0.0,0.20800000000000002,0.0,3.5195,43,0.7209302325581395,8.744186046511627
Eric Schafer,14,8,2,0.12027582548733588,1.89,0.34,3.38,0.56,1.81,0.36,0.5,1.8,Light Heavyweight,47.0,0.6923076923076921,0.5172413793103448,1.3298248971053725,4772.0,33.33333333333333,8.450833333333332,0.0,3.7140000000000004,24,0.5833333333333334,4.916666666666667
Dan Miller,14,8,0,0.12027582548733588,2.03,0.36,3.06,0.49,1.67,0.54,0.47,1.8,Light Heavyweight,43.0,0.6153846153846154,0.4482758620689653,1.1839363029409165,3503.0,12.5,3.319,0.25,3.6605,22,0.6363636363636364,4.527272727272727
Jim Miller,36,17,0,0.07518896698050656,2.86,0.41,3.08,0.58,1.56,0.43,0.48,1.8,Welterweight,41.0,0.5,0.2758620689655172,0.8510510359460237,88.0,18.421052631578945,5.027263157894737,0.3684210526315789,3.564605263157895,53,0.6792452830188679,10.735849056603776
Jesus Aguilar,9,2,0,0.030068956371833978,1.69,0.49,1.03,0.63,2.72,0.37,0.0,1.8,Flyweight,28.0,0.15384615384615374,0.1379310344827586,0.32184614470074635,179.0,25.0,6.710500000000001,0.5,4.7005,11,0.8181818181818182,2.3636363636363638
Alex Serdyukov,8,5,0,0.09773239623392123,4.94,0.48,3.1,0.46,1.84,0.55,0.67,1.8,Middleweight,44.0,0.6153846153846154,0.48275862068965525,1.195875632308192,,0.0,0.9350000000000002,0.0,3.7895000000000003,13,0.6153846153846154,2.723076923076923
Brian Foster,27,10,0,0.09773239623392123,3.3,0.39,1.63,0.65,3.67,0.6,0.37,1.8,Middleweight,40.0,0.5,0.3103448275862067,0.9080772238201279,5198.0,50.0,13.256,0.5,5.7219999999999995,37,0.7297297297297297,7.545945945945946
Lee Murray,8,2,1,0.12027582548733588,0.36,0.15,3.28,0.32,0.9,1.0,0.42,1.8,Light Heavyweight,47.0,0.6674641148325355,0.5172413793103448,1.3049813196302162,,0.0,-0.32399999999999995,0.0,2.8920000000000003,11,0.7272727272727273,2.3454545454545457
Blas Avena,8,7,0,0.09773239623392123,2.34,0.47,3.36,0.43,2.37,0.8,0.5,1.8,Middleweight,41.0,0.6153846153846154,0.41379310344827575,1.1269101150668124,,0.0,0.23949999999999994,0.0,4.34,15,0.5333333333333333,3.1066666666666665
Joe Pyfer,12,2,0,0.12027582548733588,3.64,0.45,2.34,0.55,2.97,0.83,0.5,1.8,Light Heavyweight,28.0,0.6538461538461537,0.48275862068965525,1.2568806000231447,228.0,60.0,15.7315,0.2,4.9944999999999995,14,0.8571428571428571,2.9714285714285715
Sam Spengler,9,5,0,0.12027582548733588,3.27,0.62,3.27,0.54,1.75,0.11,0.75,1.8,Light Heavyweight,41.277864992150704,0.6674641148325355,0.3793103448275862,1.1670502851474576,,0.0,0.532,0.0,3.6414999999999997,14,0.6428571428571429,2.928571428571429
Cole Miller,21,11,0,0.06013791274366793,3.0,0.33,3.88,0.59,0.6,0.36,0.38,1.8,Featherweight,40.0,0.5769230769230766,0.4482758620689653,1.0853368517357098,2979.0,0.0,0.3225000000000001,0.3333333333333333,2.5753333333333335,32,0.65625,6.53125
Casey Olson,14,5,0,0.06013791274366793,2.48,0.6,0.0,1.0,3.54,0.57,1.0,1.8,Featherweight,35.8830242510699,0.4423076923076923,0.24137931034482762,0.7438249153961878,,0.0,0.89,0.0,5.5255,19,0.7368421052631579,3.947368421052632
Daniel Pineda,28,15,0,0.06013791274366793,3.09,0.49,3.18,0.46,1.71,0.25,0.48,1.7,Featherweight,39.0,0.4230769230769229,0.24137931034482762,0.7245941461654184,116.0,15.384615384615385,4.308653846153846,0.3076923076923077,3.572423076923077,43,0.6511627906976745,8.730232558139534
Kendall Grove,23,17,0,0.12027582548733588,2.31,0.41,2.4,0.54,0.49,0.45,0.56,1.7,Light Heavyweight,42.0,0.8076923076923075,0.6206896551724138,1.5486577883520571,5009.0,25.0,6.6305,0.0,2.3135,40,0.575,8.115
Danillo Villefort,15,5,0,0.12027582548733588,2.86,0.37,2.4,0.68,1.71,0.66,0.33,1.7,Light Heavyweight,41.0,0.6674641148325355,0.4482758620689653,1.2360158023888368,,0.0,0.5309999999999999,0.0,3.542,20,0.75,4.15
Karlos Vemola,17,5,0,0.12027582548733588,1.67,0.44,2.13,0.37,1.93,0.25,0.31,1.7,Light Heavyweight,39.0,0.6538461538461537,0.41379310344827575,1.1879150827817653,4267.0,16.666666666666664,4.408166666666666,0.5,3.8235,22,0.7727272727272727,4.554545454545455
Jose Palacios,3,2,0,0.06013791274366793,2.67,0.7,1.0,0.79,0.0,0.0,0.5,1.7,Featherweight,35.8830242510699,0.4423076923076923,0.3103448275862067,0.8127904326375669,,0.0,0.7759999999999999,0.0,1.75,5,0.6,1.12
Cristina Stanciu,5,2,0,0.01501790213499534,2.5,0.5,3.07,0.52,0.85,1.0,0.4,1.7,Strawweight,30.0,0.21923076923076928,0.10344827586206903,0.33769694722783367,3136.0,50.0,12.842500000000001,0.0,2.74,7,0.7142857142857143,1.542857142857143
Tom Aspinall,14,3,0,0.22705874552446628,7.72,0.66,2.77,0.66,3.46,1.0,1.0,1.7,Heavyweight,31.0,0.7692307692307692,0.5862068965517243,1.5824964113069597,200.0,55.55555555555556,15.634388888888891,0.1111111111111111,5.437777777777778,17,0.8235294117647058,3.5647058823529414
Dean Hancock,2,1,0,0.07518896698050656,7.97,0.63,1.94,0.67,1.71,0.33,0.75,1.7,Welterweight,38.13361169102296,0.5218723584108196,0.3329867729451857,0.9300480983365118,,0.0,1.928,0.0,3.5345,3,0.6666666666666666,0.7333333333333334
Nassourdine Imavov,12,4,0,0.12027582548733588,4.55,0.53,3.76,0.58,1.09,0.31,0.72,1.7,Light Heavyweight,29.0,0.6538461538461537,0.5172413793103448,1.2913633586438342,137.0,33.33333333333333,9.099833333333333,0.0,2.9085,16,0.75,3.35
Roman Dolidze,12,2,0,0.12027582548733588,3.02,0.44,3.01,0.55,1.72,0.5,0.33,1.7,Light Heavyweight,36.0,0.6923076923076921,0.48275862068965525,1.295342138484683,130.0,36.36363636363637,9.564909090909092,0.0,3.5279999999999996,14,0.8571428571428571,2.9714285714285715
Brendan Allen,23,5,0,0.12027582548733588,3.87,0.54,3.6,0.46,1.36,0.47,0.58,1.7,Light Heavyweight,29.0,0.6538461538461537,0.48275862068965525,1.2568806000231447,137.0,13.333333333333334,3.9378333333333337,0.4,3.2885000000000004,28,0.8214285714285714,5.764285714285715
Steve Berger,21,23,2,0.09773239623392123,1.0,0.27,3.26,0.36,0.84,0.4,0.16,1.7,Middleweight,51.0,0.5968489341983318,0.3793103448275862,1.0738916752598393,,0.0,-0.13099999999999995,0.0,2.6159999999999997,46,0.45652173913043476,9.291304347826088
David Zawada,17,7,0,0.09773239623392123,3.84,0.41,4.54,0.55,0.97,0.33,0.57,1.7,Middleweight,34.0,0.6538461538461537,0.41379310344827575,1.1653716535283507,1257.0,0.0,0.4435000000000001,0.2,2.8265,24,0.7083333333333334,4.941666666666667
Kin Moy,8,3,0,0.045086858506829315,2.3,0.33,1.93,0.62,1.67,0.42,0.5,1.7,Featherweight,35.8830242510699,0.4423076923076923,0.17241379310344812,0.6598083439179697,,0.0,0.4445,0.0,3.4829999999999997,11,0.7272727272727273,2.3454545454545457
Erisson Ferreira,12,2,0,0.030068956371833978,1.75,0.32,2.75,0.56,1.11,1.0,0.66,1.7,Flyweight,33.0,0.4615384615384617,0.20689655172413768,0.6985039696344333,,0.0,0.17300000000000004,0.0,3.026,14,0.8571428571428571,2.9714285714285715
Billy Giovanella,9,5,0,0.030068956371833978,1.27,0.4,2.02,0.52,0.87,0.12,1.0,1.7,Flyweight,33.27091633466136,0.34781884781884764,0.2758620689655172,0.6537498731561988,,0.0,0.17250000000000004,0.0,2.6879999999999997,14,0.6428571428571429,2.928571428571429
Charlene Gellner,0,4,0,0.030068956371833978,2.01,0.42,3.24,0.43,0.0,0.0,0.0,1.7,Flyweight,33.27091633466136,0.34781884781884764,0.0689655172413791,0.4468533214320607,,0.0,0.16499999999999992,0.0,1.7,4,0.0,0.8
Stefan Struve,33,13,0,0.24058480307651503,3.12,0.47,4.04,0.46,0.56,0.46,0.55,1.7,Heavyweight,36.0,1.0,0.793103448275862,2.033688251352377,1572.0,55.00000000000001,14.087000000000002,0.2,2.4339999999999997,46,0.717391304347826,9.343478260869567
Donny Walker,15,10,0,0.045086858506829315,1.81,0.37,3.85,0.46,0.0,0.0,0.57,1.7,Featherweight,35.8830242510699,0.4423076923076923,0.3103448275862067,0.7977393784007283,4897.0,0.0,0.017999999999999905,0.5,1.882,25,0.6,5.12
Jason Knight,20,5,0,0.06013791274366793,2.95,0.33,3.02,0.51,1.31,0.31,0.47,1.7,Featherweight,32.0,0.5,0.34482758620689663,0.9049654989505646,2293.0,22.22222222222222,5.982555555555555,0.1111111111111111,3.1312777777777776,25,0.8,5.16
Cole Smith,7,2,0,0.045086858506829315,1.78,0.35,1.96,0.49,1.67,0.33,0.45,1.7,Featherweight,35.0,0.34615384615384626,0.3793103448275862,0.7705510494882617,1621.0,0.0,0.29450000000000004,0.0,3.4645,9,0.7777777777777778,1.9555555555555557
Misha Cirkunov,15,9,0,0.15037793396101312,3.86,0.51,3.06,0.57,4.15,0.39,0.76,1.7,Light Heavyweight,37.0,0.7307692307692308,0.5172413793103448,1.3983885440405888,851.0,38.46153846153847,10.308884615384617,0.46153846153846156,6.099884615384616,24,0.625,4.925000000000001
Ralek Gracie,3,1,0,0.1578703089775892,1.61,0.46,1.05,0.55,2.5,0.75,0.0,1.7,Heavyweight,39.0,0.7320261437908496,0.48275862068965525,1.3726550734580942,,0.0,0.4195000000000001,0.0,4.3125,4,0.75,0.9500000000000001
Kazushi Sakuraba,26,17,1,0.12027582548733588,1.26,0.41,2.03,0.51,1.26,0.31,0.48,1.7,Light Heavyweight,55.0,0.6674641148325355,0.41379310344827575,1.2015330437681473,,0.0,0.1690000000000001,0.0,3.0545,44,0.5909090909090909,8.91818181818182
Dustin Neace,25,21,1,0.06013791274366793,2.08,0.32,2.66,0.56,0.0,0.0,0.0,1.7,Featherweight,35.8830242510699,0.4423076923076923,0.3103448275862067,0.8127904326375669,4820.0,0.0,0.269,1.0,1.95,47,0.5319148936170213,9.506382978723405
Claude Patrick,14,2,0,0.09773239623392123,1.8,0.55,0.89,0.69,2.32,0.53,0.84,1.7,Middleweight,44.0,0.6538461538461537,0.3793103448275862,1.1308888949076612,4813.0,0.0,0.53,0.25,4.2459999999999996,16,0.875,3.375
Simeon Thoresen,17,6,1,0.09773239623392123,3.85,0.43,3.85,0.64,1.12,0.4,0.5,1.7,Middleweight,40.0,0.8076923076923075,0.4482758620689653,1.3537005659951942,4400.0,33.33333333333333,8.900333333333332,0.3333333333333333,3.0133333333333336,24,0.7083333333333334,4.941666666666667
Cody Donovan,8,5,0,0.15037793396101312,5.61,0.59,5.44,0.45,1.67,0.28,0.0,1.7,Light Heavyweight,43.0,0.6153846153846154,0.5172413793103448,1.2830039286559733,3861.0,100.0,25.772000000000002,0.0,3.412,13,0.6153846153846154,2.723076923076923
Carlo Prater,31,18,1,0.07518896698050656,2.03,0.47,4.07,0.35,0.43,0.09,0.57,1.7,Welterweight,43.0,0.5384615384615383,0.3793103448275862,0.9929608502696311,4513.0,0.0,0.04349999999999987,0.0,2.2005,50,0.62,10.124
Damon Jackson,22,6,1,0.06013791274366793,3.02,0.4,3.46,0.5,2.44,0.34,0.4,1.6,Featherweight,36.0,0.5,0.3793103448275862,0.9394482575712542,88.0,16.666666666666664,4.557666666666666,0.25,4.1935,29,0.7586206896551724,5.951724137931035
Gina Carano,7,1,0,0.06013791274366793,4.5,0.47,2.66,0.64,1.24,0.66,0.85,1.6,Featherweight,42.0,0.4423076923076923,0.2758620689655172,0.7783076740168774,,0.0,0.9160000000000001,0.0,3.024,8,0.875,1.7750000000000001
Bobby Nash,8,4,0,0.09773239623392123,3.42,0.37,3.95,0.51,2.37,0.33,1.0,1.6,Middleweight,34.0,0.6153846153846154,0.41379310344827575,1.1269101150668124,2636.0,33.33333333333333,8.746333333333332,0.0,4.1195,12,0.6666666666666666,2.5333333333333337
Paulo Filho,23,6,3,0.12027582548733588,1.86,0.48,1.67,0.66,2.4,0.32,0.42,1.6,Light Heavyweight,46.0,0.6674641148325355,0.2758620689655172,1.0636020092853886,,0.0,0.40950000000000003,0.0,4.09,32,0.71875,6.54375
Roland Delorme,9,5,0,0.045086858506829315,2.28,0.44,4.32,0.4,2.51,0.34,0.42,1.6,Featherweight,41.0,0.5,0.3103448275862067,0.855431686093036,3826.0,0.0,0.06999999999999995,0.3333333333333333,4.286333333333332,14,0.6428571428571429,2.928571428571429
Myktybek Orolbai,12,1,1,0.09773239623392123,0.87,0.4,1.52,0.48,11.41,0.7,0.0,1.6,Middleweight,27.0,0.6153846153846154,0.34482758620689663,1.0579445978254332,109.0,0.0,0.14150000000000001,0.3333333333333333,13.198333333333334,14,0.8571428571428571,2.9714285714285715
Daniel Barez,16,6,0,0.030068956371833978,3.8,0.53,5.32,0.55,4.07,0.31,0.91,1.6,Flyweight,36.0,0.3076923076923075,0.20689655172413768,0.5446578157882791,137.0,0.0,0.3405,0.5,5.932500000000001,22,0.7272727272727273,4.545454545454546
Mateusz Rebecki,18,1,0,0.07518896698050656,5.31,0.53,2.01,0.63,4.16,0.72,0.66,1.6,Welterweight,32.0,0.3076923076923075,0.24137931034482762,0.6242605850176417,109.0,40.0,11.2265,0.2,5.983999999999999,19,0.9473684210526315,3.9894736842105267
Miguel Torres,44,9,0,0.045086858506829315,3.98,0.43,1.86,0.74,0.0,0.0,0.17,1.6,Featherweight,44.0,0.6923076923076921,0.3103448275862067,1.047739378400728,4680.0,25.0,7.163,0.0,1.617,53,0.8301886792452831,10.766037735849059
George Sotiropoulos,14,7,0,0.07518896698050656,2.61,0.27,2.52,0.67,2.32,0.31,0.53,1.6,Welterweight,47.0,0.5,0.34482758620689663,0.9200165531874032,4134.0,33.33333333333333,8.762333333333332,0.16666666666666666,4.061166666666667,21,0.6666666666666666,4.333333333333334
Deiveson Figueiredo,22,3,1,0.045086858506829315,3.08,0.55,3.46,0.51,1.65,0.44,0.58,1.6,Featherweight,37.0,0.3846153846153846,0.17241379310344812,0.602116036225662,81.0,18.75,5.125,0.25,3.4365,26,0.8461538461538461,5.36923076923077
Chris Wilson,18,10,0,0.09773239623392123,2.32,0.5,1.36,0.55,1.31,0.5,0.6,1.6,Middleweight,47.0,0.6538461538461537,0.4482758620689653,1.1998544121490404,,0.0,0.5585,0.0,3.045,28,0.6428571428571429,5.7285714285714295
Jess Liaudin,20,11,0,0.09773239623392123,2.46,0.51,2.76,0.41,3.28,0.53,0.3,1.6,Middleweight,39.515151515151516,0.5384615384615383,0.3103448275862067,0.9465387622816662,,0.0,0.3645,0.0,4.9895,31,0.6451612903225806,6.329032258064516
Kestutis Smirnovas,24,8,2,0.14285240684259382,4.95,0.52,5.05,0.54,1.55,0.5,1.0,1.6,Light Heavyweight,41.277864992150704,0.6674641148325355,0.34482758620689663,1.155144107882026,,0.0,0.6650000000000001,0.0,3.325,34,0.7058823529411765,6.941176470588236
Marcio Cruz,8,3,0,0.19095610661715953,2.92,0.46,1.51,0.68,0.53,0.07,0.37,1.6,Heavyweight,46.0,0.7320261437908496,0.5517241379310344,1.4747063883390434,,0.0,0.6975,0.0,2.1775,11,0.7272727272727273,2.3454545454545457
Paul Craig,17,7,1,0.12027582548733588,2.42,0.46,2.86,0.45,1.76,0.22,0.37,1.6,Light Heavyweight,37.0,0.6923076923076921,0.5172413793103448,1.3298248971053725,88.0,38.88888888888889,10.057722222222223,0.4444444444444444,3.541111111111111,25,0.68,5.136
Neil Seery,16,13,0,0.030068956371833978,3.56,0.41,3.79,0.58,0.78,0.27,0.53,1.6,Flyweight,45.0,0.23076923076923084,0.1379310344827586,0.39876922162382344,2768.0,0.0,0.49049999999999994,0.2857142857142857,2.5449285714285717,29,0.5517241379310345,5.910344827586208
Ryuta Sakurai,24,24,6,0.1172921363214428,1.8,0.48,3.44,0.58,0.52,1.0,0.36,1.6,Middleweight,39.515151515151516,0.5968489341983318,0.24137931034482762,0.9555203808646022,,0.0,0.11699999999999999,0.0,2.306,54,0.4444444444444444,10.88888888888889
Shane Nelson,16,7,0,0.07518896698050656,1.38,0.31,2.84,0.61,1.31,0.18,0.54,1.6,Welterweight,40.0,0.4615384615384617,0.3103448275862067,0.8470722561051749,,0.0,0.07249999999999995,0.0,2.991,23,0.6956521739130435,4.739130434782609
Steven Siler,29,16,0,0.06013791274366793,3.21,0.41,2.96,0.54,0.47,0.21,0.55,1.6,Featherweight,37.0,0.4615384615384617,0.3793103448275862,0.9009867191097158,3854.0,22.22222222222222,6.077055555555555,0.1111111111111111,2.184277777777778,45,0.6444444444444445,9.12888888888889
Bryce Mitchell,16,2,0,0.06013791274366793,2.34,0.58,1.64,0.58,3.51,0.41,0.33,1.6,Featherweight,30.0,0.4615384615384617,0.34482758620689663,0.8665039604890262,67.0,20.0,5.542000000000001,0.2,5.254499999999999,18,0.8888888888888888,3.7777777777777777
Marcus McGhee,8,1,0,0.045086858506829315,3.42,0.48,1.81,0.77,0.0,0.0,1.0,1.6,Featherweight,34.0,0.4230769230769229,0.2758620689655172,0.7440258505492694,88.0,50.0,13.295,0.25,1.7625000000000002,9,0.8888888888888888,1.9777777777777779
Eiji Mitsuoka,18,9,2,0.06013791274366793,1.49,0.49,2.26,0.45,2.3,0.36,0.2,1.6,Featherweight,49.0,0.4423076923076923,0.24137931034482762,0.7438249153961878,4568.0,100.0,25.199,0.0,3.9739999999999998,29,0.6206896551724138,5.924137931034483
Jamie Colleen,4,1,0,0.01501790213499534,3.11,0.61,5.66,0.33,0.52,0.33,0.5,1.6,Strawweight,39.0,0.26923076923076916,0.10344827586206903,0.38769694722783354,,0.0,0.09999999999999998,0.0,2.2195,5,0.8,1.1600000000000001
Mayra Bueno Silva,10,2,1,0.045086858506829315,4.16,0.54,4.71,0.57,0.35,0.5,0.68,1.6,Featherweight,33.0,0.3076923076923075,0.20689655172413768,0.5596757179232745,228.0,0.0,0.527,0.3333333333333333,2.1763333333333335,13,0.7692307692307693,2.753846153846154
Rafaello Oliveira,17,8,0,0.07518896698050656,2.19,0.33,3.38,0.59,2.49,0.36,0.11,1.6,Welterweight,43.0,0.5,0.2758620689655172,0.8510510359460237,4008.0,50.0,12.695,0.16666666666666666,4.196666666666667,25,0.68,5.136
Caio Magalhaes,10,3,0,0.12027582548733588,2.27,0.4,2.78,0.56,1.05,0.15,0.58,1.6,Light Heavyweight,37.0,0.5769230769230766,0.4482758620689653,1.1454747644793777,3077.0,28.57142857142857,7.457357142857142,0.2857142857142857,2.8019285714285718,13,0.7692307692307693,2.753846153846154
Satoshi Ishii,15,8,1,0.20299031958626176,1.41,0.36,1.58,0.63,3.47,0.52,1.0,1.6,Heavyweight,38.0,0.7320261437908496,0.3793103448275862,1.3143268082046977,,0.0,0.28200000000000003,0.0,5.248,24,0.625,4.925000000000001
Justin James,13,7,0,0.07518896698050656,1.34,0.36,2.68,0.5,0.0,0.0,0.5,1.6,Welterweight,48.0,0.5218723584108196,0.34482758620689663,0.9418889115982227,,0.0,0.08000000000000002,0.0,1.6500000000000001,20,0.65,4.13
Jerrod Sanders,16,3,0,0.045086858506829315,0.88,0.64,1.14,0.46,2.2,0.33,0.5,1.6,Featherweight,45.0,0.5384615384615383,0.2758620689655172,0.8594104659338848,3142.0,0.0,0.246,0.3333333333333333,3.9828333333333337,19,0.8421052631578947,3.9684210526315793
Saimon Oliveira,18,5,0,0.045086858506829315,2.82,0.41,3.91,0.48,1.21,0.25,0.35,1.6,Featherweight,33.0,0.5384615384615383,0.1379310344827586,0.7214794314511263,753.0,50.0,12.7725,0.0,2.8825000000000003,23,0.782608695652174,4.756521739130435
Fabricio Camoes,14,9,1,0.07518896698050656,1.29,0.33,1.85,0.61,2.34,0.32,0.2,1.5,Welterweight,46.0,0.5,0.34482758620689663,0.9200165531874032,3763.0,0.0,0.20249999999999996,0.8,4.108,24,0.5833333333333334,4.916666666666667
Pawel Nastula,5,6,0,0.18797241745126642,1.3,0.43,1.73,0.5,3.0,0.6,0.0,1.5,Heavyweight,54.0,0.7320261437908496,0.41379310344827575,1.3337916646903918,,0.0,0.22650000000000003,0.0,4.59,11,0.45454545454545453,2.290909090909091
Shavkat Rakhmonov,17,0,0,0.09773239623392123,4.45,0.59,2.61,0.53,1.49,0.33,1.0,1.5,Middleweight,30.0,0.7307692307692308,0.4482758620689653,1.2767774890721175,67.0,14.285714285714285,4.489928571428572,0.5714285714285714,3.2823571428571428,17,1.0,3.6000000000000005
Dileno Lopes,19,3,0,0.045086858506829315,2.37,0.36,3.33,0.53,2.5,0.31,1.0,1.5,Featherweight,35.8830242510699,0.4423076923076923,0.17241379310344812,0.6598083439179697,3142.0,0.0,0.2445,0.0,4.1465,22,0.8636363636363636,4.572727272727273
Mike Pyle,27,14,1,0.09773239623392123,2.74,0.45,2.84,0.6,1.8,0.35,0.7,1.5,Middleweight,49.0,0.6153846153846154,0.41379310344827575,1.1269101150668124,2538.0,68.75,17.6265,0.0625,3.4381250000000003,42,0.6428571428571429,8.528571428571428
Thomas Denny,27,21,1,0.09773239623392123,2.36,0.45,4.69,0.4,1.48,0.17,0.42,1.5,Middleweight,53.0,0.5968489341983318,0.34482758620689663,1.0394089166391498,,0.0,0.03649999999999998,0.0,3.0475000000000003,49,0.5510204081632653,9.910204081632653
Matt Veach,17,5,0,0.07518896698050656,1.12,0.28,4.91,0.44,3.64,0.38,1.0,1.5,Welterweight,43.0,0.5218723584108196,0.3793103448275862,0.9763716702189124,5422.0,0.0,-0.3345,1.0,5.547000000000001,22,0.7727272727272727,4.554545454545455
Ryan Spann,21,9,0,0.15037793396101312,3.42,0.4,3.91,0.45,1.29,0.35,0.47,1.5,Light Heavyweight,33.0,0.8076923076923075,0.5862068965517243,1.5442771382050449,130.0,23.076923076923077,6.1852307692307695,0.38461538461538464,2.985653846153846,30,0.7,6.14
Godofredo Pepey,13,6,0,0.06013791274366793,2.32,0.38,3.23,0.47,0.37,0.07,0.35,1.5,Featherweight,37.0,0.5769230769230766,0.24137931034482762,0.8784403000115721,2573.0,36.36363636363637,9.33290909090909,0.2727272727272727,1.983681818181818,19,0.6842105263157895,3.936842105263158
Gerald Meerschaert,35,17,0,0.12027582548733588,3.3,0.44,3.5,0.53,2.01,0.37,0.34,1.5,Light Heavyweight,37.0,0.7307692307692308,0.4482758620689653,1.2993209183255319,95.0,18.181818181818183,5.012954545454545,0.5,3.7244999999999995,52,0.6730769230769231,10.534615384615385
Max Rohskopf,5,1,0,0.07518896698050656,1.7,0.31,5.8,0.42,3.0,0.33,0.0,1.5,Welterweight,30.0,0.5,0.4482758620689653,1.023464829049472,1698.0,0.0,-0.31999999999999995,0.0,4.5495,6,0.8333333333333334,1.366666666666667
Joe Solecki,13,4,0,0.07518896698050656,2.21,0.56,1.53,0.52,2.65,0.5,0.5,1.5,Welterweight,31.0,0.4615384615384617,0.3103448275862067,0.8470722561051749,256.0,0.0,0.5129999999999999,0.375,4.36875,17,0.7647058823529411,3.5529411764705885
Javier Vazquez,16,5,0,0.06013791274366793,2.43,0.36,1.99,0.72,2.56,0.52,0.57,1.5,Featherweight,47.0,0.4230769230769229,0.24137931034482762,0.7245941461654184,4980.0,0.0,0.489,0.0,4.195,21,0.7619047619047619,4.352380952380953
Chris Indich,6,4,0,0.09773239623392123,1.31,0.3,4.32,0.43,0.75,0.5,0.5,1.5,Middleweight,39.515151515151516,0.5968489341983318,0.34482758620689663,1.0394089166391498,3882.0,50.0,12.304,0.0,2.375,10,0.6,2.12
Gavin Tucker,13,3,0,0.06013791274366793,4.29,0.44,4.18,0.57,3.13,0.44,0.53,1.5,Featherweight,38.0,0.3076923076923075,0.20689655172413768,0.574726772160113,557.0,0.0,0.6190000000000001,0.14285714285714285,4.784714285714285,16,0.8125,3.3625000000000003
Mike Malott,10,1,1,0.09773239623392123,4.21,0.42,3.07,0.56,2.53,0.55,0.0,1.5,Middleweight,33.0,0.5769230769230766,0.4482758620689653,1.1229313352259633,102.0,40.0,10.76,0.4,4.2124999999999995,12,0.8333333333333334,2.566666666666667
Oskar Piechota,11,3,1,0.12027582548733588,3.3,0.52,3.93,0.51,0.61,0.4,0.38,1.5,Light Heavyweight,35.0,0.6923076923076921,0.41379310344827575,1.2263766212433036,1698.0,50.0,12.916,0.3333333333333333,2.2913333333333337,15,0.7333333333333333,3.1466666666666665
Jason Von Flue,14,12,1,0.09773239623392123,1.89,0.36,3.23,0.52,0.62,0.16,0.58,1.5,Middleweight,49.0,0.5968489341983318,0.41379310344827575,1.1083744338805288,,0.0,0.13799999999999996,0.0,2.202,27,0.5185185185185185,5.503703703703704
Tony DeSouza,11,4,0,0.09773239623392123,1.12,0.52,1.57,0.41,2.25,0.42,0.4,1.5,Middleweight,50.0,0.4615384615384617,0.41379310344827575,0.9730639612206586,,0.0,0.21000000000000002,0.0,3.853,15,0.7333333333333333,3.1466666666666665
Ilia Topuria,14,0,0,0.06013791274366793,4.44,0.46,3.05,0.67,2.19,0.56,0.92,1.5,Featherweight,28.0,0.4230769230769229,0.24137931034482762,0.7245941461654184,109.0,50.0,13.345,0.125,3.89725,14,1.0,3.0000000000000004
Ryuki Ueyama,12,18,5,0.11278345047075986,0.13,0.21,1.4,0.46,0.5,1.0,0.0,1.5,Middleweight,48.0,0.5968489341983318,0.3793103448275862,1.088942729496678,,0.0,-0.06649999999999998,0.0,2.15,35,0.34285714285714286,7.0685714285714285
Charles Byrd,10,7,0,0.12027582548733588,3.43,0.55,2.63,0.55,2.5,0.5,0.4,1.5,Light Heavyweight,41.0,0.5769230769230766,0.34482758620689663,1.0420264886173092,1712.0,75.0,19.4055,0.25,4.1775,17,0.5882352941176471,3.51764705882353
Teemu Packalen,8,3,0,0.07518896698050656,2.57,0.54,3.91,0.47,2.31,0.25,1.0,1.5,Welterweight,37.0,0.6538461538461537,0.4482758620689653,1.1773109828956256,1985.0,50.0,12.7345,0.25,4.01,11,0.7272727272727273,2.3454545454545457
Rafael Alves,20,12,0,0.07518896698050656,1.85,0.48,3.3,0.58,0.29,0.25,0.44,1.5,Welterweight,34.0,0.3846153846153846,0.2758620689655172,0.7356664205614083,718.0,25.0,6.4005,0.25,1.934,32,0.625,6.525
Thiago Tavares,21,7,1,0.06013791274366793,2.0,0.4,2.31,0.62,3.83,0.42,0.62,1.5,Featherweight,40.0,0.4615384615384617,0.24137931034482762,0.7630556846269572,3141.0,50.0,12.8265,0.4,5.555,29,0.7241379310344828,5.944827586206897
Andre Muniz,23,6,0,0.12027582548733588,2.17,0.5,2.03,0.53,2.97,0.4,0.35,1.5,Light Heavyweight,34.0,0.7692307692307692,0.4482758620689653,1.3377824567870702,431.0,12.5,3.5425,0.25,4.6275,29,0.7931034482758621,5.958620689655173
Matt Wiman,16,10,0,0.07518896698050656,3.17,0.5,3.57,0.51,2.13,0.37,0.56,1.5,Welterweight,41.0,0.3846153846153846,0.34482758620689663,0.8046319378027877,1530.0,20.0,5.4335,0.2,3.7914999999999996,26,0.6153846153846154,5.323076923076924
Patrick Walsh,10,3,0,0.12027582548733588,2.03,0.19,2.83,0.64,3.0,0.54,1.0,1.5,Light Heavyweight,41.277864992150704,0.6674641148325355,0.3793103448275862,1.1670502851474576,3651.0,0.0,0.21699999999999997,0.0,4.681,13,0.7692307692307693,2.753846153846154
Michihiro Omigawa,17,14,1,0.06013791274366793,2.01,0.39,3.06,0.64,1.19,0.36,0.49,1.5,Featherweight,49.0,0.3846153846153846,0.20689655172413768,0.6516498490831901,4575.0,0.0,0.21750000000000003,0.0,2.793,32,0.53125,6.5062500000000005
Paul Kelly,14,5,0,0.07518896698050656,3.22,0.37,2.61,0.59,1.34,0.6,0.3,1.5,Welterweight,40.0,0.4615384615384617,0.3103448275862067,0.8470722561051749,5121.0,25.0,6.8260000000000005,0.5,3.085,19,0.7368421052631579,3.947368421052632
Grant Dawson,20,2,1,0.07518896698050656,2.97,0.51,2.27,0.45,3.68,0.36,0.4,1.5,Welterweight,30.0,0.5384615384615383,0.34482758620689663,0.9584780916489415,123.0,18.181818181818183,5.116954545454546,0.36363636363636365,5.364909090909091,23,0.8695652173913043,4.773913043478261
Gadzhimurad Antigulov,20,8,0,0.15037793396101312,2.08,0.55,4.21,0.4,5.08,0.36,0.0,1.4,Light Heavyweight,38.0,0.4615384615384617,0.3793103448275862,0.9912267403270609,1579.0,33.33333333333333,8.39183333333333,0.5,6.659000000000001,28,0.7142857142857143,5.742857142857144
Said Nurmagomedov,18,3,0,0.045086858506829315,3.55,0.47,2.13,0.57,1.01,0.16,0.66,1.4,Featherweight,32.0,0.4615384615384617,0.2758620689655172,0.7824873890108082,480.0,11.11111111111111,3.5252777777777777,0.3333333333333333,2.5833333333333335,21,0.8571428571428571,4.371428571428572
Brian Bowles,10,3,0,0.045086858506829315,2.36,0.26,2.98,0.64,1.39,0.7,0.54,1.4,Featherweight,44.0,0.4615384615384617,0.24137931034482762,0.7480046303901187,4281.0,25.0,6.5409999999999995,0.5,3.074,13,0.7692307692307693,2.753846153846154
Dokonjonosuke Mishima,21,7,2,0.07518896698050656,1.06,0.41,1.22,0.52,2.47,0.4,0.25,1.4,Welterweight,52.0,0.5218723584108196,0.24137931034482762,0.8384406357361538,,0.0,0.24200000000000005,0.0,3.955,30,0.7,6.14
Luke Cummo,6,6,0,0.09773239623392123,1.74,0.43,1.5,0.59,0.89,0.55,0.42,1.4,Middleweight,44.0,0.6153846153846154,0.41379310344827575,1.1269101150668124,,0.0,0.38450000000000006,0.0,2.4145,12,0.5,2.5000000000000004
Joe Taimanglo,23,7,1,0.045086858506829315,4.18,0.42,4.55,0.59,5.45,0.4,1.0,1.4,Featherweight,35.8830242510699,0.4423076923076923,0.1379310344827586,0.6253255852972802,,0.0,0.535,0.0,7.01,31,0.7419354838709677,6.348387096774194
Terry Etim,16,5,0,0.07518896698050656,2.16,0.35,2.53,0.67,0.43,0.3,0.39,1.4,Welterweight,39.0,0.5769230769230766,0.4482758620689653,1.1003879059725485,4379.0,25.0,6.5809999999999995,0.5,2.0389999999999997,21,0.7619047619047619,4.352380952380953
Bobby Moffett,13,5,0,0.06013791274366793,3.41,0.39,3.15,0.61,2.74,0.66,0.66,1.4,Featherweight,34.0,0.5769230769230766,0.34482758620689663,0.9818885758736412,2013.0,0.0,0.5495000000000001,0.3333333333333333,4.388333333333333,18,0.7222222222222222,3.7444444444444445
Josh Barnett,35,8,0,0.21804137382310043,3.2,0.5,2.11,0.57,1.26,0.55,0.55,1.4,Heavyweight,47.0,0.7692307692307692,0.5172413793103448,1.5045135223642143,3084.0,40.0,10.669,0.4,2.8975,43,0.813953488372093,8.762790697674419
Mackenzie Dern,13,4,0,0.01501790213499534,3.49,0.4,4.21,0.51,0.77,0.14,0.4,1.4,Strawweight,31.0,0.1923076923076925,0.1379310344827586,0.34525662892544645,193.0,7.142857142857142,2.1832142857142856,0.14285714285714285,2.2667142857142855,17,0.7647058823529411,3.5529411764705885
Chel Erwin-Davis,5,1,0,0.09773239623392123,4.06,0.54,1.13,0.61,4.25,1.0,0.5,1.4,Middleweight,39.515151515151516,0.5968489341983318,0.41379310344827575,1.1083744338805288,,0.0,1.045,0.0,5.85,6,0.8333333333333334,1.366666666666667
Colton Smith,7,4,0,0.07518896698050656,1.64,0.41,2.3,0.51,4.09,0.36,0.25,1.4,Welterweight,37.0,0.5,0.41379310344827575,0.9889820704287823,3882.0,25.0,6.4735000000000005,0.5,5.694000000000001,11,0.6363636363636364,2.3272727272727276
Tony Kelley,8,3,0,0.045086858506829315,5.55,0.47,4.85,0.45,0.0,0.0,0.52,1.4,Featherweight,38.0,0.4615384615384617,0.3103448275862067,0.8169701476314977,970.0,66.66666666666666,17.488166666666665,0.0,1.452,11,0.7272727272727273,2.3454545454545457
Darrell Montague,13,5,0,0.030068956371833978,1.92,0.25,5.38,0.52,0.72,0.25,0.33,1.4,Flyweight,37.0,0.34615384615384626,0.20689655172413768,0.5831193542498179,3503.0,66.66666666666666,16.467666666666666,0.0,2.1905,18,0.7222222222222222,3.7444444444444445
Rodolfo Vieira,9,2,0,0.12027582548733588,3.36,0.54,4.84,0.48,3.7,0.26,1.0,1.4,Light Heavyweight,35.0,0.5769230769230766,0.41379310344827575,1.1109920058586882,368.0,0.0,0.29400000000000004,0.7142857142857143,5.41757142857143,11,0.8181818181818182,2.3636363636363638
Carlos Eduardo Rocha,9,4,0,0.09773239623392123,1.24,0.34,1.85,0.55,0.0,0.0,0.52,1.4,Middleweight,43.0,0.5769230769230766,0.34482758620689663,1.0194830593638944,4632.0,0.0,0.183,0.3333333333333333,1.5353333333333332,13,0.6923076923076923,2.7384615384615385
Tom Lawlor,10,6,0,0.15037793396101312,2.5,0.42,2.41,0.6,2.46,0.32,0.57,1.4,Light Heavyweight,41.0,0.6153846153846154,0.41379310344827575,1.1795556527939044,3266.0,25.0,6.687499999999999,0.375,4.05875,16,0.625,3.325
Michael McDonald,17,4,0,0.045086858506829315,2.69,0.42,2.76,0.57,1.09,0.66,0.52,1.4,Featherweight,34.0,0.4615384615384617,0.3103448275862067,0.8169701476314977,3136.0,33.33333333333333,8.761333333333333,0.4444444444444444,2.752111111111111,21,0.8095238095238095,4.361904761904762
Walel Watson,14,10,0,0.045086858506829315,2.1,0.29,3.79,0.43,0.0,0.0,0.61,1.4,Featherweight,40.0,0.6538461538461537,0.3793103448275862,1.0782433571805692,4526.0,25.0,6.329,0.25,1.5234999999999999,24,0.5833333333333334,4.916666666666667
Mike Massenzio,13,9,0,0.12027582548733588,2.08,0.45,3.59,0.54,2.74,0.24,0.5,1.4,Light Heavyweight,42.0,0.5769230769230766,0.48275862068965525,1.1799575231000676,4666.0,0.0,0.15249999999999997,0.6,4.376,22,0.5909090909090909,4.5181818181818185
Roan Carneiro,21,11,0,0.09773239623392123,1.46,0.46,1.82,0.62,3.05,0.42,0.83,1.4,Middleweight,46.0,0.6923076923076921,0.3793103448275862,1.1693504333691995,2923.0,25.0,6.527,0.25,4.6585,32,0.65625,6.53125
Hector Sandoval,14,4,0,0.030068956371833978,3.31,0.52,2.33,0.65,3.49,0.25,0.71,1.4,Flyweight,38.0,0.23076923076923084,0.0689655172413791,0.3298037043824439,2748.0,50.0,13.179499999999999,0.25,5.061,18,0.7777777777777778,3.7555555555555555
Mario Sperry,13,4,0,0.15037793396101312,2.81,0.52,1.53,0.47,2.09,0.42,0.71,1.4,Light Heavyweight,58.0,0.6674641148325355,0.48275862068965525,1.300600669483204,,0.0,0.6475,0.0,3.624,17,0.7647058823529411,3.5529411764705885
Livinha Souza,14,4,0,0.01501790213499534,1.75,0.45,3.6,0.56,2.54,0.45,0.4,1.4,Strawweight,33.0,0.1923076923076925,0.10344827586206903,0.3107738703047569,1208.0,0.0,0.0714999999999999,0.16666666666666666,4.089166666666666,18,0.7777777777777778,3.7555555555555555
Nikita Krylov,30,9,0,0.15037793396101312,4.38,0.55,2.47,0.44,2.29,0.38,0.53,1.4,Light Heavyweight,32.0,0.7307692307692308,0.5172413793103448,1.3983885440405888,704.0,27.77777777777778,7.844944444444446,0.5,3.925,39,0.7692307692307693,7.953846153846155
Robert McDaniel,28,10,0,0.12027582548733588,1.64,0.44,1.98,0.56,0.93,0.5,0.5,1.4,Light Heavyweight,41.0,0.6538461538461537,0.5172413793103448,1.2913633586438342,,0.0,0.285,0.0,2.455,38,0.7368421052631579,7.747368421052632
Jason Dent,22,13,0,0.07518896698050656,2.01,0.39,3.7,0.62,0.0,0.0,0.26,1.4,Welterweight,44.0,0.5,0.34482758620689663,0.9200165531874032,,0.0,0.11849999999999994,0.0,1.426,35,0.6285714285714286,7.1257142857142854
Fernando Gonzalez,26,14,0,0.09773239623392123,4.47,0.47,4.03,0.65,0.86,0.33,0.43,1.4,Middleweight,41.0,0.3846153846153846,0.3103448275862067,0.7926926084355125,,0.0,0.7044999999999999,0.0,2.3525,40,0.65,8.13
Yaotzin Meza,21,11,0,0.06013791274366793,1.43,0.41,1.62,0.64,1.06,0.2,0.18,1.4,Featherweight,44.0,0.5,0.3103448275862067,0.8704827403298746,3273.0,16.666666666666664,4.459166666666666,0.16666666666666666,2.5496666666666665,32,0.65625,6.53125
Kengo Ura,14,12,2,0.09020686911550194,1.05,0.37,2.38,0.48,2.85,0.28,0.5,1.4,Welterweight,38.13361169102296,0.5218723584108196,0.3103448275862067,0.9224240551125282,,0.0,0.051500000000000046,0.0,4.342,28,0.5,5.7
Jimy Hettes,11,3,0,0.06013791274366793,3.47,0.57,3.5,0.57,5.2,0.44,0.61,1.4,Featherweight,37.0,0.5,0.3103448275862067,0.8704827403298746,3588.0,16.666666666666664,4.708666666666666,0.16666666666666666,6.768666666666667,14,0.7857142857142857,2.9571428571428573
Erick Silva,19,9,0,0.09773239623392123,2.5,0.48,4.18,0.49,0.85,0.35,0.56,1.4,Middleweight,40.0,0.6153846153846154,0.41379310344827575,1.1269101150668124,2615.0,40.0,10.167499999999999,0.3333333333333333,2.4418333333333333,28,0.6785714285714286,5.735714285714287
Claudio Puelles,13,3,0,0.07518896698050656,1.82,0.49,2.93,0.47,2.41,0.3,0.6,1.4,Welterweight,28.0,0.5384615384615383,0.34482758620689663,0.9584780916489415,354.0,28.57142857142857,7.3268571428571425,0.42857142857142855,4.022142857142857,16,0.8125,3.3625000000000003
Benoit Saint Denis,13,1,0,0.07518896698050656,5.53,0.52,5.2,0.44,4.55,0.36,0.66,1.4,Welterweight,29.0,0.5769230769230766,0.3793103448275862,1.0314223887311695,137.0,50.0,13.2725,0.25,6.1325,14,0.9285714285714286,2.9857142857142858
Roger Zapata,4,2,0,0.09773239623392123,2.6,0.51,2.13,0.36,0.0,0.0,0.81,1.4,Middleweight,38.0,0.5968489341983318,0.3793103448275862,1.0738916752598393,3427.0,0.0,0.4865000000000001,0.0,1.4809999999999999,6,0.6666666666666666,1.3333333333333335
Elias Garcia,6,2,0,0.030068956371833978,1.59,0.27,5.05,0.5,0.68,0.14,0.33,1.4,Flyweight,32.0,0.34615384615384626,0.17241379310344812,0.5486365956291284,2265.0,0.0,-0.23099999999999998,0.5,2.259,8,0.75,1.75
Julija Stoliarenko,11,8,2,0.030068956371833978,2.81,0.4,4.56,0.44,0.91,0.3,0.62,1.4,Flyweight,31.0,0.3076923076923075,0.24137931034482762,0.579140574408969,375.0,25.0,6.414499999999999,0.375,2.51075,21,0.5238095238095238,4.304761904761905
Christian Rodriguez,10,1,0,0.045086858506829315,3.51,0.46,2.46,0.58,1.4,0.54,0.7,1.4,Featherweight,27.0,0.5,0.24137931034482762,0.786466168851657,214.0,0.0,0.6875,0.3333333333333333,3.034333333333333,11,0.9090909090909091,2.381818181818182
Josh Fremd,11,5,0,0.12027582548733588,2.93,0.43,2.63,0.47,0.84,0.25,0.31,1.4,Light Heavyweight,31.0,0.6923076923076921,0.5517241379310344,1.3643076557260623,214.0,16.666666666666664,4.6611666666666665,0.3333333333333333,2.3918333333333335,16,0.6875,3.3375000000000004
Marcus Davis,22,11,0,0.09773239623392123,2.72,0.39,2.79,0.65,1.6,0.48,0.47,1.4,Middleweight,51.0,0.4615384615384617,0.34482758620689663,0.9040984439792795,5156.0,66.66666666666666,17.103666666666662,0.3333333333333333,3.2023333333333333,33,0.6666666666666666,6.733333333333334
Chris Fishgold,18,4,1,0.06013791274366793,2.01,0.32,2.7,0.46,2.59,0.46,0.44,1.3,Featherweight,32.0,0.3846153846153846,0.2758620689655172,0.7206153663245697,1673.0,25.0,6.4805,0.5,4.128,23,0.782608695652174,4.756521739130435
Mario Bautista,13,2,0,0.045086858506829315,5.32,0.51,4.2,0.53,2.72,0.5,0.56,1.3,Featherweight,31.0,0.4230769230769229,0.3103448275862067,0.7785086091699589,130.0,9.090909090909092,3.1542272727272733,0.36363636363636365,4.2419090909090915,15,0.8666666666666667,3.1733333333333333
Travis Galbraith,18,7,0,0.09773239623392123,2.21,0.4,3.45,0.48,1.33,0.25,0.0,1.3,Middleweight,43.0,0.5968489341983318,0.41379310344827575,1.1083744338805288,,0.0,0.18700000000000006,0.0,2.6675000000000004,25,0.72,5.144
Kenny Florian,14,6,0,0.06013791274366793,2.41,0.4,1.85,0.63,2.22,0.33,0.6,1.3,Featherweight,48.0,0.6153846153846154,0.34482758620689663,1.02035011433518,4876.0,0.0,0.4995000000000001,0.25,3.692,20,0.7,4.14
Muhammad Mokaev,11,0,0,0.030068956371833978,1.12,0.51,1.19,0.52,6.47,0.53,0.0,1.3,Flyweight,24.0,0.4615384615384617,0.24137931034482762,0.7329867282551232,200.0,0.0,0.28150000000000003,0.5714285714285714,7.992357142857143,11,1.0,2.4000000000000004
Hunter Azure,9,2,0,0.06013791274366793,3.92,0.53,2.08,0.58,1.97,0.34,0.67,1.3,Featherweight,32.0,0.4230769230769229,0.2758620689655172,0.759076904786108,1404.0,25.0,7.111,0.0,3.388,11,0.8181818181818182,2.3636363636363638
Papy Abedi,10,4,0,0.12027582548733588,2.8,0.55,3.15,0.48,3.47,0.57,0.5,1.3,Light Heavyweight,46.0,0.6674641148325355,0.3793103448275862,1.1670502851474576,4186.0,25.0,6.6594999999999995,0.5,5.0305,14,0.7142857142857143,2.942857142857143
Rodrigo de Lima,8,3,1,0.07518896698050656,1.29,0.33,5.5,0.32,2.66,0.36,0.0,1.3,Welterweight,33.0,0.5218723584108196,0.24137931034482762,0.8384406357361538,3651.0,50.0,12.111500000000001,0.0,4.014,12,0.6666666666666666,2.5333333333333337
Daniel Lacerda,11,5,0,0.030068956371833978,4.16,0.47,8.7,0.34,1.91,0.42,0.0,1.3,Flyweight,28.0,0.4615384615384617,0.20689655172413768,0.6985039696344333,354.0,60.0,14.879999999999999,0.4,3.3729999999999998,16,0.6875,3.3375000000000004
TJ Brown,17,11,0,0.06013791274366793,3.37,0.44,2.89,0.49,3.41,0.57,0.36,1.3,Featherweight,34.0,0.5384615384615383,0.3103448275862067,0.9089442787914129,487.0,0.0,0.5705,0.5,4.9565,28,0.6071428571428571,5.7214285714285715
Nate Diaz,22,13,0,0.09773239623392123,4.57,0.45,3.77,0.52,1.05,0.3,0.41,1.3,Middleweight,39.0,0.6923076923076921,0.41379310344827575,1.203833191989889,886.0,16.666666666666664,4.911666666666666,0.2777777777777778,2.5054444444444446,35,0.6285714285714286,7.1257142857142854
James Thompson,20,16,0,0.24058480307651503,5.13,0.52,3.19,0.41,3.14,0.36,0.53,1.3,Heavyweight,46.0,0.7320261437908496,0.5862068965517243,1.5588178434190891,,0.0,0.9695,0.0,4.547,36,0.5555555555555556,7.311111111111111
Mark Bocek,12,5,0,0.07518896698050656,2.34,0.43,2.32,0.6,3.65,0.36,0.31,1.3,Welterweight,43.0,0.6538461538461537,0.2758620689655172,1.0048971897921775,3955.0,0.0,0.4129999999999999,0.14285714285714285,5.070714285714286,17,0.7058823529411765,3.5411764705882356
Liana Jojua,8,5,0,0.030068956371833978,2.42,0.3,5.32,0.54,1.71,0.66,0.5,1.3,Flyweight,29.0,0.15384615384615374,0.1379310344827586,0.32184614470074635,1187.0,25.0,6.198,0.25,3.2215,13,0.6153846153846154,2.723076923076923
Ben Saunders,22,13,2,0.09773239623392123,3.23,0.5,3.58,0.51,0.2,0.4,0.66,1.3,Middleweight,41.0,0.7307692307692308,0.48275862068965525,1.3112602476928075,1887.0,50.0,12.947,0.14285714285714285,1.661714285714286,37,0.5945945945945946,7.518918918918919
Matthew Lopez,10,4,0,0.045086858506829315,3.13,0.5,3.73,0.55,3.32,0.6,0.71,1.3,Featherweight,38.0,0.4230769230769229,0.24137931034482762,0.7095430919285799,2258.0,50.0,12.9055,0.16666666666666666,4.822666666666667,14,0.7142857142857143,2.942857142857143
Josh Thomson,22,9,0,0.07518896698050656,2.59,0.47,2.12,0.64,1.92,0.39,0.54,1.3,Welterweight,46.0,0.5,0.34482758620689663,0.9200165531874032,3500.0,25.0,6.769500000000001,0.0,3.3324999999999996,31,0.7096774193548387,6.341935483870968
Pablo Garza,12,4,0,0.06013791274366793,3.37,0.44,2.7,0.5,0.94,0.25,0.15,1.3,Featherweight,41.0,0.5769230769230766,0.4482758620689653,1.0853368517357098,4330.0,16.666666666666664,4.767166666666665,0.5,2.4175,16,0.75,3.35
Alex Perez,24,7,0,0.030068956371833978,4.67,0.48,3.14,0.6,2.84,0.44,0.77,1.3,Flyweight,32.0,0.26923076923076916,0.20689655172413768,0.5061962773267408,242.0,33.33333333333333,9.215833333333332,0.25,4.3454999999999995,31,0.7741935483870968,6.35483870967742
Richard Crunkilton,19,4,0,0.07518896698050656,1.72,0.41,1.45,0.58,4.08,0.61,0.65,1.3,Welterweight,45.0,0.5218723584108196,0.24137931034482762,0.8384406357361538,,0.0,0.38149999999999995,0.0,5.5365,23,0.8260869565217391,4.765217391304349
Evan Tanner,32,8,0,0.12027582548733588,3.05,0.59,2.64,0.56,2.55,0.43,0.25,1.3,Light Heavyweight,54.0,0.6153846153846154,0.41379310344827575,1.149453544320227,,0.0,0.5684999999999999,0.0,3.9395,40,0.8,8.16
Jacare Souza,26,10,0,0.12027582548733588,2.53,0.47,2.83,0.62,2.57,0.39,0.57,1.3,Light Heavyweight,45.0,0.5384615384615383,0.4482758620689653,1.1070132260178394,1369.0,29.411764705882355,7.747941176470588,0.23529411764705882,4.0443235294117645,36,0.7222222222222222,7.344444444444445
Matt Brown,26,19,0,0.09773239623392123,3.76,0.55,2.92,0.55,1.68,0.46,0.63,1.3,Middleweight,44.0,0.6538461538461537,0.41379310344827575,1.1653716535283507,641.0,52.0,13.6945,0.24,3.172,45,0.5777777777777777,9.115555555555556
Barb Honchak,10,4,0,0.030068956371833978,4.04,0.3,4.67,0.66,0.0,0.0,0.0,1.3,Flyweight,45.0,0.26923076923076916,0.1379310344827586,0.43723076008536177,2413.0,50.0,12.9685,0.0,1.3,14,0.7142857142857143,2.942857142857143
Joel Alvarez,20,3,0,0.07518896698050656,3.65,0.46,3.37,0.5,0.0,0.0,0.11,1.3,Welterweight,31.0,0.7307692307692308,0.5172413793103448,1.3231995770600822,193.0,50.0,13.074,0.25,1.3735,23,0.8695652173913043,4.773913043478261
Jason Brilz,22,6,1,0.15037793396101312,2.66,0.4,1.78,0.65,2.37,0.25,0.25,1.3,Light Heavyweight,49.0,0.5,0.3793103448275862,1.0296882787885993,4834.0,50.0,13.0755,0.0,3.7325,29,0.7586206896551724,5.951724137931035
Noah Thomas,14,7,0,0.045086858506829315,0.44,0.13,4.99,0.33,0.0,0.0,0.0,1.3,Featherweight,43.0,0.4423076923076923,0.3103448275862067,0.7977393784007283,,0.0,-0.5630000000000001,0.0,1.3,21,0.6666666666666666,4.333333333333334
Eduarda Moura,10,0,0,0.01501790213499534,5.61,0.67,0.45,0.8,5.34,1.0,0.0,1.3,Strawweight,30.0,0.3076923076923075,0.20689655172413768,0.5296067615514405,88.0,33.33333333333333,9.922333333333333,0.0,6.79,10,1.0,2.2
Josh Neer,36,16,1,0.09773239623392123,3.29,0.46,3.63,0.58,1.09,0.34,0.46,1.3,Middleweight,41.0,0.5384615384615383,0.3793103448275862,1.0155042795230458,4372.0,20.0,5.457,0.4,2.587,53,0.6792452830188679,10.735849056603776
Matt Lindland,22,9,0,0.12027582548733588,2.62,0.5,1.56,0.52,3.01,0.48,0.6,1.3,Light Heavyweight,54.0,0.6153846153846154,0.41379310344827575,1.149453544320227,,0.0,0.599,0.0,4.442,31,0.7096774193548387,6.341935483870968
Ryan Couture,11,5,0,0.07518896698050656,3.54,0.45,2.87,0.54,1.55,0.29,0.46,1.3,Welterweight,42.0,0.5769230769230766,0.34482758620689663,0.9969396301104798,4183.0,50.0,13.1255,0.0,2.9395000000000002,16,0.6875,3.3375000000000004
Bobby Southworth,10,6,0,0.15037793396101312,0.99,0.39,1.38,0.65,3.98,0.78,0.64,1.3,Light Heavyweight,55.0,0.6674641148325355,0.48275862068965525,1.300600669483204,,0.0,0.21600000000000005,0.0,5.460999999999999,16,0.625,3.325
Nissen Osterneck,12,4,0,0.12027582548733588,3.15,0.58,2.9,0.41,0.63,0.12,0.42,1.3,Light Heavyweight,43.0,0.6674641148325355,0.48275862068965525,1.2704985610095267,,0.0,0.53,0.0,1.9900000000000002,16,0.75,3.35
Paddy Holohan,12,2,1,0.030068956371833978,2.13,0.46,2.81,0.46,2.88,0.47,0.71,1.3,Flyweight,36.0,0.4230769230769229,0.34482758620689663,0.7979734656556535,3399.0,0.0,0.272,0.2,4.3715,15,0.8,3.16
Zelg Galesic,11,9,0,0.12027582548733588,4.86,0.62,0.61,0.66,1.3,1.0,0.2,1.3,Light Heavyweight,45.0,0.6674641148325355,0.48275862068965525,1.2704985610095267,,0.0,1.3465,0.0,2.77,20,0.55,4.11
Vinicius Moreira,9,5,0,0.15037793396101312,3.15,0.59,5.07,0.43,1.97,0.18,0.0,1.3,Light Heavyweight,35.0,0.6923076923076921,0.5517241379310344,1.3944097641997395,1484.0,50.0,12.7095,0.25,3.3594999999999997,14,0.6428571428571429,2.928571428571429
Marcus Aurelio,22,10,0,0.07518896698050656,1.42,0.33,2.27,0.59,1.69,0.27,0.27,1.3,Welterweight,51.0,0.6153846153846154,0.34482758620689663,1.0354011685720186,,0.0,0.16899999999999998,0.0,3.0575,32,0.6875,6.5375000000000005
Clay Harvison,13,6,0,0.09773239623392123,3.29,0.48,3.91,0.58,0.66,1.0,0.68,1.3,Middleweight,44.0,0.6153846153846154,0.4482758620689653,1.161392873687502,4841.0,33.33333333333333,8.752333333333333,0.3333333333333333,2.2613333333333334,19,0.6842105263157895,3.936842105263158
Marcin Held,23,7,0,0.07518896698050656,1.41,0.34,2.02,0.47,2.46,0.46,0.37,1.3,Welterweight,33.0,0.5,0.3103448275862067,0.8855337945667132,2671.0,25.0,6.438,0.0,3.8659999999999997,30,0.7666666666666667,6.153333333333333
Edgar Chairez,10,5,0,0.030068956371833978,2.6,0.48,4.26,0.41,0.0,0.0,0.45,1.3,Flyweight,29.0,0.5,0.24137931034482762,0.7714482667166616,151.0,0.0,0.1685000000000001,0.3333333333333333,1.4283333333333332,15,0.6666666666666666,3.1333333333333333
Adam Cella,6,8,0,0.09773239623392123,1.91,0.42,2.61,0.51,3.92,0.75,0.5,1.3,Middleweight,39.515151515151516,0.5968489341983318,0.48275862068965525,1.1773399511219083,4330.0,0.0,0.24650000000000005,1.0,5.632499999999999,14,0.42857142857142855,2.885714285714286
Shayna Baszler,15,11,0,0.045086858506829315,2.49,0.3,6.36,0.51,0.67,0.18,0.44,1.3,Featherweight,44.0,0.4423076923076923,0.24137931034482762,0.7287738611593493,3616.0,100.0,24.805,0.0,2.0410000000000004,26,0.5769230769230769,5.315384615384615
Miesha Tate,20,9,0,0.045086858506829315,2.62,0.45,2.98,0.51,2.02,0.31,0.55,1.3,Featherweight,38.0,0.26923076923076916,0.20689655172413768,0.5212141794617362,438.0,15.384615384615385,4.220653846153846,0.3076923076923077,3.498423076923077,29,0.6896551724137931,5.93793103448276
Thiago Moises,17,7,0,0.07518896698050656,2.47,0.39,4.4,0.54,1.53,0.4,0.56,1.3,Welterweight,29.0,0.4615384615384617,0.3103448275862067,0.8470722561051749,249.0,23.076923076923077,5.8857307692307685,0.3076923076923077,3.0229230769230773,24,0.7083333333333334,4.941666666666667
Jason Miller,23,10,0,0.12027582548733588,1.83,0.43,2.3,0.49,1.31,0.28,0.43,1.3,Light Heavyweight,44.0,0.6674641148325355,0.4482758620689653,1.2360158023888368,4645.0,50.0,12.772,0.0,2.6950000000000003,33,0.696969696969697,6.73939393939394
Chad George,16,8,0,0.045086858506829315,1.26,0.5,1.11,0.65,3.08,0.46,0.0,1.3,Featherweight,42.0,0.3846153846153846,0.20689655172413768,0.6365987948463516,,0.0,0.3460000000000001,0.0,4.449,24,0.6666666666666666,4.9333333333333345
Dong Sik Yoon,9,9,0,0.12027582548733588,0.99,0.36,2.33,0.51,1.6,0.29,0.33,1.3,Light Heavyweight,52.0,0.6674641148325355,0.41379310344827575,1.2015330437681473,,0.0,0.04650000000000004,0.0,2.9765,18,0.5,3.7
Sam Hoger,10,4,0,0.15037793396101312,1.07,0.25,2.25,0.57,1.12,0.38,0.29,1.3,Light Heavyweight,44.0,0.6674641148325355,0.48275862068965525,1.300600669483204,,0.0,0.06550000000000006,0.0,2.5060000000000002,14,0.7142857142857143,2.942857142857143
Everett Sims,4,1,0,0.23305927595809578,0.81,0.66,2.19,0.3,0.0,0.0,0.42,1.2,Heavyweight,36.0,0.7307692307692308,0.5862068965517243,1.5500354032790509,,0.0,0.051000000000000045,0.0,1.242,5,0.8,1.1600000000000001
Brian Ortega,15,3,0,0.06013791274366793,4.19,0.38,6.66,0.49,0.95,0.23,0.56,1.2,Featherweight,33.0,0.4230769230769229,0.2758620689655172,0.759076904786108,151.0,25.0,6.448,0.3333333333333333,2.3238333333333334,18,0.8333333333333334,3.7666666666666666
Ricardo Almeida,13,5,0,0.09773239623392123,2.02,0.49,1.2,0.61,3.74,0.38,0.31,1.2,Middleweight,48.0,0.6153846153846154,0.41379310344827575,1.1269101150668124,5079.0,0.0,0.5145,0.5,5.1530000000000005,18,0.7222222222222222,3.7444444444444445
John Alessio,35,17,0,0.07518896698050656,2.1,0.39,2.91,0.54,1.85,0.38,0.7,1.2,Welterweight,45.0,0.5384615384615383,0.34482758620689663,0.9584780916489415,4603.0,0.0,0.24749999999999994,0.0,3.177,52,0.6730769230769231,10.534615384615385
Daiju Takase,12,15,2,0.09773239623392123,0.49,0.3,1.64,0.47,0.84,0.17,0.21,1.2,Middleweight,46.0,0.5968489341983318,0.41379310344827575,1.1083744338805288,,0.0,0.007000000000000034,0.0,2.0865,29,0.41379310344827586,5.882758620689656
Fabricio Werdum,24,9,1,0.18946426203421296,3.59,0.52,2.64,0.55,1.75,0.31,0.31,1.2,Heavyweight,47.0,0.7307692307692308,0.5517241379310344,1.4719576307344782,1663.0,28.57142857142857,7.830857142857142,0.21428571428571427,3.0810714285714282,34,0.7058823529411765,6.941176470588236
Greg Nagy,1,3,0,0.1578703089775892,0.41,0.5,2.69,0.37,0.0,0.0,0.0,1.2,Heavyweight,41.0,0.7320261437908496,0.4482758620689653,1.3381723148374043,,0.0,-0.14549999999999996,0.0,1.2,4,0.25,0.8500000000000001
Billy Quarantillo,18,5,0,0.06013791274366793,7.71,0.57,5.61,0.43,1.31,0.23,0.63,1.2,Featherweight,36.0,0.4615384615384617,0.34482758620689663,0.8665039604890262,326.0,30.0,8.7645,0.2,2.6574999999999998,23,0.782608695652174,4.756521739130435
Denis Kang,35,16,2,0.12027582548733588,2.27,0.35,1.65,0.67,2.51,0.65,0.38,1.2,Light Heavyweight,47.0,0.7307692307692308,0.3793103448275862,1.2303554010841529,,0.0,0.49050000000000005,0.0,3.8454999999999995,53,0.660377358490566,10.732075471698115
Rafael Dias,17,12,2,0.06013791274366793,1.13,0.27,2.19,0.6,3.17,0.47,1.0,1.2,Featherweight,45.0,0.4423076923076923,0.3103448275862067,0.8127904326375669,,0.0,0.09800000000000003,0.0,4.5405,31,0.5483870967741935,6.309677419354839
Bobby Hoffman,36,10,1,0.21051584670468107,2.02,0.7,1.32,0.19,1.17,0.5,0.0,1.2,Heavyweight,56.0,0.7320261437908496,0.48275862068965525,1.425300611185186,,0.0,0.4755,0.0,2.445,47,0.7659574468085106,9.553191489361703
Luke Flores,9,2,0,0.07518896698050656,1.56,0.44,1.88,0.6,0.0,0.0,0.4,1.2,Welterweight,36.0,0.5769230769230766,0.41379310344827575,1.065905147351859,,0.0,0.2860000000000001,0.0,1.24,11,0.8181818181818182,2.3636363636363638
Alvin Robinson,15,9,0,0.07518896698050656,1.57,0.5,1.29,0.51,1.24,0.5,0.25,1.2,Welterweight,42.0,0.3846153846153846,0.3103448275862067,0.7701491791820978,,0.0,0.37550000000000006,0.0,2.54,24,0.625,4.925000000000001
Michael McBride,8,3,0,0.07518896698050656,4.08,0.48,5.85,0.4,1.85,0.42,0.3,1.2,Welterweight,38.0,0.5218723584108196,0.4482758620689653,1.0453371874602915,2853.0,50.0,12.7985,0.0,3.143,11,0.7272727272727273,2.3454545454545457
CB Dollaway,17,9,0,0.12027582548733588,2.65,0.47,2.58,0.54,3.55,0.54,0.62,1.2,Light Heavyweight,41.0,0.6923076923076921,0.48275862068965525,1.295342138484683,2342.0,42.857142857142854,11.164785714285713,0.07142857142857142,4.910857142857143,26,0.6538461538461539,5.330769230769231
Jeremiah Wells,12,3,1,0.09773239623392123,2.52,0.45,1.14,0.47,3.89,0.43,1.0,1.2,Middleweight,38.0,0.6153846153846154,0.3103448275862067,1.0234618392047432,368.0,33.33333333333333,8.952833333333333,0.3333333333333333,5.337833333333333,16,0.75,3.35
Kevin Ferguson,5,2,0,0.19546479246784249,2.3,0.5,3.41,0.38,3.1,0.72,0.36,1.2,Heavyweight,51.0,0.7307692307692308,0.48275862068965525,1.4089926439267286,5394.0,100.0,25.220499999999998,0.0,4.444,7,0.7142857142857143,1.542857142857143
Joao Paulo Faria,1,1,0,0.07518896698050656,6.69,0.64,2.09,0.85,1.25,0.5,0.0,1.2,Welterweight,38.13361169102296,0.5218723584108196,0.3103448275862067,0.9074061529775328,,0.0,1.6145,0.0,2.525,2,0.5,0.5
Paulo Thiago,18,9,0,0.09773239623392123,1.71,0.39,1.99,0.63,1.42,0.31,0.63,1.2,Middleweight,44.0,0.6153846153846154,0.3793103448275862,1.0924273564461229,3805.0,22.22222222222222,5.857055555555555,0.0,2.7295,27,0.6666666666666666,5.533333333333334
Elvis Sinosic,7,11,2,0.15037793396101312,1.13,0.37,4.6,0.53,0.0,0.0,0.0,1.2,Light Heavyweight,53.0,0.7307692307692308,0.5172413793103448,1.3983885440405888,,0.0,-0.25399999999999995,0.0,1.2,20,0.35,4.07
Sean Brady,16,1,0,0.09773239623392123,3.77,0.53,3.55,0.61,3.29,0.57,0.87,1.2,Middleweight,32.0,0.5384615384615383,0.34482758620689663,0.9810215209023562,158.0,12.5,3.7325,0.25,4.7250000000000005,17,0.9411764705882353,3.5882352941176476
Yuta Sasaki,21,6,2,0.030068956371833978,2.16,0.41,2.5,0.5,3.03,0.43,0.41,1.2,Flyweight,35.0,0.5,0.34482758620689663,0.8748965425787306,,0.0,0.32199999999999995,0.0,4.3355,29,0.7241379310344828,5.944827586206897
Ricardo Arona,14,5,0,0.15037793396101312,1.66,0.48,1.15,0.57,2.41,0.48,0.58,1.2,Light Heavyweight,46.0,0.6674641148325355,0.3793103448275862,1.1971523936211348,,0.0,0.42400000000000004,0.0,3.74,19,0.7368421052631579,3.947368421052632
Murilo Rua,20,13,1,0.12027582548733588,2.48,0.45,1.85,0.53,1.97,0.45,0.37,1.2,Light Heavyweight,44.0,0.6674641148325355,0.3793103448275862,1.1670502851474576,,0.0,0.512,0.0,3.2744999999999997,34,0.5882352941176471,6.91764705882353
Yizha,24,4,0,0.06013791274366793,2.74,0.42,2.15,0.51,4.83,0.34,0.61,1.2,Featherweight,28.0,0.5,0.24137931034482762,0.8015172230884955,158.0,0.0,0.5230000000000001,0.0,6.142,28,0.8571428571428571,5.771428571428572
Leandro Issa,13,6,0,0.045086858506829315,2.08,0.37,3.17,0.58,2.38,0.22,0.5,1.2,Featherweight,41.0,0.4230769230769229,0.24137931034482762,0.7095430919285799,3084.0,0.0,0.20549999999999996,0.4,3.7629999999999995,19,0.6842105263157895,3.936842105263158
Travis Wiuff,75,21,0,0.15037793396101312,0.48,0.3,4.03,0.41,4.84,0.57,0.44,1.2,Light Heavyweight,46.0,0.6674641148325355,0.5172413793103448,1.3350834281038935,,0.0,-0.36300000000000004,0.0,6.169499999999999,96,0.78125,19.356250000000003
Jordan Johnson,10,0,0,0.15037793396101312,3.45,0.47,2.64,0.53,3.25,0.42,1.0,1.2,Light Heavyweight,36.0,0.8076923076923075,0.48275862068965525,1.440828862342976,2342.0,0.0,0.64,0.25,4.6755,10,1.0,2.2
Tresean Gore,5,2,0,0.12027582548733588,3.04,0.53,6.13,0.47,3.04,0.71,0.81,1.2,Light Heavyweight,30.0,0.6538461538461537,0.41379310344827575,1.1879150827817653,95.0,25.0,6.2669999999999995,0.5,4.5525,7,0.7142857142857143,1.542857142857143
Gilbert Smith,12,6,0,0.12027582548733588,1.09,0.41,2.73,0.35,3.51,0.6,0.0,1.2,Light Heavyweight,43.0,0.6674641148325355,0.3103448275862067,1.0980847679060781,4323.0,0.0,-0.0024999999999999467,0.0,4.8,18,0.6666666666666666,3.7333333333333334
Jake Shields,31,9,1,0.09773239623392123,2.45,0.36,1.8,0.56,2.83,0.29,0.35,1.2,Middleweight,46.0,0.5384615384615383,0.41379310344827575,1.0499870381437353,3987.0,14.285714285714285,4.069928571428571,0.0,4.1085,41,0.7560975609756098,8.351219512195122
Naoya Ogawa,7,2,0,0.22556690094151968,2.41,0.42,1.66,0.47,1.25,1.0,0.66,1.2,Heavyweight,56.0,0.7320261437908496,0.5517241379310344,1.5093171826634038,,0.0,0.508,0.0,2.666,9,0.7777777777777778,1.9555555555555557
Jeff Curran,36,18,1,0.045086858506829315,1.54,0.31,2.48,0.6,0.35,0.12,0.35,1.2,Featherweight,47.0,0.4230769230769229,0.20689655172413768,0.67506033330789,4656.0,0.0,0.16500000000000004,0.0,1.603,55,0.6545454545454545,11.13090909090909
Gabriel Santos,10,2,0,0.06013791274366793,4.46,0.55,6.03,0.44,4.34,0.46,0.66,1.2,Featherweight,28.0,0.4615384615384617,0.3103448275862067,0.8320212018683363,158.0,33.33333333333333,8.719833333333332,0.0,5.675,12,0.8333333333333334,2.566666666666667
Donald Cerrone,36,17,0,0.07518896698050656,4.41,0.46,4.48,0.53,1.16,0.33,0.73,1.2,Welterweight,41.0,0.5769230769230766,0.4482758620689653,1.1003879059725485,956.0,43.24324324324324,11.41281081081081,0.1891891891891892,2.5297972972972973,53,0.6792452830188679,10.735849056603776
Donnie Liles,17,7,0,0.09773239623392123,2.25,0.41,1.75,0.65,2.5,0.28,0.0,1.2,Middleweight,39.515151515151516,0.5968489341983318,0.3103448275862067,1.0049261580184599,,0.0,0.4795,0.0,3.742,24,0.7083333333333334,4.941666666666667
Jason Ireland,19,9,1,0.08420633868187243,1.2,0.25,2.07,0.51,3.59,0.75,0.0,1.2,Welterweight,45.0,0.5218723584108196,0.3103448275862067,0.9164235246788988,,0.0,0.11600000000000005,0.0,4.9025,29,0.6551724137931034,5.931034482758621
Jalin Turner,14,7,0,0.07518896698050656,6.02,0.48,4.63,0.41,0.88,0.55,0.75,1.2,Welterweight,29.0,0.7307692307692308,0.5172413793103448,1.3231995770600822,305.0,41.66666666666667,11.384666666666668,0.16666666666666666,2.2791666666666663,21,0.6666666666666666,4.333333333333334
Yan Cabral,13,3,0,0.07518896698050656,2.02,0.47,1.98,0.62,2.89,0.35,0.37,1.2,Welterweight,41.0,0.5769230769230766,0.3793103448275862,1.0314223887311695,3202.0,20.0,5.3950000000000005,0.2,4.2295,16,0.8125,3.3625000000000003
Jesse Forbes,15,5,0,0.12027582548733588,2.11,0.24,4.06,0.53,1.79,0.75,0.66,1.2,Light Heavyweight,40.0,0.6538461538461537,0.48275862068965525,1.2568806000231447,5373.0,0.0,0.04600000000000015,1.0,3.4185,20,0.75,4.15
Jared Rollins,8,4,0,0.09773239623392123,3.33,0.57,2.41,0.39,2.5,0.5,0.5,1.2,Middleweight,48.0,0.5968489341983318,0.3103448275862067,1.0049261580184599,,0.0,0.6435,0.0,3.825,12,0.6666666666666666,2.5333333333333337
Kamuela Kirk,12,6,0,0.07518896698050656,3.22,0.5,5.87,0.4,1.5,0.26,0.47,1.2,Welterweight,30.0,0.6538461538461537,0.34482758620689663,1.073862707033557,585.0,0.0,0.08450000000000013,0.3333333333333333,2.869333333333333,18,0.6666666666666666,3.7333333333333334
Brandon Halsey,9,3,0,0.12027582548733588,1.74,0.47,0.87,0.65,4.98,0.53,1.0,1.2,Light Heavyweight,41.277864992150704,0.6674641148325355,0.41379310344827575,1.2015330437681473,,0.0,0.49600000000000005,0.0,6.359500000000001,12,0.75,2.5500000000000003
Murilo Bustamante,15,8,1,0.1172921363214428,1.33,0.32,1.9,0.6,2.46,0.33,0.54,1.2,Middleweight,58.0,0.5968489341983318,0.48275862068965525,1.1968996912094299,,0.0,0.20150000000000007,0.0,3.7634999999999996,24,0.625,4.925000000000001
Dustin Poirier,29,8,0,0.07518896698050656,5.49,0.5,4.3,0.53,1.36,0.36,0.63,1.2,Welterweight,36.0,0.5384615384615383,0.3103448275862067,0.9239953330282515,256.0,36.666666666666664,10.073666666666666,0.26666666666666666,2.743666666666667,37,0.7837837837837838,7.556756756756757
Jordan Rinaldi,14,7,0,0.06013791274366793,1.56,0.35,2.32,0.59,1.45,0.35,0.2,1.2,Featherweight,37.0,0.5384615384615383,0.34482758620689663,0.9434270374121029,2160.0,20.0,5.2005,0.0,2.7225,21,0.6666666666666666,4.333333333333334
Nik Lentz,30,12,2,0.06013791274366793,3.44,0.47,3.25,0.5,3.3,0.32,0.43,1.2,Featherweight,40.0,0.3846153846153846,0.2758620689655172,0.7206153663245697,1481.0,18.181818181818183,5.086954545454546,0.13636363636363635,4.625090909090909,44,0.6818181818181818,8.936363636363637
Din Thomas,26,9,0,0.07518896698050656,1.85,0.37,2.6,0.59,1.38,0.52,0.76,1.2,Welterweight,48.0,0.5218723584108196,0.3103448275862067,0.9074061529775328,,0.0,0.235,0.0,2.734,35,0.7428571428571429,7.148571428571429
Christian Wellisch,8,5,0,0.1939729478848959,3.12,0.27,3.04,0.56,1.22,0.42,0.45,1.2,Heavyweight,49.0,0.7307692307692308,0.48275862068965525,1.407500799343782,,0.0,0.4620000000000001,0.0,2.5279999999999996,13,0.6153846153846154,2.723076923076923
Erin Blanchfield,12,1,0,0.030068956371833978,5.58,0.52,3.32,0.62,2.86,0.36,0.83,1.2,Flyweight,25.0,0.3076923076923075,0.1379310344827586,0.4756922985469001,102.0,0.0,1.094,0.375,4.29075,13,0.9230769230769231,2.7846153846153845
Luis Pena,9,3,0,0.07518896698050656,3.66,0.46,3.12,0.51,1.17,0.33,0.48,1.2,Welterweight,31.0,0.6538461538461537,0.5172413793103448,1.246276500137005,1397.0,12.5,3.7405,0.25,2.5300000000000002,12,0.75,2.5500000000000003
JunYong Park,17,5,0,0.12027582548733588,4.94,0.51,3.66,0.53,2.1,0.5,0.69,1.2,Light Heavyweight,33.0,0.5769230769230766,0.34482758620689663,1.0420264886173092,123.0,14.285714285714285,4.438928571428571,0.42857142857142855,3.551142857142857,22,0.7727272727272727,4.554545454545455
Allen Crowder,10,4,0,0.21051584670468107,2.95,0.51,2.95,0.56,1.85,0.33,1.0,1.2,Heavyweight,35.0,0.6923076923076921,0.5172413793103448,1.4200649183227179,2062.0,66.66666666666666,17.147666666666666,0.0,3.1995000000000005,14,0.7142857142857143,2.942857142857143
Matt Hughes,45,9,0,0.09773239623392123,2.14,0.53,1.36,0.53,2.95,0.5,0.35,1.2,Middleweight,51.0,0.5769230769230766,0.3103448275862067,0.9850003007432045,4890.0,75.0,19.2665,0.25,4.322500000000001,54,0.8333333333333334,10.966666666666667
Mike Guymon,15,6,1,0.09773239623392123,2.75,0.65,0.79,0.66,1.87,0.37,0.54,1.2,Middleweight,50.0,0.6153846153846154,0.41379310344827575,1.1269101150668124,5135.0,0.0,0.798,0.3333333333333333,3.2628333333333335,22,0.6818181818181818,4.536363636363637
Dylan Lockard,6,2,0,0.06013791274366793,1.31,0.53,3.31,0.52,2.31,0.4,0.28,1.2,Featherweight,32.0,0.5384615384615383,0.3103448275862067,0.9089442787914129,,0.0,0.014999999999999958,0.0,3.598,8,0.75,1.75
Dan Christison,20,7,0,0.24058480307651503,4.23,0.51,3.88,0.54,0.0,0.0,0.37,1.1,Heavyweight,52.0,0.7320261437908496,0.6896551724137929,1.6622661192811576,,0.0,0.6585000000000002,0.0,1.137,27,0.7407407407407407,5.548148148148148
Darren Elkins,28,11,0,0.06013791274366793,3.44,0.38,3.27,0.52,2.85,0.35,0.56,1.1,Featherweight,40.0,0.5,0.34482758620689663,0.9049654989505646,116.0,20.689655172413794,5.695913793103449,0.10344827586206896,4.084362068965517,39,0.717948717948718,7.943589743589745
Alvaro Herrera Mendoza,9,6,0,0.07518896698050656,1.89,0.38,3.4,0.55,0.0,0.0,0.33,1.1,Welterweight,34.0,0.6153846153846154,0.41379310344827575,1.1043666858133978,,0.0,0.121,0.0,1.133,15,0.6,3.12
Justin Jaynes,16,8,0,0.06013791274366793,3.34,0.44,5.33,0.62,0.75,0.4,0.2,1.1,Featherweight,35.0,0.3846153846153846,0.24137931034482762,0.6861326077038801,1327.0,25.0,6.4665,0.0,1.9300000000000002,24,0.6666666666666666,4.9333333333333345
Steven Koslow,6,1,0,0.030068956371833978,0.77,0.37,3.73,0.4,5.28,0.55,0.0,1.1,Flyweight,28.0,0.4230769230769229,0.24137931034482762,0.6945251897935845,795.0,100.0,24.767,0.0,6.4625,7,0.8571428571428571,1.5714285714285716
Jordan Leavitt,11,3,0,0.07518896698050656,2.55,0.61,1.84,0.57,2.19,0.25,0.3,1.1,Welterweight,29.0,0.5,0.3103448275862067,0.8855337945667132,452.0,14.285714285714285,4.140428571428571,0.42857142857142855,3.464642857142857,14,0.7857142857142857,2.9571428571428573
Rubens Xavier,5,3,0,0.1729213632144278,0.77,0.42,1.82,0.21,2.1,0.4,0.25,1.1,Heavyweight,44.17465753424658,0.7320261437908496,0.5172413793103448,1.422188886315622,,0.0,0.03500000000000003,0.0,3.285,8,0.625,1.725
Mike Santiago,19,12,0,0.06013791274366793,3.44,0.49,3.58,0.36,2.66,0.5,0.53,1.1,Featherweight,35.0,0.4230769230769229,0.34482758620689663,0.8280424220274875,2440.0,33.33333333333333,8.808333333333332,0.3333333333333333,3.971333333333334,31,0.6129032258064516,6.322580645161291
James McSweeney,15,15,0,0.18797241745126642,3.94,0.55,4.33,0.42,0.52,0.33,1.0,1.1,Heavyweight,44.0,0.7307692307692308,0.5517241379310344,1.4704657861515316,5233.0,100.0,25.5085,0.0,1.7695,30,0.5,6.1
Dricus Du Plessis,20,2,0,0.12027582548733588,6.95,0.55,3.79,0.53,2.72,0.5,0.4,1.1,Light Heavyweight,31.0,0.6923076923076921,0.4482758620689653,1.260859379863993,179.0,37.5,10.7335,0.25,3.9975000000000005,22,0.9090909090909091,4.581818181818182
Gabriel Gonzaga,17,11,0,0.20600716085399814,2.12,0.45,2.94,0.57,2.8,0.39,0.66,1.1,Heavyweight,45.0,0.6923076923076921,0.48275862068965525,1.3810734738513455,3230.0,50.0,12.7645,0.16666666666666666,4.066166666666667,28,0.6071428571428571,5.7214285714285715
John Maguire,24,9,0,0.07518896698050656,1.41,0.41,2.44,0.65,2.8,0.46,0.77,1.1,Welterweight,41.0,0.4230769230769229,0.3103448275862067,0.8086107176436361,4260.0,0.0,0.16600000000000004,0.2,4.095999999999999,33,0.7272727272727273,6.745454545454546
Anthony Perosh,15,10,0,0.15037793396101312,2.27,0.43,3.77,0.53,2.03,0.22,0.33,1.1,Light Heavyweight,52.0,0.6538461538461537,0.5172413793103448,1.3214654671175117,3378.0,55.55555555555556,14.05638888888889,0.3333333333333333,3.279333333333333,25,0.6,5.12
Dennis Bermudez,17,9,0,0.07518896698050656,4.42,0.46,3.07,0.59,3.89,0.4,0.82,1.1,Welterweight,38.0,0.3076923076923075,0.20689655172413768,0.5897778263969518,2216.0,17.647058823529413,5.236764705882353,0.23529411764705882,5.190823529411764,26,0.6538461538461539,5.330769230769231
Cody Brundage,10,5,0,0.12027582548733588,1.8,0.55,2.51,0.43,2.69,0.52,0.73,1.1,Light Heavyweight,30.0,0.5384615384615383,0.41379310344827575,1.0725304673971499,305.0,22.22222222222222,5.803555555555556,0.4444444444444444,4.0521111111111106,15,0.6666666666666666,3.1333333333333333
Rich Clementi,45,23,1,0.07518896698050656,1.43,0.37,2.29,0.6,1.72,0.42,0.25,1.1,Welterweight,48.0,0.5384615384615383,0.3103448275862067,0.9239953330282515,,0.0,0.178,0.0,2.908,69,0.6521739130434783,13.930434782608696
Gabriel Benitez,23,11,0,0.07518896698050656,4.79,0.41,4.05,0.65,0.27,0.5,0.58,1.1,Welterweight,36.0,0.5,0.2758620689655172,0.8510510359460237,291.0,33.33333333333333,9.102833333333333,0.2,1.5530000000000002,34,0.6764705882352942,6.93529411764706
Daniel Straus,24,7,0,0.06013791274366793,4.76,0.43,2.99,0.57,0.84,0.15,0.81,1.1,Featherweight,35.8830242510699,0.5,0.24137931034482762,0.8015172230884955,,0.0,0.9129999999999999,0.0,2.0435,31,0.7741935483870968,6.35483870967742
Makwan Amirkhani,17,9,0,0.06013791274366793,1.33,0.44,2.98,0.46,3.96,0.43,0.35,1.1,Featherweight,36.0,0.5384615384615383,0.34482758620689663,0.9434270374121029,697.0,28.57142857142857,7.185357142857142,0.35714285714285715,5.248785714285714,26,0.6538461538461539,5.330769230769231
Georges St-Pierre,26,2,0,0.12027582548733588,3.78,0.53,1.4,0.72,4.16,0.74,0.83,1.1,Light Heavyweight,43.0,0.6923076923076921,0.3793103448275862,1.191893862622614,2657.0,0.0,0.9490000000000001,0.14285714285714285,5.489714285714286,28,0.9285714285714286,5.7857142857142865
Goran Reljic,15,8,0,0.15037793396101312,1.69,0.37,2.69,0.59,1.69,0.5,0.33,1.1,Light Heavyweight,40.0,0.8846153846153846,0.5172413793103448,1.5522346978867425,5205.0,0.0,0.1815,0.0,2.8979999999999997,23,0.6521739130434783,4.730434782608696
Pat Healy,34,23,0,0.07518896698050656,2.57,0.36,2.57,0.5,3.08,0.37,0.55,1.1,Welterweight,41.0,0.5384615384615383,0.41379310344827575,1.0274436088903207,3864.0,0.0,0.4039999999999999,0.0,4.2905,57,0.5964912280701754,11.519298245614035
Loopy Godinez,12,3,0,0.01501790213499534,4.31,0.49,3.76,0.62,3.39,0.46,0.86,1.1,Strawweight,31.0,0.11538461538461542,0.0689655172413791,0.19936803476098985,193.0,0.0,0.7045,0.16666666666666666,4.6866666666666665,15,0.8,3.16
Youssef Zalal,10,5,1,0.045086858506829315,2.75,0.48,1.75,0.64,2.14,0.31,0.6,1.1,Featherweight,28.0,0.5384615384615383,0.34482758620689663,0.9283759831752643,102.0,0.0,0.617,0.375,3.4402500000000003,16,0.625,3.325
John Moraga,19,7,0,0.030068956371833978,2.57,0.43,2.55,0.56,0.62,0.23,0.44,1.1,Flyweight,40.0,0.3076923076923075,0.20689655172413768,0.5446578157882791,2363.0,21.428571428571427,5.7871428571428565,0.2857142857142857,1.8699285714285716,26,0.7307692307692307,5.346153846153847
Gesias Cavalcante,21,10,1,0.07518896698050656,1.98,0.35,3.11,0.51,1.25,0.36,0.66,1.1,Welterweight,41.0,0.5,0.2758620689655172,0.8510510359460237,,0.0,0.175,0.0,2.47,32,0.65625,6.53125
Julius Anglickas,5,1,0,0.15037793396101312,4.62,0.78,1.86,0.5,4.47,0.5,0.6,1.1,Light Heavyweight,33.0,0.6674641148325355,0.5172413793103448,1.3350834281038935,,0.0,1.1069999999999998,0.0,5.705,6,0.8333333333333334,1.366666666666667
Tom Breese,12,3,0,0.12027582548733588,3.34,0.5,2.81,0.6,0.0,0.0,0.7,1.1,Light Heavyweight,33.0,0.5769230769230766,0.5172413793103448,1.2144402817207571,1484.0,50.0,13.1035,0.0,1.1700000000000002,15,0.8,3.16
Makoto Takimoto,6,5,0,0.15037793396101312,1.37,0.39,1.71,0.55,1.48,0.5,0.25,1.1,Light Heavyweight,45.0,0.6674641148325355,0.24137931034482762,1.0592213591383763,,0.0,0.2465,0.0,2.6799999999999997,11,0.5454545454545454,2.309090909090909
Nate Landwehr,17,5,0,0.06013791274366793,6.14,0.46,5.58,0.55,1.07,0.41,0.86,1.1,Featherweight,36.0,0.5384615384615383,0.3103448275862067,0.9089442787914129,67.0,33.33333333333333,9.205833333333333,0.2222222222222222,2.3730555555555553,22,0.7727272727272727,4.554545454545455
Frank Shamrock,23,10,2,0.12027582548733588,4.75,0.53,4.66,0.57,0.35,0.5,0.37,1.1,Light Heavyweight,52.0,0.6674641148325355,0.34482758620689663,1.132567526526768,,0.0,0.68,0.0,1.562,35,0.6571428571428571,7.131428571428572
Gegard Mousasi,42,6,2,0.12027582548733588,3.75,0.5,1.21,0.68,1.59,0.6,0.59,1.1,Light Heavyweight,39.0,0.6923076923076921,0.48275862068965525,1.295342138484683,2867.0,50.0,13.458,0.16666666666666666,2.880666666666667,50,0.84,10.168
Semmy Schilt,26,14,1,0.24058480307651503,1.2,0.5,1.31,0.53,0.0,0.0,0.47,1.1,Heavyweight,51.0,0.7320261437908496,0.7586206896551724,1.731231636522537,,0.0,0.28300000000000003,0.0,1.147,41,0.6341463414634146,8.326829268292684
Joe Ellenberger,15,2,0,0.07518896698050656,1.62,0.47,3.45,0.48,3.17,0.4,0.0,1.1,Welterweight,39.0,0.5384615384615383,0.3103448275862067,0.9239953330282515,3714.0,50.0,12.5535,0.0,4.33,17,0.8823529411764706,3.5764705882352943
Trenell Young,11,9,0,0.06013791274366793,1.43,0.22,5.13,0.5,1.13,0.2,0.0,1.1,Featherweight,48.0,0.4423076923076923,0.20689655172413768,0.7093421567754978,,0.0,-0.293,0.0,2.26,20,0.55,4.11
Bea Malecki,4,1,0,0.045086858506829315,6.84,0.46,6.96,0.62,0.0,0.0,0.78,1.1,Featherweight,33.0,0.6153846153846154,0.3103448275862067,0.9708163014776514,1271.0,33.33333333333333,9.184333333333331,0.3333333333333333,1.2613333333333334,5,0.8,1.1600000000000001
Louis Gaudinot,8,4,0,0.030068956371833978,2.34,0.37,6.42,0.48,0.57,0.4,0.31,1.1,Flyweight,40.0,0.1923076923076925,0.10344827586206903,0.3258249245415955,3693.0,25.0,6.018,0.25,1.8235000000000001,12,0.6666666666666666,2.5333333333333337
Ramsey Nijem,9,6,0,0.07518896698050656,3.05,0.44,1.62,0.62,5.32,0.62,0.55,1.1,Welterweight,36.0,0.6538461538461537,0.3793103448275862,1.1083454656542466,3490.0,50.0,13.2005,0.1,6.593,15,0.6,3.12
Claudio Silva,14,4,0,0.09773239623392123,2.48,0.42,3.0,0.46,2.85,0.26,0.44,1.1,Middleweight,42.0,0.5,0.3793103448275862,0.9770427410615075,935.0,0.0,0.32299999999999995,0.375,4.12675,18,0.7777777777777778,3.7555555555555555
Marcos Galvao,18,8,1,0.045086858506829315,1.97,0.32,3.86,0.61,2.27,0.28,0.88,1.1,Featherweight,43.0,0.4423076923076923,0.24137931034482762,0.7287738611593493,,0.0,0.06900000000000006,0.0,3.5,27,0.6666666666666666,5.533333333333334
Joey Villasenor,29,10,0,0.12027582548733588,2.05,0.38,3.26,0.52,0.71,0.4,0.53,1.1,Light Heavyweight,49.0,0.6674641148325355,0.41379310344827575,1.2015330437681473,,0.0,0.17750000000000005,0.0,1.923,39,0.7435897435897436,7.94871794871795
Taila Santos,19,3,0,0.030068956371833978,3.39,0.48,2.64,0.58,2.0,0.76,0.86,1.1,Flyweight,31.0,0.3846153846153846,0.20689655172413768,0.6215808927113562,536.0,0.0,0.6345,0.14285714285714285,3.3357142857142854,22,0.8636363636363636,4.572727272727273
Matt Schnell,16,7,0,0.030068956371833978,4.24,0.39,4.46,0.55,0.63,0.44,0.46,1.1,Flyweight,35.0,0.4615384615384617,0.2758620689655172,0.7674694868758128,158.0,35.714285714285715,9.480071428571428,0.35714285714285715,1.9312857142857143,23,0.6956521739130435,4.739130434782609
Anthony Pettis,24,10,0,0.07518896698050656,3.05,0.47,3.44,0.54,0.61,0.5,0.6,1.1,Welterweight,38.0,0.5384615384615383,0.34482758620689663,0.9584780916489415,1516.0,20.0,5.4215,0.25,1.9075,34,0.7058823529411765,6.941176470588236
Darrill Schoonover,14,8,0,0.1729213632144278,1.2,0.33,4.35,0.38,0.0,0.0,0.5,1.1,Heavyweight,39.0,0.7320261437908496,0.48275862068965525,1.3877061276949325,,0.0,-0.22949999999999998,0.0,1.1500000000000001,22,0.6363636363636364,4.527272727272727
Jeff Hougland,10,6,0,0.045086858506829315,1.86,0.48,3.46,0.47,0.86,0.18,0.0,1.1,Featherweight,46.0,0.3846153846153846,0.24137931034482762,0.6710815534670416,4477.0,0.0,0.11250000000000004,0.0,1.987,16,0.625,3.325
Jeremy Horn,91,22,5,0.12027582548733588,1.19,0.39,1.99,0.55,1.83,0.38,0.29,1.1,Light Heavyweight,49.0,0.6153846153846154,0.4482758620689653,1.1839363029409165,,0.0,0.15950000000000003,0.0,3.016,118,0.7711864406779662,23.754237288135595
Thales Leites,28,9,0,0.12027582548733588,2.13,0.4,2.99,0.52,2.1,0.27,0.3,1.1,Light Heavyweight,43.0,0.7692307692307692,0.4482758620689653,1.3377824567870702,2335.0,23.076923076923077,6.011230769230769,0.15384615384615385,3.3089615384615385,37,0.7567567567567568,7.551351351351352
Dean Lister,13,7,0,0.12027582548733588,1.26,0.35,1.89,0.61,1.58,0.15,0.5,1.1,Light Heavyweight,48.0,0.6538461538461537,0.4482758620689653,1.2223978414024548,,0.0,0.19300000000000006,0.0,2.7525000000000004,20,0.65,4.13
Kurt Holobaugh,21,7,0,0.07518896698050656,4.89,0.44,4.44,0.48,0.87,0.36,0.5,1.1,Welterweight,38.0,0.4615384615384617,0.3793103448275862,0.9160377733465545,207.0,14.285714285714285,4.287928571428571,0.2857142857142857,2.145428571428572,28,0.75,5.750000000000001
Chris Wade,12,3,0,0.07518896698050656,1.7,0.53,1.75,0.51,2.6,0.51,0.55,1.1,Welterweight,37.0,0.4615384615384617,0.34482758620689663,0.8815550147258648,2762.0,0.0,0.34500000000000003,0.2857142857142857,3.9029285714285717,15,0.8,3.16
Dylan Potter,10,6,0,0.1804468903328471,3.1,0.48,5.78,0.46,0.0,0.0,0.33,1.1,Heavyweight,30.0,0.7307692307692308,0.48275862068965525,1.3939747417917332,,0.0,0.07299999999999995,0.0,1.133,16,0.625,3.325
Tatsuya Kawajiri,36,11,2,0.06013791274366793,2.04,0.44,2.01,0.5,3.63,0.48,0.63,1.1,Featherweight,46.0,0.4230769230769229,0.24137931034482762,0.7245941461654184,3112.0,0.0,0.3715,0.16666666666666666,4.906666666666667,49,0.7346938775510204,9.946938775510205
Trevor Prangley,34,11,2,0.12027582548733588,2.59,0.6,2.02,0.48,3.38,0.55,0.74,1.0,Light Heavyweight,52.0,0.6538461538461537,0.4482758620689653,1.2223978414024548,,0.0,0.5365,0.0,4.5365,47,0.723404255319149,9.54468085106383
Karolina Wojcik,9,2,0,0.01501790213499534,2.67,0.65,0.87,0.62,2.0,0.66,1.0,1.0,Strawweight,30.0,0.21923076923076928,0.0689655172413791,0.3032141886071437,,0.0,0.76,0.0,3.1990000000000003,11,0.8181818181818182,2.3636363636363638
Pat Miletich,29,7,2,0.09773239623392123,1.79,0.45,1.66,0.63,1.96,1.0,0.54,1.0,Middleweight,56.0,0.5968489341983318,0.34482758620689663,1.0394089166391498,,0.0,0.383,0.0,3.1639999999999997,38,0.7631578947368421,7.752631578947369
Steve Erceg,11,1,0,0.030068956371833978,4.27,0.48,3.57,0.49,2.0,0.33,0.77,1.0,Flyweight,29.0,0.3846153846153846,0.2758620689655172,0.6905464099527358,179.0,40.0,10.7015,0.0,3.1265,12,0.9166666666666666,2.583333333333334
Evan Dunham,18,9,1,0.07518896698050656,5.33,0.39,3.54,0.61,1.82,0.33,0.79,1.0,Welterweight,43.0,0.4615384615384617,0.34482758620689663,0.8815550147258648,1712.0,23.52941176470588,6.85335294117647,0.11764705882352941,2.9779117647058824,28,0.6428571428571429,5.7285714285714295
Josh Stansbury,4,8,0,0.15037793396101312,3.22,0.54,3.54,0.54,0.0,0.0,0.87,1.0,Light Heavyweight,40.0,0.6153846153846154,0.48275862068965525,1.2485211700352838,2789.0,33.33333333333333,8.796333333333331,0.0,1.087,12,0.3333333333333333,2.4666666666666672
Ed Herman,27,16,0,0.15037793396101312,3.31,0.48,3.71,0.42,1.96,0.47,0.59,1.0,Light Heavyweight,44.0,0.7307692307692308,0.4482758620689653,1.3294230267992093,669.0,37.5,9.805,0.125,3.12075,43,0.627906976744186,8.725581395348836
Ali AlQaisi,8,5,0,0.045086858506829315,2.43,0.42,1.97,0.56,3.5,0.29,0.6,1.0,Featherweight,34.0,0.3846153846153846,0.20689655172413768,0.6365987948463516,1586.0,0.0,0.48,0.0,4.6035,13,0.6153846153846154,2.723076923076923
Elaina Maxwell,7,4,0,0.06013791274366793,2.07,0.6,2.4,0.53,0.0,0.0,0.5,1.0,Featherweight,46.0,0.4423076923076923,0.2758620689655172,0.7783076740168774,,0.0,0.357,0.0,1.05,11,0.6363636363636364,2.3272727272727276
Mando Gutierrez,7,2,0,0.045086858506829315,0.8,0.75,1.33,0.5,1.0,1.0,0.4,1.0,Featherweight,27.0,0.4615384615384617,0.20689655172413768,0.7135218717694287,,0.0,0.22550000000000003,0.0,2.19,9,0.7777777777777778,1.9555555555555557
Claudia Leite,8,3,0,0.045086858506829315,1.27,0.47,1.73,0.57,1.0,0.25,0.0,1.0,Featherweight,28.0,0.23076923076923084,0.10344827586206903,0.37930436513812915,,0.0,0.2375,0.0,2.0375,11,0.7272727272727273,2.3454545454545457
Ray Borg,13,5,0,0.045086858506829315,1.52,0.52,1.93,0.48,3.89,0.5,0.46,1.0,Featherweight,31.0,0.1923076923076925,0.1379310344827586,0.37532558529728044,1736.0,0.0,0.26649999999999996,0.25,5.0735,18,0.7222222222222222,3.7444444444444445
Chad Hanekom,9,3,0,0.12027582548733588,0.73,0.47,1.47,0.33,0.0,0.0,0.71,1.0,Light Heavyweight,34.0,0.6153846153846154,0.5517241379310344,1.2873845788029856,,0.0,0.10549999999999995,0.0,1.071,12,0.75,2.5500000000000003
Zach Skinner,10,11,0,0.06013791274366793,0.53,0.5,2.4,0.32,5.0,0.27,1.0,1.0,Featherweight,35.8830242510699,0.4423076923076923,0.20689655172413768,0.7093421567754978,,0.0,-0.07949999999999996,0.0,6.140499999999999,21,0.47619047619047616,4.295238095238095
Jay Silva,10,11,1,0.12027582548733588,1.13,0.34,3.07,0.4,0.0,0.0,0.38,1.0,Light Heavyweight,41.277864992150704,0.6674641148325355,0.48275862068965525,1.2704985610095267,,0.0,-0.04999999999999999,0.0,1.038,22,0.45454545454545453,4.490909090909091
Tim Elliott,20,13,1,0.030068956371833978,3.41,0.44,2.67,0.56,3.73,0.47,0.59,1.0,Flyweight,38.0,0.3076923076923075,0.24137931034482762,0.579140574408969,431.0,0.0,0.624,0.35,4.947000000000001,34,0.5882352941176471,6.91764705882353
Jason Guida,19,28,0,0.1639039915130619,1.87,0.4,3.33,0.52,1.0,0.14,0.5,1.0,Heavyweight,44.17465753424658,0.7320261437908496,0.34482758620689663,1.2407577215108083,,0.0,0.12600000000000006,0.0,2.0709999999999997,47,0.40425531914893614,9.480851063829787
Carlos Condit,32,14,0,0.09773239623392123,3.66,0.39,2.67,0.55,0.59,0.46,0.38,1.0,Middleweight,40.0,0.6538461538461537,0.48275862068965525,1.2343371707697304,1313.0,23.52941176470588,6.55735294117647,0.17647058823529413,1.7411176470588237,46,0.6956521739130435,9.339130434782609
Gunnar Nelson,19,5,1,0.09773239623392123,1.84,0.61,3.0,0.49,1.9,0.59,0.66,1.0,Middleweight,36.0,0.5384615384615383,0.3793103448275862,1.0155042795230458,697.0,6.666666666666667,1.872166666666667,0.5333333333333333,3.1878333333333333,25,0.76,5.152
Pingyuan Liu,13,7,0,0.045086858506829315,2.36,0.33,2.99,0.54,0.25,0.2,0.56,1.0,Featherweight,31.0,0.5384615384615383,0.20689655172413768,0.7904449486925054,,0.0,0.28849999999999987,0.0,1.336,20,0.65,4.13
Mohammad Yahya,12,4,0,0.07518896698050656,2.87,0.46,4.07,0.37,1.0,1.0,0.42,1.0,Welterweight,30.0,0.5769230769230766,0.3103448275862067,0.9624568714897899,193.0,50.0,12.7545,0.0,2.192,16,0.75,3.35
Yusup Saadulaev,16,4,1,0.045086858506829315,0.57,0.45,0.96,0.66,5.73,0.6,0.0,1.0,Featherweight,35.8830242510699,0.4423076923076923,0.20689655172413768,0.6942911025386593,,0.0,0.18750000000000003,0.0,6.82,21,0.7619047619047619,4.352380952380953
Enrique Marin,10,4,0,0.09773239623392123,1.43,0.33,3.0,0.5,2.5,0.38,0.6,1.0,Middleweight,39.515151515151516,0.5968489341983318,0.34482758620689663,1.0394089166391498,3140.0,0.0,0.04850000000000004,0.0,3.617,14,0.7142857142857143,2.942857142857143
Allan Zuniga,13,1,0,0.07518896698050656,3.93,0.52,1.8,0.61,0.0,0.0,0.57,1.0,Welterweight,32.0,0.4615384615384617,0.24137931034482762,0.7781067388637959,2413.0,0.0,0.9079999999999999,0.0,1.057,14,0.9285714285714286,2.9857142857142858
Takeshi Yamazaki,15,12,3,0.05112054104230206,0.57,0.25,1.57,0.47,4.5,0.5,1.0,1.0,Featherweight,35.8830242510699,0.4423076923076923,0.2758620689655172,0.7692903023155115,,0.0,0.027500000000000024,0.0,5.675,30,0.5,6.1
Johnny Walker,21,7,0,0.15037793396101312,3.87,0.56,2.64,0.45,0.5,1.0,0.57,1.0,Light Heavyweight,32.0,0.9230769230769229,0.6206896551724138,1.6941445122103498,235.0,61.53846153846154,16.135615384615384,0.07692307692307693,1.7262307692307692,28,0.75,5.750000000000001
Nick Osipczak,6,3,0,0.09773239623392123,2.83,0.5,3.77,0.5,1.2,0.45,0.71,1.0,Middleweight,40.0,0.6923076923076921,0.48275862068965525,1.2727987092312687,5205.0,0.0,0.31699999999999995,0.0,2.3385,9,0.6666666666666666,1.9333333333333333
Jonavin Webb,9,2,0,0.09773239623392123,1.47,0.3,2.27,0.64,2.5,0.31,0.4,1.0,Middleweight,35.0,0.5968489341983318,0.34482758620689663,1.0394089166391498,3279.0,0.0,0.183,0.0,3.5865,11,0.8181818181818182,2.3636363636363638
Brian Schwartz,1,1,0,0.09773239623392123,1.27,0.44,0.87,0.45,0.0,0.0,0.5,1.0,Middleweight,39.515151515151516,0.5968489341983318,0.5172413793103448,1.2118227097425978,,0.0,0.3425,0.0,1.05,2,0.5,0.5
Eddie Yagin,16,7,1,0.06013791274366793,3.13,0.3,5.77,0.42,0.0,0.0,0.62,1.0,Featherweight,45.0,0.4423076923076923,0.24137931034482762,0.7438249153961878,4680.0,0.0,0.040000000000000036,0.0,1.062,24,0.6666666666666666,4.9333333333333345
Karo Parisyan,24,11,0,0.09773239623392123,2.49,0.41,2.19,0.58,5.27,0.59,0.59,1.0,Middleweight,42.0,0.5384615384615383,0.34482758620689663,0.9810215209023562,5198.0,100.0,25.463,0.0,6.4174999999999995,35,0.6857142857142857,7.137142857142857
Marco Tulio,10,1,0,0.12027582548733588,3.2,0.48,2.2,0.52,2.0,0.25,0.0,1.0,Light Heavyweight,30.0,0.6153846153846154,0.41379310344827575,1.149453544320227,,0.0,0.6439999999999999,0.0,3.0375,11,0.9090909090909091,2.381818181818182
Carlos Mota,8,2,0,0.030068956371833978,0.8,0.41,1.13,0.54,0.0,0.0,0.5,1.0,Flyweight,29.0,0.4230769230769229,0.1379310344827586,0.5910769139315155,837.0,0.0,0.19350000000000006,0.0,1.05,10,0.8,2.16
Charles Rosa,14,8,0,0.06013791274366793,3.08,0.36,3.86,0.47,1.67,0.35,0.38,1.0,Featherweight,38.0,0.4230769230769229,0.3103448275862067,0.7935596634067975,935.0,7.6923076923076925,2.2565769230769233,0.15384615384615385,2.7989615384615383,22,0.6363636363636364,4.527272727272727
Bobby Cooper,12,7,0,0.07518896698050656,2.87,0.25,3.4,0.59,0.0,0.0,0.4,1.0,Welterweight,38.13361169102296,0.5218723584108196,0.4482758620689653,1.0453371874602915,,0.0,0.3460000000000001,0.0,1.04,19,0.631578947368421,3.9263157894736844
Nayara Maia,7,1,1,0.030068956371833978,0.6,0.36,3.33,0.43,1.0,0.33,0.0,1.0,Flyweight,34.0,0.3076923076923075,0.17241379310344812,0.5101750571675896,,0.0,-0.21300000000000002,0.0,2.0495,9,0.7777777777777778,1.9555555555555557
Oscar Cota,11,3,0,0.18797241745126642,0.33,0.41,2.47,0.41,0.0,0.0,0.6,1.0,Heavyweight,40.0,0.5384615384615383,0.41379310344827575,1.1402270593610804,,0.0,-0.1445,0.0,1.06,14,0.7857142857142857,2.9571428571428573
Gabrielle Holloway,6,5,0,0.06013791274366793,0.7,0.42,3.07,0.34,3.0,0.35,0.16,1.0,Featherweight,35.8830242510699,0.4423076923076923,0.10344827586206903,0.6058938809134292,,0.0,-0.15049999999999997,0.0,4.0685,11,0.5454545454545454,2.309090909090909
Erik Koch,16,6,0,0.09773239623392123,2.33,0.42,2.82,0.47,1.02,0.42,0.81,1.0,Middleweight,36.0,0.5,0.34482758620689663,0.9425599824408178,2027.0,40.0,10.314,0.1,2.1889999999999996,22,0.7272727272727273,4.545454545454546
Anthony Rocco Martin,17,6,0,0.09773239623392123,2.68,0.37,2.59,0.58,0.71,0.27,0.68,1.0,Middleweight,35.0,0.5769230769230766,0.41379310344827575,1.0884485766052736,1712.0,7.6923076923076925,2.365576923076923,0.38461538461538464,1.9146538461538463,23,0.7391304347826086,4.747826086956522
Gilbert Urbina,7,3,0,0.09773239623392123,6.33,0.6,4.09,0.47,3.96,0.5,0.0,1.0,Middleweight,28.0,0.6538461538461537,0.5172413793103448,1.2688199293904199,375.0,66.66666666666666,17.826166666666666,0.3333333333333333,5.118333333333333,10,0.7,2.14
Sam Watford,2,2,0,0.07518896698050656,0.13,0.18,0.73,0.62,2.0,0.4,0.6,1.0,Welterweight,38.13361169102296,0.5218723584108196,0.3329867729451857,0.9300480983365118,,0.0,0.052000000000000005,0.0,3.12,4,0.5,0.9
Dylan Budka,7,2,0,0.12027582548733588,1.47,0.66,0.73,0.52,2.0,0.28,1.0,1.0,Light Heavyweight,25.0,0.6538461538461537,0.41379310344827575,1.1879150827817653,158.0,50.0,12.968,0.0,3.142,9,0.7777777777777778,1.9555555555555557
Kaleio Romero,6,2,0,0.06013791274366793,2.6,0.48,3.27,0.5,1.0,0.08,0.0,1.0,Featherweight,28.0,0.4230769230769229,0.34482758620689663,0.8280424220274875,,0.0,0.33049999999999996,0.0,2.012,8,0.75,1.75
Cameron Church,4,1,0,0.07518896698050656,4.0,0.4,4.93,0.5,0.0,0.0,0.6,1.0,Welterweight,34.0,0.5384615384615383,0.3793103448275862,0.9929608502696311,,0.0,0.4155000000000001,0.0,1.06,5,0.8,1.1600000000000001
Anton Berzin,5,1,0,0.15037793396101312,4.4,0.46,6.8,0.67,2.0,0.28,0.0,1.0,Light Heavyweight,35.0,0.6674641148325355,0.48275862068965525,1.300600669483204,,0.0,0.2725000000000002,0.0,3.042,6,0.8333333333333334,1.366666666666667
Jason Gonzalez,11,5,0,0.07518896698050656,3.06,0.39,3.13,0.58,0.0,0.0,0.3,1.0,Welterweight,34.0,0.6153846153846154,0.48275862068965525,1.1733322030547773,2118.0,25.0,6.7105,0.75,1.2175,16,0.6875,3.3375000000000004
Manny Vazquez,11,2,0,0.030068956371833978,1.47,0.41,2.67,0.48,1.0,0.33,0.0,1.0,Flyweight,31.0,0.5384615384615383,0.34482758620689663,0.9133580810402689,,0.0,0.121,0.0,2.0495,13,0.8461538461538461,2.769230769230769
Jeff Crotty,1,1,0,0.07518896698050656,0.93,0.35,3.33,0.54,5.0,0.38,0.0,1.0,Welterweight,38.13361169102296,0.5218723584108196,0.3329867729451857,0.9300480983365118,,0.0,-0.11599999999999999,0.0,6.057,2,0.5,0.5
Sam Greco,3,1,1,0.15037793396101312,2.4,0.75,1.33,0.53,0.0,0.0,0.25,1.0,Light Heavyweight,57.0,0.6674641148325355,0.48275862068965525,1.300600669483204,,0.0,0.63,0.0,1.025,5,0.6,1.12
Ricco Rodriguez,53,25,0,0.24058480307651503,1.85,0.51,1.15,0.61,2.3,0.39,0.4,1.0,Heavyweight,47.0,0.7320261437908496,0.5517241379310344,1.5243350847983992,,0.0,0.48350000000000004,0.0,3.3985,78,0.6794871794871795,15.735897435897437
Jay Hieron,23,7,0,0.09773239623392123,1.66,0.32,1.89,0.61,4.05,0.6,0.66,1.0,Middleweight,48.0,0.6538461538461537,0.41379310344827575,1.1653716535283507,4393.0,50.0,12.786999999999999,0.0,5.2059999999999995,30,0.7666666666666667,6.153333333333333
Sung Bin Jo,9,1,0,0.06013791274366793,1.4,0.33,2.67,0.51,1.0,0.33,0.83,1.0,Featherweight,32.0,0.5384615384615383,0.41379310344827575,1.012392554653482,2083.0,0.0,0.09200000000000003,0.0,2.1325000000000003,10,0.9,2.18
Art Arciniega,15,7,0,0.06013791274366793,1.53,0.46,2.73,0.51,0.0,0.0,0.5,1.0,Featherweight,35.8830242510699,0.4423076923076923,0.2758620689655172,0.7783076740168774,,0.0,0.14150000000000007,0.0,1.05,22,0.6818181818181818,4.536363636363637
Isabela de Padua,5,2,0,0.030068956371833978,1.0,0.35,2.07,0.5,2.0,0.66,0.0,1.0,Flyweight,33.0,0.23076923076923084,0.10344827586206903,0.36428646300313383,,0.0,0.08450000000000008,0.0,3.099,7,0.7142857142857143,1.542857142857143
Lucas Fernando,9,2,0,0.12027582548733588,1.87,0.51,4.73,0.38,3.0,0.3,0.0,1.0,Light Heavyweight,41.277864992150704,0.8461538461538458,0.5172413793103448,1.4836710509515263,,0.0,-0.08299999999999996,0.0,4.045,11,0.8181818181818182,2.3636363636363638
Rafael Silva,28,6,0,0.045086858506829315,0.67,0.5,0.73,0.67,0.0,0.0,0.25,1.0,Featherweight,35.8830242510699,0.4423076923076923,0.24137931034482762,0.7287738611593493,,0.0,0.2585,0.0,1.025,34,0.8235294117647058,6.964705882352942
Hyder Amil,8,0,0,0.06013791274366793,1.73,0.52,1.47,0.53,0.0,0.0,0.78,1.0,Featherweight,34.0,0.4615384615384617,0.3103448275862067,0.8320212018683363,207.0,100.0,25.3955,0.0,1.078,8,1.0,1.8
Vaughan Lee,14,13,1,0.030068956371833978,3.47,0.47,2.07,0.7,0.81,0.33,0.72,1.0,Flyweight,42.0,0.3076923076923075,0.20689655172413768,0.5446578157882791,3497.0,12.5,3.881,0.375,2.0252499999999998,28,0.5,5.7
Ryan Healy,25,14,1,0.07518896698050656,1.67,0.35,3.0,0.38,3.0,0.5,0.4,1.0,Welterweight,41.0,0.5218723584108196,0.4482758620689653,1.0453371874602915,,0.0,0.09450000000000003,0.0,4.115,40,0.625,8.125
Joao Zeferino,21,9,0,0.09773239623392123,0.83,0.36,2.6,0.48,0.5,0.05,0.5,1.0,Middleweight,39.0,0.5968489341983318,0.3793103448275862,1.0738916752598393,4179.0,0.0,-0.038500000000000034,0.0,1.5575,30,0.7,6.14
Virna Jandiroba,19,3,0,0.01501790213499534,2.34,0.4,3.03,0.56,2.42,0.39,0.73,1.0,Strawweight,36.0,0.23076923076923084,0.10344827586206903,0.3492354087662952,207.0,0.0,0.29450000000000004,0.3,3.6265,22,0.8636363636363636,4.572727272727273
Miles McDonald,2,1,0,0.01501790213499534,5.1,0.45,4.0,0.43,0.0,0.0,1.0,1.0,Strawweight,33.46363636363636,0.21923076923076928,0.24137931034482762,0.47562798171059223,,0.0,0.8295,0.0,1.1,3,0.6666666666666666,0.7333333333333334
Korey Kuppe,8,4,0,0.09773239623392123,0.73,0.73,1.33,0.31,0.0,0.0,0.69,1.0,Middleweight,36.0,0.7307692307692308,0.5862068965517243,1.4147085235548764,,0.0,0.1755,0.0,1.069,12,0.6666666666666666,2.5333333333333337
Patrick Murphy,5,3,0,0.09773239623392123,3.4,0.66,0.8,0.42,0.0,0.0,0.5,1.0,Middleweight,39.515151515151516,0.5968489341983318,0.41379310344827575,1.1083744338805288,,0.0,0.9249999999999999,0.0,1.05,8,0.625,1.725
Nick Diaz,26,10,0,0.09773239623392123,5.71,0.42,3.84,0.59,1.28,0.32,0.6,1.0,Middleweight,41.0,0.6923076923076921,0.4482758620689653,1.2383159506105788,1236.0,25.0,7.274,0.0,2.388,36,0.7222222222222222,7.344444444444445
Akitoshi Tamura,21,18,2,0.045086858506829315,3.73,0.43,1.94,0.78,0.0,0.0,0.2,1.0,Featherweight,44.0,0.4615384615384617,0.3103448275862067,0.8169701476314977,,0.0,0.8445,0.0,1.02,41,0.5121951219512195,8.302439024390244
Eric Schambari,15,6,0,0.12027582548733588,1.43,0.42,1.07,0.54,3.0,0.42,0.0,1.0,Light Heavyweight,46.0,0.6674641148325355,0.3793103448275862,1.1670502851474576,,0.0,0.362,0.0,4.063000000000001,21,0.7142857142857143,4.342857142857143
Markus Perez,12,5,0,0.12027582548733588,2.6,0.47,3.72,0.52,0.81,0.25,0.77,1.0,Light Heavyweight,36.0,0.5769230769230766,0.4482758620689653,1.1454747644793777,1484.0,0.0,0.2639999999999999,0.2857142857142857,1.9959285714285715,17,0.7058823529411765,3.5411764705882356
Greg Soto,9,4,0,0.09773239623392123,3.21,0.63,2.61,0.52,1.49,0.27,0.44,1.0,Middleweight,38.0,0.5769230769230766,0.3793103448275862,1.053965817984584,5156.0,0.0,0.615,0.3333333333333333,2.6578333333333335,13,0.6923076923076923,2.7384615384615385
Mike French,9,10,0,0.06013791274366793,0.23,0.23,2.17,0.42,0.0,0.0,0.22,1.0,Featherweight,35.8830242510699,0.4423076923076923,0.34482758620689663,0.8472731912582568,,0.0,-0.15899999999999995,0.0,1.022,19,0.47368421052631576,3.8947368421052633
Karl Amoussou,27,7,2,0.12027582548733588,1.47,0.34,2.67,0.54,0.0,0.0,0.25,1.0,Light Heavyweight,39.0,0.6674641148325355,0.3793103448275862,1.1670502851474576,,0.0,0.11599999999999999,0.0,1.025,36,0.75,7.3500000000000005
Luke Rockhold,16,6,0,0.12027582548733588,4.1,0.49,2.68,0.53,0.7,0.29,0.65,1.0,Light Heavyweight,40.0,0.7307692307692308,0.5172413793103448,1.3682864355669113,907.0,54.54545454545454,14.436863636363636,0.2727272727272727,1.8766818181818181,22,0.7272727272727273,4.545454545454546
Brett Johns,17,2,0,0.045086858506829315,2.86,0.49,3.84,0.53,4.92,0.49,0.58,1.0,Featherweight,32.0,0.5,0.24137931034482762,0.786466168851657,1670.0,0.0,0.3165,0.2857142857142857,6.122928571428571,19,0.8947368421052632,3.978947368421053
Rogerio Bontorin,16,4,0,0.030068956371833978,2.63,0.52,3.27,0.5,2.9,0.6,0.51,1.0,Flyweight,32.0,0.34615384615384626,0.17241379310344812,0.5486365956291284,1124.0,0.0,0.3459999999999999,0.0,4.041,20,0.8,4.16
Chris Mierzwiak,5,3,0,0.12027582548733588,1.6,0.61,1.73,0.48,2.0,0.28,0.0,1.0,Light Heavyweight,41.277864992150704,0.6674641148325355,0.4482758620689653,1.2360158023888368,,0.0,0.33449999999999996,0.0,3.042,8,0.625,1.725
Sergei Kharitonov,26,6,0,0.21051584670468107,3.9,0.44,3.03,0.54,1.16,0.53,0.7,1.0,Heavyweight,44.0,0.7320261437908496,0.41379310344827575,1.3563350939438066,,0.0,0.6895,0.0,2.3095,32,0.8125,6.5625
Emil Meek,9,5,1,0.09773239623392123,2.52,0.39,2.53,0.38,0.25,0.33,0.47,1.0,Middleweight,36.0,0.6153846153846154,0.3793103448275862,1.0924273564461229,1817.0,0.0,0.38549999999999995,0.0,1.3465,15,0.6,3.12
Yoshihiro Akiyama,14,6,0,0.09773239623392123,3.1,0.41,3.62,0.57,2.29,0.67,0.92,1.0,Middleweight,49.0,0.6538461538461537,0.34482758620689663,1.0964061362869715,3364.0,16.666666666666664,4.566166666666666,0.16666666666666666,3.5241666666666664,20,0.7,4.14
Saul Elizondo,6,8,0,0.045086858506829315,2.07,0.3,4.93,0.48,2.0,1.0,0.66,1.0,Featherweight,35.8830242510699,0.4423076923076923,0.24137931034482762,0.7287738611593493,,0.0,-0.09000000000000008,0.0,3.2159999999999997,14,0.42857142857142855,2.885714285714286
Islam Makhachev,25,1,0,0.07518896698050656,2.46,0.6,1.27,0.61,3.17,0.6,0.9,1.0,Welterweight,33.0,0.4615384615384617,0.34482758620689663,0.8815550147258648,256.0,25.0,6.886,0.375,4.44375,26,0.9615384615384616,5.392307692307693
Luis Henrique,10,5,0,0.2074990054369447,1.81,0.43,2.22,0.47,3.09,0.36,0.5,1.0,Heavyweight,31.0,0.6153846153846154,0.48275862068965525,1.3056422415112152,2335.0,33.33333333333333,8.609333333333332,0.3333333333333333,4.277333333333332,15,0.6666666666666666,3.1333333333333333
Ben Nguyen,16,8,0,0.030068956371833978,3.51,0.4,3.01,0.59,0.25,0.33,0.63,1.0,Flyweight,36.0,0.26923076923076916,0.17241379310344812,0.47171351870605127,2265.0,28.57142857142857,7.7373571428571415,0.42857142857142855,1.4696428571428573,24,0.6666666666666666,4.9333333333333345
Marilia Santos,10,3,0,0.030068956371833978,4.4,0.54,4.07,0.53,1.0,1.0,0.66,1.0,Flyweight,32.0,0.34781884781884764,0.1379310344827586,0.5158188386734402,,0.0,0.677,0.0,2.216,13,0.7692307692307693,2.753846153846154
James Hammortree,6,3,0,0.12027582548733588,1.93,0.3,4.13,0.44,2.0,0.5,1.0,1.0,Light Heavyweight,41.0,0.6674641148325355,0.5172413793103448,1.3049813196302162,5352.0,0.0,-0.010999999999999899,0.0,3.1750000000000003,9,0.6666666666666666,1.9333333333333333
Michael Chiesa,18,7,0,0.09773239623392123,1.87,0.4,1.7,0.54,3.33,0.5,0.6,1.0,Middleweight,37.0,0.6538461538461537,0.4482758620689653,1.1998544121490404,67.0,0.0,0.37350000000000005,0.65,4.6274999999999995,25,0.72,5.144
Cole Province,6,2,0,0.06013791274366793,1.47,0.44,2.72,0.43,2.4,0.5,0.83,1.0,Featherweight,44.0,0.3846153846153846,0.3103448275862067,0.7550981249452592,,0.0,0.11199999999999999,0.0,3.5580000000000003,8,0.75,1.75
Ivan Menjivar,25,12,0,0.06013791274366793,2.78,0.37,2.76,0.65,0.56,0.28,0.38,1.0,Featherweight,42.0,0.23076923076923084,0.20689655172413768,0.49780369523703644,4001.0,12.5,3.5774999999999997,0.375,1.7337500000000001,37,0.6756756756756757,7.535135135135135
Joe Duarte,10,4,0,0.07518896698050656,2.27,0.38,4.0,0.53,3.0,0.5,0.69,1.0,Welterweight,38.13361169102296,0.5218723584108196,0.3329867729451857,0.9300480983365118,,0.0,0.123,0.0,4.144,14,0.7142857142857143,2.942857142857143
Chris de la Rocha,5,3,0,0.21804137382310043,4.08,0.45,6.37,0.43,2.02,0.3,0.33,1.0,Heavyweight,45.0,0.8461538461538458,0.5172413793103448,1.581436599287291,2251.0,100.0,25.219,0.0,3.098,8,0.625,1.725
Justin Edwards,9,5,0,0.07518896698050656,2.68,0.42,3.32,0.51,2.14,0.26,0.27,1.0,Welterweight,42.0,0.4615384615384617,0.34482758620689663,0.8815550147258648,3539.0,14.285714285714285,3.903928571428571,0.2857142857142857,3.277428571428572,14,0.6428571428571429,2.928571428571429
DeAnna Bennett,8,3,1,0.030068956371833978,3.13,0.58,3.27,0.58,0.0,0.0,0.0,1.0,Flyweight,40.0,0.3846153846153846,0.1379310344827586,0.5526153754699772,,0.0,0.49499999999999994,0.0,1.0,12,0.6666666666666666,2.5333333333333337
Mu Bae Choi,12,6,0,0.18797241745126642,1.55,0.49,3.65,0.44,3.12,0.75,0.6,1.0,Heavyweight,54.0,0.7320261437908496,0.48275862068965525,1.4027571819317712,,0.0,0.004000000000000115,0.0,4.2925,18,0.6666666666666666,3.7333333333333334
Connor Matthews,7,1,0,0.06013791274366793,5.13,0.44,5.57,0.55,3.5,0.58,0.5,1.0,Featherweight,32.0,0.5,0.2758620689655172,0.8359999817091851,319.0,100.0,25.6175,0.0,4.6370000000000005,8,0.875,1.7750000000000001
Chalid Arrab,7,3,0,0.15037793396101312,1.56,0.34,1.63,0.56,3.05,0.75,0.37,1.0,Light Heavyweight,49.0,0.6674641148325355,0.3793103448275862,1.1971523936211348,,0.0,0.2975000000000001,0.0,4.1995,10,0.7,2.14
Lemont Davis,2,6,0,0.09773239623392123,0.87,0.54,1.27,0.55,1.0,0.5,0.0,1.0,Middleweight,39.515151515151516,0.5968489341983318,0.2758620689655172,0.9704433993977702,,0.0,0.21750000000000003,0.0,2.075,8,0.25,1.6500000000000001
Gilbert Yvel,39,16,1,0.1804468903328471,1.05,0.47,1.78,0.5,0.0,0.0,0.25,1.0,Heavyweight,48.0,0.7307692307692308,0.48275862068965525,1.3939747417917332,5226.0,50.0,12.6645,0.0,1.025,56,0.6964285714285714,11.339285714285715
Vitor Petrino,10,0,0,0.15037793396101312,3.07,0.48,2.65,0.43,4.15,0.7,0.68,1.0,Light Heavyweight,27.0,0.7307692307692308,0.48275862068965525,1.3639057854198993,284.0,20.0,5.5305,0.4,5.423,10,1.0,2.2
Richie Vaculik,10,4,0,0.030068956371833978,3.69,0.46,4.09,0.57,3.0,0.45,0.31,1.0,Flyweight,41.0,0.4230769230769229,0.20689655172413768,0.6600424311728945,3378.0,50.0,12.9865,0.0,4.0985,14,0.7142857142857143,2.942857142857143
Demian Maia,28,11,0,0.09773239623392123,1.8,0.43,2.07,0.63,2.49,0.24,0.61,1.0,Middleweight,47.0,0.5384615384615383,0.4482758620689653,1.084469796764425,1341.0,3.8461538461538463,1.2815384615384617,0.23076923076923078,3.6446923076923077,39,0.717948717948718,7.943589743589745
Phil Caracappa,6,1,0,0.045086858506829315,2.93,0.5,4.07,0.29,1.0,0.08,1.0,1.0,Featherweight,32.0,0.4615384615384617,0.2758620689655172,0.7824873890108082,,0.0,0.26549999999999996,0.0,2.112,7,0.8571428571428571,1.5714285714285716
Denis Stojnic,13,3,0,0.21051584670468107,1.51,0.23,6.06,0.36,0.0,0.0,0.8,1.0,Heavyweight,45.0,0.7320261437908496,0.41379310344827575,1.3563350939438066,,0.0,-0.43149999999999994,0.0,1.08,16,0.8125,3.3625000000000003
Mike Rio,10,5,0,0.07518896698050656,1.68,0.39,2.99,0.53,2.58,0.27,0.0,1.0,Welterweight,43.0,0.4615384615384617,0.34482758620689663,0.8815550147258648,4036.0,25.0,6.379,0.75,3.8080000000000003,15,0.6666666666666666,3.1333333333333333
Cameron Olson,7,3,0,0.15037793396101312,3.13,0.47,2.2,0.57,3.0,0.42,1.0,1.0,Light Heavyweight,35.0,0.6538461538461537,0.4482758620689653,1.2524999498761322,,0.0,0.6319999999999999,0.0,4.163,10,0.7,2.14
Dwight Joseph,5,0,0,0.045086858506829315,2.6,0.52,2.87,0.55,1.0,0.2,0.2,1.0,Featherweight,35.0,0.4423076923076923,0.20689655172413768,0.6942911025386593,,0.0,0.406,0.0,2.05,5,1.0,1.2
Alex Chambers,5,5,0,0.01501790213499534,2.97,0.54,5.1,0.5,2.31,0.41,0.53,1.0,Strawweight,46.0,0.1923076923076925,0.10344827586206903,0.3107738703047569,2335.0,0.0,0.1605000000000001,0.8,3.6245000000000003,10,0.5,2.1
Magnus Cedenblad,14,5,0,0.12027582548733588,2.38,0.51,3.02,0.4,2.87,0.64,0.66,1.0,Light Heavyweight,42.0,0.8076923076923075,0.5862068965517243,1.5141750297313676,3007.0,33.33333333333333,8.637333333333332,0.5,4.157,19,0.7368421052631579,3.947368421052632
Danny Sabatello,9,1,0,0.045086858506829315,2.07,0.57,0.2,0.25,3.0,0.75,1.0,1.0,Featherweight,31.0,0.5,0.34482758620689663,0.8899144447137259,,0.0,0.6389999999999999,0.0,4.2125,10,0.9,2.18
Jon Tuck,10,5,0,0.07518896698050656,3.0,0.4,3.74,0.6,0.42,0.33,0.5,1.0,Welterweight,40.0,0.5769230769230766,0.3793103448275862,1.0314223887311695,2363.0,11.11111111111111,3.1367777777777777,0.2222222222222222,1.5750555555555554,15,0.6666666666666666,3.1333333333333333
Stephan Bonnar,15,9,0,0.15037793396101312,2.76,0.38,3.01,0.52,1.32,0.4,0.6,1.0,Light Heavyweight,47.0,0.8076923076923075,0.5517241379310344,1.509794379584355,4505.0,50.0,12.8925,0.0,2.4400000000000004,24,0.625,4.925000000000001
Ilima Macfarlane,6,0,0,0.030068956371833978,4.13,0.43,2.93,0.65,0.0,0.0,0.5,1.0,Flyweight,33.27091633466136,0.34781884781884764,0.1379310344827586,0.5158188386734402,,0.0,0.7765,0.0,1.05,6,1.0,1.4000000000000001
Eric Spicely,12,6,0,0.12027582548733588,3.71,0.45,5.72,0.55,1.31,0.2,0.75,1.0,Light Heavyweight,38.0,0.5769230769230766,0.4482758620689653,1.1454747644793777,2062.0,33.33333333333333,8.575333333333331,0.5,2.54,18,0.6666666666666666,3.7333333333333334
Chase Gormley,14,6,0,0.24058480307651503,3.6,0.42,6.03,0.44,3.12,0.42,0.0,1.0,Heavyweight,44.17465753424658,0.7320261437908496,0.5172413793103448,1.4898523261777092,5442.0,100.0,25.145500000000002,0.0,4.183,20,0.7,4.14
Paige VanZant,8,5,0,0.01501790213499534,3.35,0.52,2.62,0.42,1.27,0.33,0.34,1.0,Strawweight,30.0,0.26923076923076916,0.1379310344827586,0.4221797058485231,1677.0,22.22222222222222,6.167055555555556,0.5555555555555556,2.492388888888889,13,0.6153846153846154,2.723076923076923
Bruno Assis,8,4,0,0.12027582548733588,1.27,0.43,3.2,0.36,2.0,0.5,0.66,1.0,Light Heavyweight,32.0,0.6674641148325355,0.48275862068965525,1.2704985610095267,,0.0,-0.022499999999999964,0.0,3.141,12,0.6666666666666666,2.5333333333333337
Alexandre Pantoja,26,5,0,0.030068956371833978,4.41,0.48,3.81,0.51,1.75,0.44,0.66,1.0,Flyweight,34.0,0.34615384615384626,0.17241379310344812,0.5486365956291284,67.0,12.5,3.8285000000000005,0.25,2.9445,31,0.8387096774193549,6.367741935483871
Krzysztof Soszynski,26,12,1,0.15037793396101312,3.37,0.39,3.13,0.58,0.52,0.25,0.71,1.0,Light Heavyweight,47.0,0.7307692307692308,0.4482758620689653,1.3294230267992093,4813.0,50.0,13.038,0.0,1.6284999999999998,39,0.6666666666666666,7.9333333333333345
Leonardo Guimaraes,11,5,0,0.12027582548733588,2.35,0.56,2.99,0.44,0.0,0.0,0.52,1.0,Light Heavyweight,42.0,0.6674641148325355,0.41379310344827575,1.2015330437681473,,0.0,0.31700000000000006,0.0,1.052,16,0.6875,3.3375000000000004
Terrance McKinney,15,6,0,0.07518896698050656,4.46,0.52,2.51,0.44,3.52,0.36,0.85,1.0,Welterweight,30.0,0.5769230769230766,0.34482758620689663,0.9969396301104798,277.0,66.66666666666666,17.575166666666664,0.3333333333333333,4.742333333333333,21,0.7142857142857143,4.342857142857143
Jordan Parsons,11,2,0,0.06013791274366793,3.29,0.4,2.37,0.6,1.54,0.21,0.5,1.0,Featherweight,35.8830242510699,0.4423076923076923,0.3103448275862067,0.8127904326375669,,0.0,0.637,0.0,2.6215,13,0.8461538461538461,2.769230769230769
Rodney Wallace,26,15,1,0.15037793396101312,1.13,0.46,3.44,0.45,6.0,0.54,0.28,1.0,Light Heavyweight,43.0,0.5384615384615383,0.3103448275862067,0.9991843000087581,5303.0,0.0,-0.07400000000000001,0.0,7.109,42,0.6190476190476191,8.523809523809524
Brad Imes,13,7,0,0.24058480307651503,2.73,0.31,4.24,0.49,1.72,0.71,0.0,1.0,Heavyweight,47.0,0.7320261437908496,0.6551724137931033,1.6277833606604681,,0.0,0.18199999999999994,0.0,2.8265000000000002,20,0.65,4.13
David Heath,18,7,0,0.15037793396101312,1.48,0.3,5.16,0.49,0.33,0.5,0.57,1.0,Light Heavyweight,49.0,0.5384615384615383,0.3793103448275862,1.0681498172501376,,0.0,-0.2705000000000001,0.0,1.462,25,0.72,5.144
Alexandr Romanov,17,2,0,0.23607611722583216,4.06,0.52,2.2,0.5,4.32,0.54,0.2,0.9,Heavyweight,34.0,0.6538461538461537,0.48275862068965525,1.372680891761641,102.0,20.0,5.864,0.2,5.371,19,0.8947368421052632,3.978947368421053
Allan Nascimento,20,6,0,0.030068956371833978,3.21,0.61,2.28,0.5,1.55,0.26,0.16,0.9,Flyweight,33.0,0.4230769230769229,0.2758620689655172,0.7290079484142741,760.0,0.0,0.6575,0.3333333333333333,2.5883333333333334,26,0.7692307692307693,5.353846153846154
Eliot Marshall,10,4,0,0.15037793396101312,1.93,0.27,2.39,0.67,0.47,0.33,0.79,0.9,Light Heavyweight,44.0,0.7307692307692308,0.48275862068965525,1.3639057854198993,4855.0,33.33333333333333,8.611833333333333,0.0,1.4985,14,0.7142857142857143,2.942857142857143
Warlley Alves,15,7,0,0.12027582548733588,3.25,0.48,4.21,0.5,1.35,0.5,0.8,0.9,Light Heavyweight,34.0,0.5384615384615383,0.3793103448275862,1.0380477087764604,270.0,25.0,6.602,0.25,2.4675000000000002,22,0.6818181818181818,4.536363636363637
Chris Horodecki,21,7,1,0.07518896698050656,4.59,0.41,3.16,0.65,1.52,0.55,0.37,0.9,Welterweight,37.0,0.4230769230769229,0.3103448275862067,0.8086107176436361,,0.0,0.853,0.0,2.5395,29,0.7241379310344828,5.944827586206897
AJ Fletcher,10,3,0,0.09773239623392123,3.36,0.49,4.61,0.46,1.54,0.35,0.33,0.9,Middleweight,27.0,0.34615384615384626,0.34482758620689663,0.7887138285946641,508.0,0.0,0.3154999999999999,0.5,2.6505,13,0.7692307692307693,2.753846153846154
Tyson Pedro,10,4,0,0.15037793396101312,3.11,0.61,2.53,0.54,0.94,0.36,0.52,0.9,Light Heavyweight,33.0,0.8076923076923075,0.5172413793103448,1.4753116209636654,347.0,45.45454545454545,11.964636363636362,0.2727272727272727,2.0141818181818185,14,0.7142857142857143,2.942857142857143
Lerone Murphy,13,0,1,0.06013791274366793,3.65,0.5,2.4,0.56,1.29,0.46,0.46,0.9,Featherweight,33.0,0.5769230769230766,0.3103448275862067,0.9474058172529513,109.0,28.57142857142857,7.879357142857143,0.0,2.305,14,0.9285714285714286,2.9857142857142858
Tagir Ulanbekov,14,2,0,0.030068956371833978,3.35,0.44,3.29,0.54,3.81,0.42,0.61,0.9,Flyweight,33.0,0.4615384615384617,0.24137931034482762,0.7329867282551232,424.0,0.0,0.5129999999999999,0.4,4.934,16,0.875,3.375
Aisling Daly,16,6,0,0.01501790213499534,2.92,0.52,1.4,0.55,2.15,0.41,0.33,0.9,Strawweight,37.0,0.23076923076923084,0.0689655172413791,0.3147526501456053,3399.0,0.0,0.7065,0.3333333333333333,3.2278333333333333,22,0.7272727272727273,4.545454545454546
JeongYeong Lee,10,1,0,0.06013791274366793,2.39,0.47,1.84,0.55,0.0,0.0,0.73,0.9,Featherweight,29.0,0.5769230769230766,0.34482758620689663,0.9818885758736412,207.0,33.33333333333333,8.831333333333333,0.0,0.973,11,0.9090909090909091,2.381818181818182
Seth Dikun,9,8,0,0.045086858506829315,1.45,0.26,2.18,0.55,0.0,0.0,0.45,0.9,Featherweight,44.0,0.4230769230769229,0.34482758620689663,0.8129913677906488,,0.0,0.16999999999999998,0.0,0.9450000000000001,17,0.5294117647058824,3.505882352941177
Ben Askren,19,2,0,0.09773239623392123,3.64,0.49,5.66,0.36,4.33,0.55,0.0,0.9,Middleweight,40.0,0.5769230769230766,0.3793103448275862,1.053965817984584,1936.0,33.33333333333333,8.546333333333331,0.6666666666666666,5.479166666666667,21,0.9047619047619048,4.380952380952381
Beneil Dariush,22,6,1,0.07518896698050656,3.78,0.48,2.65,0.57,1.9,0.34,0.8,0.9,Welterweight,35.0,0.5384615384615383,0.34482758620689663,0.9584780916489415,438.0,31.818181818181817,8.683545454545452,0.2727272727272727,2.999181818181818,29,0.7586206896551724,5.951724137931035
Gillian Robertson,12,8,0,0.01501790213499534,2.6,0.45,3.21,0.55,2.46,0.41,0.43,0.9,Strawweight,29.0,0.1923076923076925,0.17241379310344812,0.379739387546136,95.0,16.666666666666664,4.507666666666666,0.4444444444444444,3.5756111111111113,20,0.6,4.12
Pete Williams,12,6,0,0.19546479246784249,0.61,0.62,2.77,0.4,1.84,0.4,0.16,0.9,Heavyweight,49.0,0.7320261437908496,0.5172413793103448,1.4447323155690368,,0.0,-0.07900000000000001,0.0,2.8160000000000003,18,0.6666666666666666,3.7333333333333334
Rameau Thierry Sokoudjou,18,18,0,0.15037793396101312,2.26,0.45,2.61,0.56,1.93,0.47,0.78,0.9,Light Heavyweight,40.0,0.7692307692307692,0.34482758620689663,1.264436289398679,,0.0,0.3474999999999999,0.0,2.9784999999999995,36,0.5,7.3
John Hathaway,17,2,0,0.09773239623392123,3.4,0.4,1.8,0.62,2.61,0.43,0.6,0.9,Middleweight,37.0,0.6538461538461537,0.4482758620689653,1.1998544121490404,4001.0,16.666666666666664,4.919666666666666,0.0,3.6345,19,0.8947368421052632,3.978947368421053
Cristiano Marcello,13,6,0,0.07518896698050656,2.56,0.33,3.61,0.58,0.44,0.11,0.2,0.9,Welterweight,47.0,0.5384615384615383,0.3103448275862067,0.9239953330282515,4015.0,25.0,6.5015,0.0,1.3765,19,0.6842105263157895,3.936842105263158
Antoni Hardonk,8,6,0,0.21051584670468107,3.4,0.61,3.07,0.46,0.0,0.0,0.4,0.9,Heavyweight,49.0,0.7692307692307692,0.5517241379310344,1.5314707538664845,,0.0,0.5805,0.0,0.9400000000000001,14,0.5714285714285714,2.9142857142857146
Matt Serra,11,7,0,0.09773239623392123,1.98,0.39,2.64,0.46,2.05,0.2,0.38,0.9,Middleweight,50.0,0.3846153846153846,0.20689655172413768,0.6892443325734434,5254.0,0.0,0.24599999999999989,0.0,3.0179999999999993,18,0.6111111111111112,3.7222222222222223
Michael Chandler,23,8,0,0.07518896698050656,4.89,0.46,4.58,0.46,2.17,0.38,0.71,0.9,Welterweight,38.0,0.5,0.2758620689655172,0.8510510359460237,88.0,16.666666666666664,4.8631666666666655,0.16666666666666666,3.2396666666666665,31,0.7419354838709677,6.348387096774194
Eric Wisely,26,9,1,0.06013791274366793,1.42,0.47,2.08,0.56,0.0,0.0,0.27,0.9,Featherweight,40.0,0.4423076923076923,0.2758620689655172,0.7783076740168774,4687.0,0.0,0.22099999999999992,0.5,1.052,36,0.7222222222222222,7.344444444444445
Pascal Krauss,11,2,0,0.09773239623392123,5.45,0.47,3.88,0.59,1.53,0.5,0.6,0.9,Middleweight,37.0,0.5968489341983318,0.4482758620689653,1.1428571925012183,4183.0,25.0,7.213,0.0,2.565,13,0.8461538461538461,2.769230769230769
Alan Belcher,18,8,0,0.12027582548733588,2.7,0.41,3.1,0.59,0.44,0.26,0.55,0.9,Light Heavyweight,40.0,0.6538461538461537,0.48275862068965525,1.2568806000231447,4309.0,40.0,10.3805,0.2,1.4840000000000002,26,0.6923076923076923,5.338461538461539
Tyson Griffin,16,8,0,0.06013791274366793,3.71,0.41,2.3,0.65,1.87,0.46,0.59,0.9,Featherweight,40.0,0.3846153846153846,0.20689655172413768,0.6516498490831901,4855.0,40.0,10.761999999999999,0.0,2.898,24,0.6666666666666666,4.9333333333333345
Sam Sicilia,15,8,0,0.06013791274366793,2.46,0.33,3.55,0.59,1.45,0.43,0.7,0.9,Featherweight,39.0,0.34615384615384626,0.2758620689655172,0.6821538278630314,2915.0,41.66666666666667,10.653666666666668,0.25,2.547,23,0.6521739130434783,4.730434782608696
Ryan Gracie,5,2,0,0.14285240684259382,0.82,0.61,0.5,0.4,2.83,0.75,0.25,0.9,Light Heavyweight,50.0,0.6674641148325355,0.3103448275862067,1.120661349261336,,0.0,0.31199999999999994,0.0,3.8674999999999997,7,0.7142857142857143,1.542857142857143
Damacio Page,19,10,0,0.045086858506829315,2.05,0.38,2.47,0.51,2.63,0.64,0.23,0.9,Featherweight,42.0,0.3076923076923075,0.20689655172413768,0.5596757179232745,4599.0,0.0,0.29450000000000004,1.0,3.899,29,0.6551724137931034,5.931034482758621
Aleksander Emelianenko,23,7,0,0.22556690094151968,2.75,0.41,1.7,0.65,2.32,0.72,0.66,0.9,Heavyweight,43.0,0.7320261437908496,0.6206896551724138,1.5782826999047832,,0.0,0.612,0.0,3.3939999999999997,30,0.7666666666666667,6.153333333333333
Samy Schiavo,10,6,0,0.07518896698050656,1.68,0.34,2.62,0.38,0.94,0.5,0.66,0.9,Welterweight,49.0,0.5218723584108196,0.2758620689655172,0.8729233943568433,,0.0,0.1519999999999999,0.0,1.9809999999999999,16,0.625,3.325
Brodie Farber,16,7,0,0.09773239623392123,1.69,0.45,2.17,0.53,0.9,0.5,0.2,0.9,Middleweight,44.0,0.5968489341983318,0.4482758620689653,1.1428571925012183,,0.0,0.2665,0.0,1.895,23,0.6956521739130435,4.739130434782609
Pete Sell,10,7,0,0.09773239623392123,2.6,0.42,3.65,0.51,0.91,0.21,0.47,0.9,Middleweight,42.0,0.6538461538461537,0.3793103448275862,1.1308888949076612,,0.0,0.263,0.0,1.8885,17,0.5882352941176471,3.51764705882353
Jason Witt,19,9,0,0.09773239623392123,2.15,0.44,2.54,0.52,6.9,0.48,1.0,0.9,Middleweight,38.0,0.4615384615384617,0.34482758620689663,0.9040984439792795,914.0,50.0,12.8225,0.0,7.972,28,0.6785714285714286,5.735714285714287
Garett Whiteley,7,3,0,0.07518896698050656,3.72,0.48,4.04,0.46,0.0,0.0,0.27,0.9,Welterweight,44.0,0.5384615384615383,0.41379310344827575,1.0274436088903207,3714.0,33.33333333333333,8.822333333333333,0.0,0.927,10,0.7,2.14
Maciej Jewtuszko,12,3,0,0.07518896698050656,2.29,0.45,1.39,0.66,0.0,0.0,0.42,0.9,Welterweight,44.0,0.5218723584108196,0.41379310344827575,1.0108544288396017,5100.0,0.0,0.5529999999999999,0.0,0.9420000000000001,15,0.8,3.16
Cyril Asker,9,4,0,0.21353268797241745,3.35,0.39,5.82,0.35,4.41,0.62,1.0,0.9,Heavyweight,39.0,0.6153846153846154,0.41379310344827575,1.2427104068053088,2559.0,80.0,20.095,0.2,5.553,13,0.6923076923076923,2.7384615384615385
Jumabieke Tuerxun,19,4,1,0.045086858506829315,1.6,0.28,3.08,0.59,0.47,0.11,0.66,0.9,Featherweight,38.0,0.4423076923076923,0.24137931034482762,0.7287738611593493,3750.0,33.33333333333333,8.415833333333332,0.3333333333333333,1.5358333333333334,24,0.7916666666666666,4.958333333333334
Roosevelt Roberts,12,5,0,0.07518896698050656,3.05,0.44,3.12,0.52,1.39,0.29,0.52,0.9,Welterweight,31.0,0.5769230769230766,0.48275862068965525,1.1348706645932385,137.0,10.0,2.9604999999999997,0.4,2.4855,17,0.7058823529411765,3.5411764705882356
Maurice Smith,12,14,0,0.17441320779737435,0.41,0.46,0.47,0.6,0.89,0.5,0.2,0.9,Heavyweight,63.0,0.7320261437908496,0.48275862068965525,1.3891979722778793,,0.0,0.21399999999999997,0.0,1.885,26,0.46153846153846156,5.292307692307692
Bryan Baker,18,5,0,0.12027582548733588,1.78,0.52,2.83,0.45,0.44,0.5,0.37,0.9,Light Heavyweight,39.0,0.6674641148325355,0.5172413793103448,1.3049813196302162,,0.0,0.19200000000000006,0.0,1.452,23,0.782608695652174,4.756521739130435
Glover Teixeira,33,9,0,0.15037793396101312,3.73,0.49,4.43,0.51,2.11,0.33,0.6,0.9,Light Heavyweight,45.0,0.6923076923076921,0.48275862068965525,1.3254442469583605,753.0,30.434782608695656,8.051195652173913,0.30434782608695654,3.195586956521739,42,0.7857142857142857,8.557142857142857
Matheus Nicolau,19,4,1,0.030068956371833978,3.66,0.53,3.14,0.66,1.48,0.45,0.93,0.9,Flyweight,32.0,0.3076923076923075,0.20689655172413768,0.5446578157882791,116.0,27.27272727272727,7.4671818181818175,0.0,2.5404999999999998,24,0.7916666666666666,4.958333333333334
James Krause,28,9,0,0.09773239623392123,4.79,0.49,4.11,0.61,0.96,0.18,0.59,0.9,Middleweight,38.0,0.5769230769230766,0.48275862068965525,1.1574140938466533,1579.0,23.076923076923077,6.5397307692307685,0.15384615384615385,1.9844615384615387,37,0.7567567567567568,7.551351351351352
Roger Narvaez,8,3,0,0.12027582548733588,2.12,0.37,3.32,0.64,0.0,0.0,0.5,0.9,Light Heavyweight,41.0,0.6674641148325355,0.5172413793103448,1.3049813196302162,3623.0,66.66666666666666,16.868666666666662,0.0,0.9500000000000001,11,0.7272727272727273,2.3454545454545457
Umar Nurmagomedov,16,0,0,0.045086858506829315,4.85,0.7,0.73,0.75,4.28,0.45,1.0,0.9,Featherweight,29.0,0.4230769230769229,0.2758620689655172,0.7440258505492694,193.0,16.666666666666664,5.522166666666666,0.16666666666666666,5.389166666666667,16,1.0,3.4000000000000004
Irina Alekseeva,5,2,0,0.045086858506829315,3.84,0.43,3.55,0.48,0.87,0.2,1.0,0.9,Featherweight,34.0,0.34615384615384626,0.2758620689655172,0.6671027736261927,487.0,0.0,0.5855000000000001,0.5,2.025,7,0.7142857142857143,1.542857142857143
Chris Spang,6,3,0,0.09773239623392123,1.83,0.36,1.95,0.6,0.0,0.0,0.5,0.9,Middleweight,37.0,0.5968489341983318,0.48275862068965525,1.1773399511219083,4330.0,0.0,0.32699999999999996,0.0,0.9500000000000001,9,0.6666666666666666,1.9333333333333333
Tony Ferguson,26,9,0,0.07518896698050656,4.98,0.45,4.26,0.56,0.42,0.35,0.66,0.9,Welterweight,41.0,0.6923076923076921,0.3793103448275862,1.146807004115785,193.0,16.666666666666664,4.946666666666666,0.375,1.53225,35,0.7428571428571429,7.148571428571429
Carmelo Marrero,16,6,0,0.15037793396101312,0.84,0.34,2.04,0.54,3.21,0.36,0.36,0.9,Light Heavyweight,44.0,0.5769230769230766,0.41379310344827575,1.1410941143323656,,0.0,0.05300000000000005,0.0,4.2,22,0.7272727272727273,4.545454545454546
Roger Bowling,12,6,0,0.07518896698050656,3.9,0.47,3.86,0.51,3.09,0.43,0.27,0.9,Welterweight,42.0,0.3846153846153846,0.3103448275862067,0.7701491791820978,4078.0,100.0,25.566499999999998,0.0,4.0815,18,0.6666666666666666,3.7333333333333334
Ildemar Alcantara,21,11,0,0.12027582548733588,1.93,0.38,2.63,0.5,2.0,0.68,0.81,0.9,Light Heavyweight,42.0,0.7692307692307692,0.48275862068965525,1.3722652154077601,3500.0,0.0,0.239,0.14285714285714285,3.1187142857142853,32,0.65625,6.53125
Chase Beebe,24,13,1,0.045086858506829315,2.17,0.38,1.64,0.69,2.49,0.42,0.41,0.9,Featherweight,39.0,0.34615384615384626,0.24137931034482762,0.6326200150055032,,0.0,0.4760000000000001,0.0,3.494,38,0.631578947368421,7.726315789473685
Ricardo Lamas,20,8,0,0.06013791274366793,3.13,0.47,2.87,0.57,1.84,0.33,0.46,0.9,Featherweight,42.0,0.5,0.2758620689655172,0.8359999817091851,1628.0,41.17647058823529,10.825617647058822,0.17647058823529413,2.8796176470588235,28,0.7142857142857143,5.742857142857144
Marlon Vera,21,8,1,0.045086858506829315,4.37,0.5,5.16,0.51,0.58,0.39,0.7,0.9,Featherweight,32.0,0.4615384615384617,0.2758620689655172,0.7824873890108082,193.0,29.166666666666668,7.786666666666666,0.16666666666666666,1.6501666666666666,30,0.7,6.14
Alex Karalexis,10,6,0,0.07518896698050656,2.57,0.42,2.39,0.54,2.7,0.45,0.86,0.9,Welterweight,47.0,0.3076923076923075,0.2758620689655172,0.6587433436383312,,0.0,0.4489999999999999,0.0,3.7535,16,0.625,3.325
Curt Warburton,13,6,0,0.07518896698050656,2.13,0.42,3.44,0.43,2.35,0.5,0.83,0.9,Welterweight,38.13361169102296,0.5769230769230766,0.41379310344827575,1.065905147351859,4980.0,0.0,0.16499999999999992,0.3333333333333333,3.491333333333334,19,0.6842105263157895,3.936842105263158
Matt Frevola,11,4,1,0.07518896698050656,3.71,0.42,3.57,0.59,2.59,0.4,0.42,0.9,Welterweight,34.0,0.5,0.3103448275862067,0.8855337945667132,137.0,66.66666666666666,17.231166666666667,0.0,3.5919999999999996,16,0.6875,3.3375000000000004
Blake Bilder,8,1,1,0.06013791274366793,4.96,0.5,4.54,0.56,0.45,0.1,1.0,0.9,Featherweight,34.0,0.3846153846153846,0.2758620689655172,0.7206153663245697,375.0,0.0,0.7430000000000002,0.0,1.465,10,0.8,2.16
Tonya Evinger,19,8,0,0.045086858506829315,1.16,0.42,4.02,0.38,0.93,0.3,0.33,0.9,Featherweight,43.0,0.4615384615384617,0.24137931034482762,0.7480046303901187,2083.0,33.33333333333333,8.161333333333332,0.0,1.908,27,0.7037037037037037,5.540740740740741
Mike Wilkinson,9,4,0,0.06013791274366793,2.35,0.38,3.7,0.35,0.92,0.14,0.55,0.9,Featherweight,37.0,0.3076923076923075,0.24137931034482762,0.609209530780803,3273.0,25.0,6.4110000000000005,0.25,1.9585000000000001,13,0.6923076923076923,2.7384615384615385
Diego Rivas,10,2,0,0.06013791274366793,1.37,0.4,2.14,0.52,1.79,0.6,0.64,0.9,Featherweight,33.0,0.4230769230769229,0.2758620689655172,0.759076904786108,2461.0,25.0,6.4295,0.0,2.8440000000000003,12,0.8333333333333334,2.566666666666667
Mark Hominick,20,12,0,0.06013791274366793,4.08,0.42,4.18,0.69,0.25,0.66,0.71,0.9,Featherweight,42.0,0.3846153846153846,0.2758620689655172,0.7206153663245697,4470.0,40.0,10.580499999999999,0.0,1.32,32,0.625,6.525
Rick Story,19,9,0,0.09773239623392123,3.8,0.41,2.17,0.62,2.53,0.48,0.63,0.9,Middleweight,40.0,0.5,0.3103448275862067,0.9080772238201279,3098.0,18.75,5.487,0.125,3.59625,28,0.6785714285714286,5.735714285714287
Garreth McLellan,13,6,0,0.12027582548733588,3.56,0.54,2.94,0.45,1.15,0.22,0.34,0.9,Light Heavyweight,42.0,0.5384615384615383,0.4482758620689653,1.1070132260178394,2895.0,60.0,15.6245,0.0,2.117,19,0.6842105263157895,3.936842105263158
Dave Jansen,20,4,0,0.07518896698050656,2.94,0.33,3.67,0.58,2.79,0.28,0.38,0.9,Welterweight,45.0,0.5769230769230766,0.3103448275862067,0.9624568714897899,,0.0,0.3374999999999999,0.0,3.7699999999999996,24,0.8333333333333334,4.966666666666668
Mariya Agapova,10,4,0,0.030068956371833978,4.67,0.55,3.82,0.52,0.59,0.66,0.47,0.9,Flyweight,27.0,0.3846153846153846,0.20689655172413768,0.6215808927113562,214.0,16.666666666666664,4.949166666666667,0.8333333333333334,1.8443333333333334,14,0.7142857142857143,2.942857142857143
Alex Huddleston,6,2,0,0.22404190425672985,2.47,0.42,2.59,0.67,0.0,0.0,0.0,0.9,Heavyweight,44.17465753424658,0.7320261437908496,0.6551724137931033,1.6112404618406828,,0.0,0.4135000000000001,0.0,0.9,8,0.75,1.75
Tim Hague,21,13,0,0.23305927595809578,2.79,0.47,4.14,0.46,1.72,0.33,0.85,0.9,Heavyweight,41.0,0.6923076923076921,0.5517241379310344,1.4770911061968222,5135.0,50.0,12.7395,0.0,2.7545,34,0.6176470588235294,6.923529411764706
Masanori Kanehara,26,12,5,0.045086858506829315,1.88,0.49,1.63,0.62,1.44,0.5,0.63,0.9,Featherweight,42.0,0.34615384615384626,0.24137931034482762,0.6326200150055032,3329.0,0.0,0.4165,0.3333333333333333,2.5613333333333332,43,0.6046511627906976,8.720930232558139
Tatiana Suarez,11,0,0,0.01501790213499534,4.27,0.63,1.38,0.51,6.2,0.61,1.0,0.9,Strawweight,34.0,0.3076923076923075,0.17241379310344812,0.495124002930751,557.0,14.285714285714285,4.634428571428571,0.5714285714285714,7.434357142857143,11,1.0,2.4000000000000004
Luigi Fioravanti,26,15,0,0.09773239623392123,2.23,0.42,2.21,0.69,3.76,0.63,0.67,0.9,Middleweight,44.0,0.4615384615384617,0.2758620689655172,0.8351329267379001,,0.0,0.41350000000000003,0.0,4.8215,41,0.6341463414634146,8.326829268292684
Carlos Newton,16,14,0,0.09773239623392123,0.65,0.41,1.55,0.44,2.47,0.7,0.43,0.9,Middleweight,48.0,0.5968489341983318,0.3103448275862067,1.0049261580184599,,0.0,0.07800000000000001,0.0,3.5180000000000002,30,0.5333333333333333,6.1066666666666665
Danilo Marques,11,4,0,0.15037793396101312,1.44,0.79,2.52,0.52,3.93,0.28,0.0,0.8,Light Heavyweight,39.0,0.7307692307692308,0.6206896551724138,1.5018368199026577,1103.0,50.0,12.718,0.0,4.772,15,0.7333333333333333,3.1466666666666665
Renzo Gracie,13,7,1,0.12027582548733588,1.71,0.41,1.67,0.55,1.13,0.2,0.4,0.8,Light Heavyweight,57.0,0.6674641148325355,0.34482758620689663,1.132567526526768,5422.0,100.0,25.3415,0.0,2.0,21,0.6190476190476191,4.323809523809524
Stephanie Egger,8,4,0,0.045086858506829315,1.93,0.53,2.08,0.53,3.04,0.4,0.5,0.8,Featherweight,36.0,0.3846153846153846,0.20689655172413768,0.6365987948463516,431.0,14.285714285714285,3.9274285714285715,0.5714285714285714,4.092857142857143,12,0.6666666666666666,2.5333333333333337
Austin Springer,12,4,0,0.06013791274366793,3.54,0.57,3.15,0.41,3.37,0.4,1.0,0.8,Featherweight,37.0,0.5,0.2758620689655172,0.8359999817091851,1628.0,0.0,0.5880000000000001,1.0,4.58,16,0.75,3.35
Iuri Alcantara,35,10,0,0.045086858506829315,2.72,0.45,2.79,0.49,1.44,0.62,0.6,0.8,Featherweight,44.0,0.5,0.3103448275862067,0.855431686093036,2363.0,23.52941176470588,6.30735294117647,0.17647058823529413,2.437117647058823,45,0.7777777777777778,9.155555555555555
Da'Mon Blackshear,14,6,1,0.045086858506829315,4.28,0.47,4.09,0.48,2.34,0.37,0.66,0.8,Featherweight,30.0,0.5384615384615383,0.34482758620689663,0.9283759831752643,95.0,33.33333333333333,8.955833333333333,0.3333333333333333,3.3448333333333333,21,0.6666666666666666,4.333333333333334
Spencer Fisher,24,9,0,0.07518896698050656,3.17,0.43,3.03,0.64,0.67,0.3,0.6,0.8,Welterweight,48.0,0.3846153846153846,0.24137931034482762,0.7011836619407188,4618.0,20.0,5.52,0.0,1.5750000000000002,33,0.7272727272727273,6.745454545454546
Kurt Pellegrino,16,7,0,0.07518896698050656,2.45,0.43,1.94,0.63,2.9,0.54,0.69,0.8,Welterweight,45.0,0.4615384615384617,0.2758620689655172,0.8125894974844854,5079.0,0.0,0.502,0.3333333333333333,3.933333333333333,23,0.6956521739130435,4.739130434782609
Trey Ogden,16,6,0,0.07518896698050656,3.64,0.47,4.02,0.58,1.29,0.16,1.0,0.8,Welterweight,35.0,0.5384615384615383,0.3793103448275862,0.9929608502696311,207.0,0.0,0.4880000000000001,0.0,2.2140000000000004,22,0.7272727272727273,4.545454545454546
Anderson Silva,34,11,0,0.12027582548733588,3.05,0.61,2.05,0.6,0.5,0.77,0.69,0.8,Light Heavyweight,49.0,0.7307692307692308,0.48275862068965525,1.3338036769462218,1565.0,42.857142857142854,11.381285714285715,0.07142857142857142,1.5023571428571427,45,0.7555555555555555,9.151111111111112
Carlston Harris,19,5,0,0.09773239623392123,2.93,0.49,2.44,0.53,2.05,0.29,0.55,0.8,Middleweight,37.0,0.6923076923076921,0.41379310344827575,1.203833191989889,270.0,50.0,13.044,0.16666666666666666,2.9901666666666666,24,0.7916666666666666,4.958333333333334
Jorge Santiago,25,12,0,0.09773239623392123,1.69,0.35,2.62,0.56,0.58,0.3,0.52,0.8,Middleweight,44.0,0.6538461538461537,0.4482758620689653,1.1998544121490404,4379.0,33.33333333333333,8.51683333333333,0.0,1.477,37,0.6756756756756757,7.535135135135135
Gleison Tibau,33,14,0,0.07518896698050656,1.95,0.31,2.51,0.63,4.08,0.53,0.92,0.8,Welterweight,41.0,0.5,0.34482758620689663,0.9200165531874032,2448.0,16.666666666666664,4.434166666666666,0.2222222222222222,5.107055555555555,47,0.7021276595744681,9.540425531914893
Josh Shockley,11,4,0,0.07518896698050656,1.4,0.33,1.75,0.6,0.0,0.0,0.61,0.8,Welterweight,35.0,0.5218723584108196,0.4482758620689653,1.0453371874602915,3643.0,50.0,12.743500000000001,0.0,0.861,15,0.7333333333333333,3.1466666666666665
Mark Coleman,16,10,0,0.15037793396101312,1.88,0.52,2.62,0.4,3.89,0.4,0.5,0.8,Light Heavyweight,60.0,0.6538461538461537,0.4482758620689653,1.2524999498761322,,0.0,0.24099999999999988,0.0,4.8,26,0.6153846153846154,5.323076923076924
Sarah Moras,6,8,0,0.045086858506829315,2.28,0.34,3.58,0.5,0.67,0.21,0.33,0.8,Featherweight,36.0,0.34615384615384626,0.24137931034482762,0.6326200150055032,1488.0,22.22222222222222,5.7315555555555555,0.1111111111111111,1.5622777777777777,14,0.42857142857142855,2.885714285714286
Chris Cariaso,17,8,0,0.030068956371833978,3.35,0.43,2.23,0.61,1.11,0.39,0.57,0.8,Flyweight,43.0,0.23076923076923084,0.10344827586206903,0.36428646300313383,3420.0,7.6923076923076925,2.6035769230769232,0.15384615384615385,2.0639615384615384,25,0.68,5.136
Rogerio Nogueira,23,10,0,0.15037793396101312,2.43,0.35,2.34,0.59,0.64,0.44,0.62,0.8,Light Heavyweight,48.0,0.6538461538461537,0.48275862068965525,1.2869827084968222,1663.0,50.0,12.915,0.0,1.568,33,0.696969696969697,6.73939393939394
Russell Doane,15,8,0,0.045086858506829315,1.75,0.4,1.68,0.53,2.11,0.45,0.52,0.8,Featherweight,38.0,0.4615384615384617,0.24137931034482762,0.7480046303901187,2545.0,12.5,3.4699999999999998,0.5,3.1544999999999996,23,0.6521739130434783,4.730434782608696
Rony Jason,14,7,0,0.06013791274366793,2.04,0.44,3.14,0.53,0.59,0.3,0.36,0.8,Featherweight,40.0,0.5769230769230766,0.24137931034482762,0.8784403000115721,2895.0,37.5,9.5815,0.125,1.50225,21,0.6666666666666666,4.333333333333334
Maki Pitolo,13,9,0,0.12027582548733588,4.1,0.44,3.93,0.55,2.24,0.52,0.5,0.8,Light Heavyweight,34.0,0.6538461538461537,0.34482758620689663,1.1189495655403863,1166.0,33.33333333333333,8.939333333333332,0.0,3.168,22,0.5909090909090909,4.5181818181818185
Joanderson Brito,16,3,1,0.06013791274366793,3.32,0.51,2.62,0.47,3.4,0.75,0.5,0.8,Featherweight,30.0,0.5384615384615383,0.2758620689655172,0.8744615201707234,137.0,28.57142857142857,7.752357142857142,0.2857142857142857,4.433928571428571,20,0.8,4.16
Zhang Lipeng,23,9,1,0.07518896698050656,1.28,0.48,1.88,0.53,1.75,0.3,0.69,0.8,Welterweight,34.0,0.5,0.3793103448275862,0.9544993118080928,3560.0,0.0,0.21350000000000008,0.0,2.6639999999999997,33,0.696969696969697,6.73939393939394
Francisco Prado,12,1,0,0.07518896698050656,3.46,0.5,3.83,0.46,0.0,0.0,0.25,0.8,Welterweight,22.0,0.4230769230769229,0.34482758620689663,0.8430934762643261,354.0,33.33333333333333,8.792833333333332,0.0,0.8250000000000001,13,0.9230769230769231,2.7846153846153845
Amanda Lemos,13,3,1,0.01501790213499534,3.54,0.55,4.66,0.42,0.82,0.55,0.55,0.8,Strawweight,37.0,0.26923076923076916,0.1379310344827586,0.4221797058485231,207.0,25.0,6.609,0.3333333333333333,1.8408333333333333,17,0.7647058823529411,3.5529411764705885
Jamie Varner,21,11,1,0.07518896698050656,2.92,0.34,2.55,0.58,3.49,0.53,0.66,0.8,Welterweight,40.0,0.5,0.2758620689655172,0.8510510359460237,3714.0,28.57142857142857,7.645357142857142,0.2857142857142857,4.506928571428571,33,0.6363636363636364,6.7272727272727275
Seth Baczynski,20,14,0,0.09773239623392123,3.08,0.31,3.14,0.51,0.89,0.16,0.48,0.8,Middleweight,43.0,0.6538461538461537,0.5172413793103448,1.2688199293904199,3595.0,36.36363636363637,9.528409090909092,0.18181818181818182,1.8074545454545454,34,0.5882352941176471,6.91764705882353
Jonathan Pearce,14,5,0,0.06013791274366793,5.6,0.56,3.35,0.55,5.29,0.53,0.56,0.8,Featherweight,32.0,0.5,0.41379310344827575,0.9739310161919437,123.0,22.22222222222222,6.647555555555556,0.3333333333333333,6.308833333333333,19,0.7368421052631579,3.947368421052632
Kenny Robertson,15,5,0,0.09773239623392123,3.72,0.47,3.02,0.52,1.37,0.26,0.57,0.8,Middleweight,40.0,0.6153846153846154,0.34482758620689663,1.0579445978254332,3070.0,22.22222222222222,6.204555555555555,0.2222222222222222,2.3215555555555554,20,0.75,4.15
Montserrat Conejo Ruiz,10,4,0,0.01501790213499534,0.79,0.27,4.96,0.37,2.05,0.83,0.33,0.8,Strawweight,32.0,0.11538461538461542,0.0,0.13040251751961077,466.0,100.0,24.563,0.0,3.0074999999999994,14,0.7142857142857143,2.942857142857143
Khabib Nurmagomedov,29,0,0,0.07518896698050656,4.1,0.48,1.75,0.65,5.32,0.48,0.84,0.8,Welterweight,36.0,0.4615384615384617,0.34482758620689663,0.8815550147258648,1572.0,15.384615384615385,4.802153846153846,0.3076923076923077,6.3529230769230765,29,1.0,6.000000000000001
Gary Goodridge,23,22,1,0.2165163771383106,1.84,0.56,2.14,0.48,0.4,1.0,0.53,0.8,Heavyweight,59.0,0.7320261437908496,0.5172413793103448,1.465783900239505,,0.0,0.323,0.0,1.403,46,0.5,9.3
Justin Buchholz,15,10,0,0.07518896698050656,2.35,0.26,4.14,0.51,0.0,0.0,0.33,0.8,Welterweight,41.0,0.5769230769230766,0.41379310344827575,1.065905147351859,,0.0,0.0950000000000002,0.0,0.8330000000000001,25,0.6,5.12
Malcolm Gordon,14,7,0,0.030068956371833978,1.93,0.42,2.26,0.42,1.61,0.3,0.09,0.8,Flyweight,34.0,0.5,0.24137931034482762,0.7714482667166616,389.0,14.285714285714285,3.8619285714285714,0.42857142857142855,2.571142857142857,21,0.6666666666666666,4.333333333333334
Achmed Labasanov,7,4,0,0.16539583609600847,0.75,0.39,1.1,0.46,3.0,1.0,0.0,0.8,Heavyweight,46.0,0.7320261437908496,0.5172413793103448,1.4146633591972029,,0.0,0.1695,0.0,3.95,11,0.6363636363636364,2.3272727272727276
Joseph Gigliotti,7,2,0,0.12027582548733588,1.04,0.39,2.92,0.45,1.56,1.0,0.5,0.8,Light Heavyweight,31.0,0.6674641148325355,0.3793103448275862,1.1670502851474576,,0.0,-0.03249999999999997,0.0,2.56,9,0.7777777777777778,1.9555555555555557
Liang Na,19,7,0,0.030068956371833978,1.93,0.4,4.48,0.27,5.1,0.6,0.0,0.8,Flyweight,28.0,0.34615384615384626,0.17241379310344812,0.5486365956291284,291.0,66.66666666666666,16.597666666666665,0.3333333333333333,6.073333333333332,26,0.7307692307692307,5.346153846153847
Mike Stumpf,11,4,0,0.09773239623392123,3.34,0.43,8.85,0.47,1.59,0.25,0.33,0.8,Middleweight,39.515151515151516,0.5968489341983318,0.34482758620689663,1.0394089166391498,4400.0,0.0,-0.33599999999999997,0.5,2.5855,15,0.7333333333333333,3.1466666666666665
Aljamain Sterling,23,4,0,0.045086858506829315,4.73,0.52,2.41,0.58,1.97,0.24,0.45,0.8,Featherweight,35.0,0.5,0.24137931034482762,0.786466168851657,67.0,19.047619047619047,5.773904761904761,0.19047619047619047,2.8986190476190474,27,0.8518518518518519,5.57037037037037
Kevin Randleman,17,16,0,0.15037793396101312,1.26,0.54,1.12,0.57,2.0,0.56,0.3,0.8,Light Heavyweight,53.0,0.6674641148325355,0.34482758620689663,1.1626696350004453,,0.0,0.3405,0.0,2.9139999999999997,33,0.5151515151515151,6.703030303030303
Rory Singer,11,9,0,0.12027582548733588,2.55,0.39,2.42,0.63,0.39,0.25,0.64,0.8,Light Heavyweight,48.0,0.7307692307692308,0.48275862068965525,1.3338036769462218,,0.0,0.44700000000000006,0.0,1.2915,20,0.55,4.11
Darrion Caldwell,10,1,0,0.045086858506829315,0.85,0.34,0.57,0.6,3.41,0.66,1.0,0.8,Featherweight,35.8830242510699,0.4423076923076923,0.34482758620689663,0.8322221370214182,,0.0,0.2849999999999999,0.0,4.409000000000001,11,0.9090909090909091,2.381818181818182
Alex Andrade,10,5,0,0.14285240684259382,0.2,0.36,2.6,0.53,0.0,0.0,0.25,0.8,Light Heavyweight,50.0,0.6674641148325355,0.3793103448275862,1.1896268665027154,,0.0,-0.1885,0.0,0.8250000000000001,15,0.6666666666666666,3.1333333333333333
Antonio Silva,19,12,1,0.2390929584935685,2.89,0.45,3.09,0.5,0.82,0.29,0.66,0.8,Heavyweight,45.0,0.9230769230769229,0.5517241379310344,1.7138940195015258,3063.0,100.0,25.424,0.0,1.7295,32,0.59375,6.518750000000001
Nate Marquardt,35,19,2,0.12027582548733588,2.71,0.49,2.32,0.55,1.87,0.51,0.7,0.8,Light Heavyweight,45.0,0.6153846153846154,0.41379310344827575,1.149453544320227,2650.0,42.857142857142854,11.224285714285713,0.07142857142857142,2.8343571428571432,56,0.625,11.325000000000001
Kevin Burns,12,7,0,0.09773239623392123,2.74,0.38,4.3,0.52,0.28,0.5,0.47,0.8,Middleweight,44.0,0.6153846153846154,0.34482758620689663,1.0579445978254332,,0.0,0.19400000000000017,0.0,1.202,19,0.631578947368421,3.9263157894736844
Vinny Magalhaes,14,9,0,0.15037793396101312,2.14,0.24,3.97,0.68,1.55,0.44,0.66,0.8,Light Heavyweight,40.0,0.6538461538461537,0.5172413793103448,1.3214654671175117,4211.0,33.33333333333333,8.422833333333333,0.3333333333333333,2.5653333333333337,23,0.6086956521739131,4.721739130434783
Frank Trigg,21,9,0,0.09773239623392123,2.79,0.46,1.9,0.56,2.35,0.47,0.75,0.8,Middleweight,52.0,0.5,0.3103448275862067,0.9080772238201279,,0.0,0.5885,0.0,3.2955000000000005,30,0.7,6.14
Montana De La Rosa,12,9,1,0.030068956371833978,2.7,0.36,3.21,0.44,1.71,0.31,0.64,0.8,Flyweight,29.0,0.3846153846153846,0.24137931034482762,0.6560636513320461,249.0,9.090909090909092,2.604227272727273,0.36363636363636365,2.7114090909090907,22,0.5454545454545454,4.50909090909091
Cynthia Calvillo,9,6,1,0.01501790213499534,4.41,0.38,4.12,0.64,1.8,0.44,0.77,0.8,Strawweight,37.0,0.23076923076923084,0.1379310344827586,0.3837181673869848,676.0,8.333333333333332,2.7398333333333333,0.25,2.8055000000000003,16,0.5625,3.3125
Brock Jardine,12,6,0,0.09773239623392123,1.06,0.3,3.34,0.56,0.0,0.0,0.14,0.8,Middleweight,39.0,0.5968489341983318,0.3793103448275862,1.0738916752598393,4372.0,0.0,-0.09199999999999997,0.5,0.9390000000000001,18,0.6666666666666666,3.7333333333333334
Cameron Saaiman,9,1,0,0.045086858506829315,5.28,0.46,3.24,0.55,1.0,0.36,0.44,0.8,Featherweight,24.0,0.34615384615384626,0.2758620689655172,0.6671027736261927,326.0,60.0,16.008499999999998,0.0,1.8980000000000001,10,0.9,2.18
Cat Zingano,10,4,0,0.06013791274366793,2.57,0.61,1.63,0.47,2.77,0.65,0.42,0.8,Featherweight,42.0,0.3846153846153846,0.20689655172413768,0.6516498490831901,2237.0,42.857142857142854,11.304785714285712,0.14285714285714285,3.745214285714286,14,0.7142857142857143,2.942857142857143
Trey Waters,8,1,0,0.09773239623392123,6.45,0.45,3.95,0.61,0.78,0.5,0.77,0.8,Middleweight,29.0,0.7307692307692308,0.5862068965517243,1.4147085235548764,277.0,0.0,1.2015,0.0,1.732,9,0.8888888888888888,1.9777777777777779
Sangwook Kim,9,3,0,0.07518896698050656,5.57,0.51,7.94,0.48,1.65,0.18,0.66,0.8,Welterweight,31.0,0.5384615384615383,0.41379310344827575,1.0274436088903207,,0.0,0.37550000000000017,0.0,2.543,12,0.75,2.5500000000000003
Efrain Escudero,28,12,0,0.07518896698050656,2.92,0.44,2.3,0.63,1.31,0.4,0.66,0.8,Welterweight,39.0,0.5,0.3103448275862067,0.8855337945667132,3217.0,0.0,0.5675,0.2222222222222222,2.2915555555555556,40,0.7,8.14
John Allan,13,7,0,0.15037793396101312,3.56,0.42,5.74,0.52,1.4,0.71,0.5,0.8,Light Heavyweight,31.0,0.6538461538461537,0.4482758620689653,1.2524999498761322,1194.0,0.0,0.19100000000000006,0.0,2.3565,20,0.65,4.13
Royce Gracie,15,2,3,0.10525792335234052,0.88,0.41,1.13,0.37,0.0,0.0,0.66,0.8,Middleweight,58.0,0.5968489341983318,0.4482758620689653,1.1503827196196377,,0.0,0.188,0.0,0.8660000000000001,20,0.75,4.15
James Head,9,4,0,0.09773239623392123,2.75,0.48,3.11,0.49,0.41,1.0,0.66,0.8,Middleweight,41.0,0.5769230769230766,0.4482758620689653,1.1229313352259633,4186.0,20.0,5.3905,0.6,1.5759999999999998,13,0.6923076923076923,2.7384615384615385
Jessica Rakoczy,1,5,0,0.01501790213499534,2.5,0.44,3.55,0.64,0.75,0.2,0.0,0.8,Strawweight,47.0,0.21923076923076928,0.24137931034482762,0.47562798171059223,3581.0,50.0,12.776499999999999,0.0,1.58,6,0.16666666666666666,1.2333333333333336
Kevin Lee,18,8,0,0.09773239623392123,3.88,0.42,3.6,0.5,3.18,0.43,0.75,0.8,Middleweight,32.0,0.7307692307692308,0.3103448275862067,1.1388464545893586,592.0,15.789473684210526,4.536368421052631,0.42105263157894735,4.2247631578947376,26,0.6923076923076923,5.338461538461539
Naoyuki Kotani,34,14,7,0.07518896698050656,1.02,0.31,2.89,0.5,0.83,0.16,0.46,0.8,Welterweight,43.0,0.3076923076923075,0.2758620689655172,0.6587433436383312,3427.0,33.33333333333333,8.291833333333331,0.3333333333333333,1.7833333333333334,55,0.6181818181818182,11.123636363636363
Joseph Holmes,8,4,0,0.12027582548733588,2.88,0.53,3.08,0.54,1.49,0.4,0.5,0.8,Light Heavyweight,29.0,0.8461538461538458,0.5517241379310344,1.518153809572216,648.0,25.0,6.695,0.5,2.5250000000000004,12,0.6666666666666666,2.5333333333333337
Dashon Johnson,9,2,0,0.06013791274366793,1.01,0.69,3.83,0.35,0.85,0.33,0.63,0.8,Featherweight,37.0,0.4423076923076923,0.24137931034482762,0.7438249153961878,3805.0,0.0,-0.13150000000000006,1.0,2.0125,11,0.8181818181818182,2.3636363636363638
Domingo Pilarte,8,3,0,0.045086858506829315,1.31,0.47,2.96,0.4,1.2,0.42,0.54,0.8,Featherweight,35.0,0.5769230769230766,0.41379310344827575,1.0358030388781816,1271.0,33.33333333333333,8.370833333333332,0.0,2.117,11,0.7272727272727273,2.3454545454545457
Takanori Gomi,35,14,0,0.07518896698050656,3.81,0.41,3.52,0.6,1.23,0.65,0.63,0.8,Welterweight,46.0,0.4615384615384617,0.24137931034482762,0.7781067388637959,2700.0,46.15384615384615,12.134961538461537,0.3076923076923077,2.267423076923077,49,0.7142857142857143,9.942857142857143
TJ Dillashaw,18,5,0,0.045086858506829315,5.09,0.41,3.47,0.62,1.56,0.3,0.77,0.8,Featherweight,39.0,0.34615384615384626,0.20689655172413768,0.5981372563848133,844.0,55.55555555555556,14.815888888888889,0.05555555555555555,2.495888888888889,23,0.782608695652174,4.756521739130435
Denise Gomes,8,3,0,0.01501790213499534,4.81,0.48,3.66,0.49,1.13,0.33,0.47,0.8,Strawweight,25.0,0.1923076923076925,0.0689655172413791,0.27629111168406695,95.0,33.33333333333333,9.156333333333333,0.0,2.0265,11,0.7272727272727273,2.3454545454545457
Derrick Krantz,22,12,0,0.09773239623392123,2.07,0.37,4.03,0.5,3.18,0.5,0.0,0.8,Middleweight,37.0,0.5384615384615383,0.34482758620689663,0.9810215209023562,2097.0,100.0,25.061999999999998,0.0,4.055000000000001,34,0.6470588235294118,6.9294117647058835
Mark Vorgeas,5,3,1,0.045086858506829315,3.87,0.32,4.19,0.51,0.0,0.0,0.5,0.8,Featherweight,35.8830242510699,0.4423076923076923,0.34482758620689663,0.8322221370214182,,0.0,0.47950000000000004,0.0,0.8500000000000001,9,0.5555555555555556,1.9111111111111112
Gregor Gillespie,14,1,0,0.07518896698050656,3.74,0.52,2.3,0.57,6.86,0.48,1.0,0.8,Welterweight,38.0,0.5,0.24137931034482762,0.8165682773253342,1376.0,50.0,13.279499999999999,0.25,7.8945,15,0.9333333333333333,3.1866666666666665
Tim Boetsch,21,13,0,0.12027582548733588,2.93,0.5,2.9,0.57,1.45,0.34,0.59,0.8,Light Heavyweight,44.0,0.6153846153846154,0.41379310344827575,1.149453544320227,2167.0,35.0,9.232999999999999,0.25,2.4225,34,0.6176470588235294,6.923529411764706
Mike Kyle,22,14,1,0.15037793396101312,3.93,0.51,3.35,0.49,1.33,0.62,0.5,0.8,Light Heavyweight,44.0,0.7307692307692308,0.5517241379310344,1.4328713026612783,,0.0,0.6555,0.0,2.273,37,0.5945945945945946,7.518918918918919
Marion Reneau,9,8,1,0.045086858506829315,3.2,0.41,3.52,0.59,0.62,0.63,0.5,0.8,Featherweight,47.0,0.3846153846153846,0.20689655172413768,0.6365987948463516,1306.0,25.0,6.692500000000001,0.16666666666666666,1.606166666666667,18,0.5,3.7
Justin Haskins,7,6,0,0.09773239623392123,1.51,0.33,2.65,0.54,1.62,0.4,0.52,0.8,Middleweight,45.0,0.5968489341983318,0.34482758620689663,1.0394089166391498,,0.0,0.127,0.0,2.532,13,0.5384615384615384,2.707692307692308
Kleydson Rodrigues,8,3,0,0.045086858506829315,5.48,0.62,2.75,0.48,0.85,0.25,0.63,0.8,Featherweight,29.0,0.34615384615384626,0.17241379310344812,0.5636544977641237,270.0,25.0,7.403500000000001,0.25,1.813,11,0.7272727272727273,2.3454545454545457
Jenel Lausa,7,5,0,0.030068956371833978,1.44,0.42,3.53,0.53,0.55,0.66,0.51,0.8,Flyweight,36.0,0.3846153846153846,0.17241379310344812,0.5870981340906667,2426.0,0.0,-0.006000000000000005,0.0,1.5,12,0.5833333333333334,2.516666666666667
Rachael Ostovich,4,6,0,0.030068956371833978,2.54,0.43,3.97,0.57,2.03,0.83,0.66,0.8,Flyweight,33.0,0.15384615384615374,0.10344827586206903,0.28736338608005674,1537.0,0.0,0.21099999999999997,0.75,3.2079999999999993,10,0.4,2.08
Zabit Magomedsharipov,18,1,0,0.06013791274366793,4.89,0.48,3.0,0.64,5.22,0.56,0.77,0.8,Featherweight,33.0,0.5769230769230766,0.4482758620689653,1.0853368517357098,1922.0,0.0,0.9645000000000001,0.5,6.305999999999999,19,0.9473684210526315,3.9894736842105267
Kay Hansen,7,6,0,0.01501790213499534,3.01,0.5,3.19,0.51,1.83,0.22,0.37,0.8,Strawweight,25.0,0.1923076923076925,0.0689655172413791,0.27629111168406695,1040.0,0.0,0.45049999999999996,0.25,2.7625,13,0.5384615384615384,2.707692307692308
Jon Fitch,30,7,1,0.09773239623392123,2.61,0.5,1.65,0.54,3.6,0.51,0.56,0.8,Middleweight,46.0,0.6153846153846154,0.41379310344827575,1.1269101150668124,4393.0,20.0,5.586,0.0,4.5325,38,0.7894736842105263,7.757894736842106
Felice Herrig,14,10,0,0.01501790213499534,3.84,0.37,5.19,0.48,1.08,0.28,0.75,0.8,Strawweight,40.0,0.26923076923076916,0.1379310344827586,0.4221797058485231,984.0,0.0,0.3275,0.4,2.097,24,0.5833333333333334,4.916666666666667
Joey Gambino,9,2,0,0.06013791274366793,2.47,0.35,2.53,0.51,0.0,0.0,0.42,0.8,Featherweight,36.0,0.4423076923076923,0.24137931034482762,0.7438249153961878,4505.0,0.0,0.38450000000000006,0.5,0.9670000000000001,11,0.8181818181818182,2.3636363636363638
Kyung Ho Kang,19,10,0,0.045086858506829315,3.35,0.48,3.33,0.55,1.87,0.57,0.68,0.8,Featherweight,37.0,0.5769230769230766,0.3103448275862067,0.9323547630161126,235.0,0.0,0.5165,0.3076923076923077,2.900423076923077,29,0.6551724137931034,5.931034482758621
Benson Henderson,24,7,0,0.09773239623392123,2.93,0.45,1.79,0.63,2.4,0.45,0.63,0.8,Middleweight,41.0,0.4615384615384617,0.3103448275862067,0.8696156853585896,3364.0,7.142857142857142,2.4342142857142854,0.21428571428571427,3.384071428571428,31,0.7741935483870968,6.35483870967742
Alexander Otsuka,5,13,0,0.15037793396101312,0.9,0.55,1.16,0.51,1.51,0.43,0.53,0.8,Light Heavyweight,53.0,0.6674641148325355,0.4482758620689653,1.266117910862514,,0.0,0.23750000000000004,0.0,2.4275,18,0.2777777777777778,3.6555555555555554
Chris Weidman,15,7,0,0.12027582548733588,2.98,0.43,3.27,0.5,3.6,0.43,0.65,0.8,Light Heavyweight,40.0,0.7692307692307692,0.48275862068965525,1.3722652154077601,67.0,45.0,11.6655,0.15,4.567,22,0.6818181818181818,4.536363636363637
Bryan Caraway,21,9,0,0.045086858506829315,2.53,0.34,3.61,0.54,2.57,0.25,0.8,0.8,Featherweight,40.0,0.3846153846153846,0.2758620689655172,0.7055643120877311,2266.0,10.0,2.7399999999999998,0.4,3.5875,30,0.7,6.14
Amanda Ribas,12,4,0,0.01501790213499534,4.92,0.42,3.33,0.63,1.99,0.51,0.87,0.8,Strawweight,31.0,0.3076923076923075,0.10344827586206903,0.42615848568937187,326.0,18.181818181818183,5.454454545454546,0.18181818181818182,2.9989545454545454,16,0.75,3.35
Reginaldo Vieira,13,5,0,0.045086858506829315,3.76,0.4,2.89,0.59,1.97,0.27,0.25,0.8,Featherweight,42.0,0.26923076923076916,0.24137931034482762,0.5556969380824262,2915.0,0.0,0.675,0.3333333333333333,2.918833333333333,18,0.7222222222222222,3.7444444444444445
Tamires Vidal,7,2,0,0.045086858506829315,4.25,0.55,4.53,0.58,0.0,0.0,0.4,0.8,Featherweight,26.0,0.3846153846153846,0.20689655172413768,0.6365987948463516,116.0,50.0,13.079999999999998,0.25,0.9025000000000001,9,0.7777777777777778,1.9555555555555557
Antonio Carlos Junior,11,5,0,0.12027582548733588,1.95,0.42,2.14,0.52,3.42,0.39,0.53,0.8,Light Heavyweight,34.0,0.8076923076923075,0.48275862068965525,1.4107267538692985,1481.0,9.090909090909092,2.601227272727273,0.2727272727272727,4.3996818181818185,16,0.6875,3.3375000000000004
Craig White,14,9,0,0.09773239623392123,1.23,0.4,3.28,0.39,0.0,0.0,0.5,0.8,Middleweight,34.0,0.6923076923076921,0.48275862068965525,1.2727987092312687,2349.0,50.0,12.454,0.0,0.8500000000000001,23,0.6086956521739131,4.721739130434783
Urijah Faber,35,11,0,0.045086858506829315,2.65,0.4,2.59,0.64,1.54,0.3,0.58,0.8,Featherweight,45.0,0.34615384615384626,0.20689655172413768,0.5981372563848133,1887.0,11.11111111111111,3.2277777777777774,0.3333333333333333,2.5263333333333335,46,0.7608695652173914,9.35217391304348
Fabio Nascimento,11,6,0,0.12027582548733588,2.94,0.38,4.63,0.55,0.0,0.0,0.55,0.8,Light Heavyweight,41.277864992150704,0.6674641148325355,0.34482758620689663,1.132567526526768,,0.0,0.19899999999999995,0.0,0.8550000000000001,17,0.6470588235294118,3.5294117647058827
Frank Gomez,10,6,0,0.045086858506829315,1.52,0.48,0.79,0.66,1.14,0.6,0.7,0.8,Featherweight,38.0,0.34615384615384626,0.34482758620689663,0.7360682908675722,,0.0,0.45649999999999996,0.0,2.1,16,0.625,3.325
Chad Anheliger,12,7,0,0.045086858506829315,3.07,0.42,3.55,0.51,1.03,0.36,0.47,0.8,Featherweight,38.0,0.23076923076923084,0.20689655172413768,0.4827526410001978,102.0,20.0,5.3955,0.2,1.981,19,0.631578947368421,3.9263157894736844
Diego Sanchez,31,13,0,0.09773239623392123,2.69,0.37,3.02,0.56,1.51,0.24,0.46,0.8,Middleweight,43.0,0.5384615384615383,0.34482758620689663,0.9810215209023562,1600.0,21.052631578947366,5.640657894736841,0.0,2.3920000000000003,44,0.7045454545454546,8.940909090909091
Chris Leben,22,11,0,0.12027582548733588,2.87,0.42,2.87,0.52,1.14,0.41,0.53,0.8,Light Heavyweight,44.0,0.5769230769230766,0.3793103448275862,1.0765092472379987,4064.0,37.5,9.824,0.125,2.08575,33,0.6666666666666666,6.733333333333334
Julianna Pena,12,5,0,0.045086858506829315,3.16,0.47,2.3,0.5,1.94,0.55,0.23,0.8,Featherweight,35.0,0.4230769230769229,0.20689655172413768,0.67506033330789,130.0,18.181818181818183,5.159454545454546,0.18181818181818182,2.8909545454545458,17,0.7058823529411765,3.5411764705882356
Katsunori Kikuno,24,8,2,0.06013791274366793,2.64,0.4,2.47,0.61,1.88,0.75,0.76,0.8,Featherweight,43.0,0.3076923076923075,0.2758620689655172,0.6436922894014926,3427.0,40.0,10.461,0.2,2.9185,34,0.7058823529411765,6.941176470588236
Wellington Turman,18,8,0,0.09773239623392123,3.23,0.51,4.17,0.45,1.55,0.2,0.42,0.8,Middleweight,28.0,0.5384615384615383,0.41379310344827575,1.0499870381437353,438.0,11.11111111111111,3.1292777777777774,0.2222222222222222,2.4775555555555555,26,0.6923076923076923,5.338461538461539
Kyle Noke,22,10,1,0.09773239623392123,3.23,0.5,2.09,0.64,1.53,0.54,0.66,0.8,Middleweight,44.0,0.6923076923076921,0.4482758620689653,1.2383159506105788,3000.0,25.0,6.9399999999999995,0.3333333333333333,2.560333333333334,33,0.6666666666666666,6.733333333333334
Kanako Murata,12,3,0,0.01501790213499534,2.15,0.56,2.4,0.53,3.38,0.56,1.0,0.8,Strawweight,31.0,0.15384615384615374,0.03448275862068955,0.20334681460183862,494.0,0.0,0.369,0.0,4.364,15,0.8,3.16
Alistair Overeem,47,19,0,0.24058480307651503,3.67,0.64,2.44,0.57,1.42,0.55,0.73,0.8,Heavyweight,44.0,0.8461538461538458,0.5517241379310344,1.6384627871613953,1467.0,75.0,19.515,0.0,2.3754999999999997,66,0.7121212121212122,13.342424242424244
John Teixeira,21,2,2,0.06013791274366793,3.36,0.35,3.2,0.63,1.0,0.27,0.71,0.7,Featherweight,38.0,0.4423076923076923,0.24137931034482762,0.7438249153961878,4617.0,0.0,0.5245,0.0,1.8114999999999999,25,0.84,5.168
Tony Sims,12,4,0,0.07518896698050656,1.81,0.63,0.76,0.65,0.71,0.5,0.5,0.7,Welterweight,39.0,0.4615384615384617,0.3793103448275862,0.9160377733465545,3329.0,33.33333333333333,8.895333333333332,0.3333333333333333,1.6183333333333332,16,0.75,3.35
Renato Moicano,17,5,1,0.07518896698050656,4.75,0.47,4.07,0.6,1.66,0.46,0.74,0.7,Welterweight,35.0,0.5384615384615383,0.3793103448275862,0.9929608502696311,137.0,17.647058823529413,5.172764705882353,0.4117647058823529,2.6059411764705884,23,0.7391304347826086,4.747826086956522
Khama Worthy,16,9,0,0.07518896698050656,4.18,0.48,4.45,0.46,0.0,0.0,0.57,0.7,Welterweight,38.0,0.6153846153846154,0.3793103448275862,1.0698839271927083,1208.0,40.0,10.5425,0.2,0.8069999999999999,25,0.64,5.128
Jack Shore,17,1,0,0.045086858506829315,3.84,0.58,2.2,0.57,3.42,0.4,0.79,0.7,Featherweight,30.0,0.5,0.2758620689655172,0.8209489274723465,102.0,0.0,0.8314999999999999,0.5555555555555556,4.39788888888889,18,0.9444444444444444,3.7888888888888888
Felipe Arantes,18,10,1,0.045086858506829315,2.37,0.45,2.66,0.64,0.93,0.47,0.41,0.7,Featherweight,37.0,0.5769230769230766,0.2758620689655172,0.8978720043954231,2426.0,18.181818181818183,4.924954545454546,0.18181818181818182,1.7869545454545452,29,0.6206896551724138,5.924137931034483
Claudia Gadelha,18,5,0,0.01501790213499534,3.31,0.41,4.57,0.57,3.03,0.42,0.58,0.7,Strawweight,36.0,0.1923076923076925,0.1379310344827586,0.34525662892544645,1558.0,0.0,0.3095,0.09090909090909091,3.873727272727273,23,0.782608695652174,4.756521739130435
Joaquim Silva,13,5,0,0.07518896698050656,3.61,0.41,4.51,0.54,0.45,0.6,0.64,0.7,Welterweight,36.0,0.4230769230769229,0.2758620689655172,0.7741279590229466,284.0,54.54545454545454,14.025363636363634,0.0,1.304,18,0.7222222222222222,3.7444444444444445
Daiki Hata,17,11,7,0.05112054104230206,1.44,0.39,1.42,0.55,0.67,1.0,0.35,0.7,Featherweight,42.0,0.4423076923076923,0.20689655172413768,0.7003247850741321,,0.0,0.3075,0.0,1.5550000000000002,35,0.4857142857142857,7.097142857142857
George Sullivan,17,7,0,0.09773239623392123,3.53,0.39,2.42,0.57,1.37,0.2,0.38,0.7,Middleweight,43.0,0.5769230769230766,0.41379310344827575,1.0884485766052736,2363.0,28.57142857142857,7.825857142857142,0.42857142857142855,2.245142857142857,24,0.7083333333333334,4.941666666666667
Ramazan Emeev,20,6,0,0.09773239623392123,2.53,0.45,2.14,0.65,2.37,0.29,0.66,0.7,Middleweight,37.0,0.6923076923076921,0.34482758620689663,1.1348676747485098,977.0,12.5,3.6239999999999997,0.0,3.1795,26,0.7692307692307693,5.353846153846154
Yair Rodriguez,16,4,0,0.06013791274366793,4.63,0.46,4.07,0.51,0.73,0.28,0.59,0.7,Featherweight,32.0,0.5,0.3793103448275862,0.9394482575712542,354.0,28.57142857142857,7.858357142857143,0.14285714285714285,1.5667142857142857,20,0.8,4.16
Scott Jorgensen,15,12,0,0.045086858506829315,3.37,0.4,3.41,0.65,2.61,0.45,0.59,0.7,Featherweight,42.0,0.3076923076923075,0.17241379310344812,0.5251929593025849,3371.0,16.666666666666664,4.675166666666666,0.3333333333333333,3.519833333333333,27,0.5555555555555556,5.511111111111111
Casey O'Neill,9,1,0,0.030068956371833978,8.77,0.55,5.9,0.58,1.96,0.42,0.71,0.7,Flyweight,27.0,0.4230769230769229,0.20689655172413768,0.6600424311728945,179.0,14.285714285714285,5.075928571428571,0.2857142857142857,2.865428571428572,10,0.9,2.18
Ian Freeman,20,7,1,0.1804468903328471,2.54,0.48,3.11,0.44,1.44,0.4,0.8,0.7,Heavyweight,58.0,0.7320261437908496,0.3793103448275862,1.291783378951283,,0.0,0.33049999999999996,0.0,2.2800000000000002,28,0.7142857142857143,5.742857142857144
Diego Saraiva,22,20,1,0.07518896698050656,1.64,0.32,3.58,0.62,1.33,0.4,0.0,0.7,Welterweight,42.0,0.5218723584108196,0.20689655172413768,0.8039578771154638,,0.0,0.029999999999999916,0.0,2.09,43,0.5116279069767442,8.702325581395348
Alexis Davis,21,11,0,0.045086858506829315,4.63,0.49,4.45,0.54,0.95,0.44,0.34,0.7,Featherweight,40.0,0.3846153846153846,0.20689655172413768,0.6365987948463516,1103.0,7.142857142857142,2.4547142857142856,0.14285714285714285,1.7857142857142858,32,0.65625,6.53125
Brian Camozzi,7,5,0,0.09773239623392123,3.15,0.26,6.39,0.54,0.0,0.0,0.0,0.7,Middleweight,33.0,0.7692307692307692,0.48275862068965525,1.3497217861543458,2551.0,66.66666666666666,16.628666666666664,0.3333333333333333,0.7833333333333333,12,0.5833333333333334,2.516666666666667
Lucie Pudilova,14,9,0,0.045086858506829315,3.68,0.37,3.83,0.51,0.55,0.27,0.66,0.7,Featherweight,30.0,0.34615384615384626,0.2758620689655172,0.6671027736261927,207.0,10.0,2.996,0.1,1.3815,23,0.6086956521739131,4.721739130434783
Ricardo Ramos,16,5,0,0.06013791274366793,3.21,0.37,3.78,0.57,2.79,0.59,0.72,0.7,Featherweight,29.0,0.5384615384615383,0.3103448275862067,0.9089442787914129,179.0,30.76923076923077,8.087307692307693,0.23076923076923078,3.7081923076923076,21,0.7619047619047619,4.352380952380953
Matt Mitrione,12,5,0,0.24058480307651503,3.55,0.5,2.79,0.64,0.0,0.0,0.55,0.7,Heavyweight,46.0,0.9230769230769229,0.5172413793103448,1.6809031054637826,3314.0,69.23076923076923,17.972692307692306,0.15384615384615385,0.7934615384615384,17,0.7058823529411765,3.5411764705882356
Joe Duffy,16,5,0,0.07518896698050656,2.68,0.34,3.78,0.54,0.96,0.66,0.64,0.7,Welterweight,36.0,0.5769230769230766,0.34482758620689663,0.9969396301104798,1670.0,25.0,6.502,0.375,1.91675,21,0.7619047619047619,4.352380952380953
Anderson Dos Santos,21,9,0,0.045086858506829315,2.7,0.25,5.37,0.49,0.98,0.14,0.66,0.7,Featherweight,39.0,0.4615384615384617,0.17241379310344812,0.6790391131487391,1285.0,25.0,6.242999999999999,0.0,1.767,30,0.7,6.14
Milton Vieira,13,8,2,0.06013791274366793,1.13,0.35,2.36,0.48,2.67,0.53,0.12,0.7,Featherweight,46.0,0.4423076923076923,0.41379310344827575,0.916238708499636,4407.0,0.0,0.07050000000000001,0.0,3.4615,23,0.5652173913043478,4.71304347826087
David Kaplan,3,4,0,0.07518896698050656,2.88,0.46,4.32,0.67,4.88,0.43,0.0,0.7,Welterweight,45.0,0.5218723584108196,0.24137931034482762,0.8384406357361538,,0.0,0.26449999999999996,0.0,5.6445,7,0.42857142857142855,1.4857142857142858
Amanda Nunes,23,5,0,0.045086858506829315,4.55,0.51,2.62,0.57,2.73,0.54,0.82,0.7,Featherweight,36.0,0.4230769230769229,0.2758620689655172,0.7440258505492694,613.0,38.88888888888889,10.654222222222222,0.16666666666666666,3.6346666666666665,28,0.8214285714285714,5.764285714285715
Robert Sanchez,8,2,0,0.030068956371833978,0.96,0.4,1.78,0.46,3.61,0.62,0.5,0.7,Flyweight,38.0,0.3076923076923075,0.20689655172413768,0.5446578157882791,,0.0,0.122,0.0,4.452999999999999,10,0.8,2.16
Rich Franklin,29,7,0,0.12027582548733588,4.1,0.44,2.07,0.62,1.31,0.66,0.63,0.7,Light Heavyweight,50.0,0.6923076923076921,0.4482758620689653,1.260859379863993,4477.0,50.0,13.3955,0.0,2.1719999999999997,36,0.8055555555555556,7.361111111111112
Manvel Gamburyan,15,10,0,0.045086858506829315,2.13,0.41,2.83,0.55,3.26,0.34,0.69,0.7,Featherweight,43.0,0.34615384615384626,0.17241379310344812,0.5636544977641237,3007.0,22.22222222222222,5.828055555555555,0.1111111111111111,4.107777777777778,25,0.6,5.12
Don Madge,9,3,1,0.07518896698050656,2.08,0.52,0.74,0.67,2.22,0.25,0.8,0.7,Welterweight,34.0,0.5384615384615383,0.41379310344827575,1.0274436088903207,1985.0,50.0,13.1135,0.0,3.0375000000000005,13,0.6923076923076923,2.7384615384615385
Brad Scott,11,6,0,0.09773239623392123,3.52,0.41,4.31,0.57,0.32,0.15,0.63,0.7,Middleweight,35.0,0.6923076923076921,0.4482758620689653,1.2383159506105788,,0.0,0.4009999999999999,0.0,1.1055,17,0.6470588235294118,3.5294117647058827
Mandy Bohm,8,2,0,0.030068956371833978,2.51,0.45,3.24,0.6,0.72,0.18,0.75,0.7,Flyweight,35.0,0.5,0.24137931034482762,0.7714482667166616,641.0,0.0,0.3214999999999999,0.0,1.522,10,0.8,2.16
Michelle Waterson-Gomez,18,12,0,0.01501790213499534,3.56,0.46,4.19,0.49,1.42,0.32,0.7,0.7,Strawweight,39.0,0.15384615384615374,0.10344827586206903,0.2723123318432181,228.0,25.0,6.6770000000000005,0.25,2.3005,30,0.6,6.12
Rafael Estevam,12,0,0,0.030068956371833978,2.94,0.64,3.35,0.34,3.35,0.19,0.0,0.7,Flyweight,28.0,0.4230769230769229,0.2758620689655172,0.7290079484142741,452.0,0.0,0.4115000000000001,0.0,4.0785,12,1.0,2.6000000000000005
Matt Sayles,8,4,0,0.07518896698050656,4.83,0.41,2.81,0.61,0.36,0.16,0.81,0.7,Welterweight,30.0,0.3846153846153846,0.24137931034482762,0.7011836619407188,1152.0,0.0,0.9595,0.75,1.3525,12,0.6666666666666666,2.5333333333333337
Mauricio Rua,27,14,1,0.15037793396101312,3.57,0.5,2.79,0.54,2.01,0.48,0.49,0.7,Light Heavyweight,43.0,0.6923076923076921,0.4482758620689653,1.2909614883376705,753.0,57.89473684210527,15.128684210526316,0.05263157894736842,2.8441578947368416,42,0.6428571428571429,8.528571428571428
Steven Peterson,19,11,0,0.06013791274366793,4.76,0.4,5.94,0.53,1.42,0.26,0.64,0.7,Featherweight,34.0,0.4615384615384617,0.34482758620689663,0.8665039604890262,690.0,12.5,3.5835,0.0,2.223,30,0.6333333333333333,6.126666666666667
Amir Albazi,17,1,0,0.030068956371833978,2.8,0.39,3.07,0.63,1.71,0.33,0.4,0.7,Flyweight,31.0,0.3846153846153846,0.17241379310344812,0.5870981340906667,102.0,16.666666666666664,4.578666666666667,0.3333333333333333,2.5828333333333338,18,0.9444444444444444,3.7888888888888888
Niklas Stolze,12,6,0,0.07518896698050656,2.12,0.48,2.25,0.49,0.66,1.0,0.55,0.7,Welterweight,32.0,0.6153846153846154,0.4482758620689653,1.1388494444340873,984.0,33.33333333333333,8.695333333333332,0.3333333333333333,1.6483333333333332,18,0.6666666666666666,3.7333333333333334
Darren Uyenoyama,10,6,0,0.030068956371833978,1.34,0.39,2.21,0.66,1.42,0.33,0.35,0.7,Flyweight,45.0,0.26923076923076916,0.20689655172413768,0.5061962773267408,4078.0,25.0,6.4305,0.25,2.267,16,0.625,3.325
Drew McFedries,12,7,0,0.12027582548733588,5.13,0.51,4.56,0.52,1.42,1.0,0.56,0.7,Light Heavyweight,46.0,0.5384615384615383,0.41379310344827575,1.0725304673971499,,0.0,0.7785000000000002,0.0,2.3259999999999996,19,0.631578947368421,3.9263157894736844
Niko Price,15,7,0,0.09773239623392123,5.46,0.42,5.6,0.48,0.7,0.2,0.64,0.7,Middleweight,35.0,0.6923076923076921,0.41379310344827575,1.203833191989889,123.0,56.25,14.743500000000001,0.1875,1.540875,22,0.6818181818181818,4.536363636363637
Marcio Alexandre Junior,17,4,0,0.12027582548733588,1.61,0.45,2.89,0.42,0.35,0.2,0.66,0.7,Light Heavyweight,35.0,0.6538461538461537,0.41379310344827575,1.1879150827817653,3350.0,0.0,0.12200000000000011,0.3333333333333333,1.2293333333333332,21,0.8095238095238095,4.361904761904762
Olaf Alfonso,8,12,0,0.09773239623392123,1.65,0.38,4.77,0.53,0.37,0.07,0.22,0.7,Middleweight,50.0,0.5968489341983318,0.48275862068965525,1.1773399511219083,,0.0,-0.14749999999999996,0.0,1.1025,20,0.4,4.08
Alex Caceres,21,14,0,0.06013791274366793,4.16,0.5,2.93,0.63,0.56,0.68,0.64,0.7,Featherweight,36.0,0.5769230769230766,0.34482758620689663,0.9818885758736412,277.0,6.896551724137931,2.519137931034483,0.3103448275862069,1.5035862068965518,35,0.6,7.12
Trevor Smith,15,10,0,0.12027582548733588,3.29,0.55,3.31,0.51,1.7,0.32,0.6,0.7,Light Heavyweight,44.0,0.6538461538461537,0.5172413793103448,1.2913633586438342,1894.0,25.0,6.7625,0.0,2.508,25,0.6,5.12
Daniel Sarafian,10,6,0,0.12027582548733588,2.23,0.46,3.1,0.58,0.36,0.07,0.53,0.7,Light Heavyweight,42.0,0.5769230769230766,0.3103448275862067,1.0075437299966192,3279.0,16.666666666666664,4.438166666666666,0.3333333333333333,1.2068333333333332,16,0.625,3.325
Heath Herring,28,16,0,0.21804137382310043,2.37,0.5,1.77,0.54,1.22,0.5,0.32,0.7,Heavyweight,46.0,0.7692307692307692,0.5517241379310344,1.5389962809849038,,0.0,0.508,0.0,2.027,44,0.6363636363636364,8.927272727272728
Viviane Araujo,12,5,0,0.030068956371833978,4.34,0.47,5.19,0.55,1.83,0.46,0.77,0.7,Flyweight,38.0,0.3846153846153846,0.1379310344827586,0.5526153754699772,88.0,8.333333333333332,2.5663333333333327,0.0,2.676,17,0.7058823529411765,3.5411764705882356
Dustin Stoltzfus,15,5,0,0.12027582548733588,3.49,0.44,3.29,0.48,2.4,0.4,0.46,0.7,Light Heavyweight,33.0,0.6538461538461537,0.41379310344827575,1.1879150827817653,102.0,37.5,9.914000000000001,0.375,3.2997499999999995,20,0.75,4.15
Francis Marshall,7,2,0,0.06013791274366793,3.66,0.33,4.07,0.53,3.29,0.5,0.0,0.7,Featherweight,25.0,0.5384615384615383,0.3103448275862067,0.9089442787914129,172.0,50.0,12.95,0.0,4.065,9,0.7777777777777778,1.9555555555555557
Phillipe Nover,11,8,1,0.06013791274366793,1.79,0.35,2.48,0.56,0.99,0.28,0.44,0.7,Featherweight,41.0,0.5384615384615383,0.3103448275862067,0.9089442787914129,2923.0,0.0,0.22949999999999993,0.0,1.776,20,0.55,4.11
Chris Heatherly,9,4,0,0.07518896698050656,1.08,0.45,2.67,0.52,3.39,0.5,1.0,0.7,Welterweight,37.0,0.5218723584108196,0.3103448275862067,0.9074061529775328,3742.0,50.0,12.537500000000001,0.5,4.390000000000001,13,0.6923076923076923,2.7384615384615385
Rodrigo Nascimento,11,1,0,0.21200769128762764,4.31,0.48,4.76,0.43,1.2,0.33,0.77,0.7,Heavyweight,32.0,0.8461538461538458,0.48275862068965525,1.5409201581311287,102.0,25.0,6.773999999999999,0.125,2.05775,12,0.9166666666666666,2.583333333333334
Brandon Thatch,11,5,0,0.09773239623392123,2.7,0.42,3.63,0.52,1.36,0.66,0.5,0.7,Middleweight,39.0,0.6153846153846154,0.48275862068965525,1.195875632308192,2966.0,33.33333333333333,8.625833333333333,0.6666666666666666,2.3756666666666666,16,0.6875,3.3375000000000004
William Gomis,13,2,0,0.06013791274366793,2.62,0.46,1.49,0.75,1.06,0.6,0.81,0.7,Featherweight,27.0,0.5769230769230766,0.41379310344827575,1.0508540931150203,137.0,25.0,6.886,0.0,1.931,15,0.8666666666666667,3.1733333333333333
Mike Russow,15,3,0,0.22556690094151968,1.55,0.47,2.9,0.59,4.66,0.43,0.0,0.7,Heavyweight,48.0,0.5769230769230766,0.4482758620689653,1.2507658399335617,4400.0,40.0,10.135,0.0,5.4245,18,0.8333333333333334,3.7666666666666666
Buddy Roberts,12,3,0,0.12027582548733588,2.17,0.34,2.08,0.7,0.0,0.0,0.76,0.7,Light Heavyweight,42.0,0.6674641148325355,0.48275862068965525,1.2704985610095267,4568.0,50.0,12.903500000000001,0.0,0.776,15,0.8,3.16
Drako Rodriguez,7,3,0,0.045086858506829315,3.37,0.36,4.4,0.58,2.93,0.66,0.75,0.7,Featherweight,28.0,0.4230769230769229,0.2758620689655172,0.7440258505492694,1285.0,0.0,0.3415,0.0,3.8040000000000003,10,0.7,2.14
Vinicius Queiroz,8,4,0,0.1729213632144278,3.67,0.51,4.1,0.41,5.07,0.7,1.0,0.7,Heavyweight,41.0,0.7320261437908496,0.6551724137931033,1.560119920798381,5233.0,0.0,0.4660000000000001,1.0,6.2250000000000005,12,0.6666666666666666,2.5333333333333337
Tereza Bleda,7,1,0,0.030068956371833978,3.02,0.53,1.86,0.46,1.81,0.27,0.83,0.7,Flyweight,23.0,0.5,0.3103448275862067,0.8404137839580407,606.0,50.0,13.151,0.0,2.6334999999999997,8,0.875,1.7750000000000001
Forrest Griffin,19,7,0,0.15037793396101312,4.38,0.36,2.81,0.61,1.05,0.48,0.57,0.7,Light Heavyweight,45.0,0.7307692307692308,0.5172413793103448,1.3983885440405888,4603.0,33.33333333333333,9.170333333333332,0.0,1.879,26,0.7307692307692307,5.346153846153847
Don Frye,20,9,1,0.17142951863148126,2.87,0.64,3.57,0.37,0.91,0.57,0.45,0.7,Heavyweight,59.0,0.7320261437908496,0.4482758620689653,1.3517315244912962,,0.0,0.36550000000000005,0.0,1.7405,30,0.6666666666666666,6.133333333333334
Junior Assuncao,16,6,0,0.06013791274366793,3.31,0.62,2.06,0.44,2.43,0.24,0.66,0.7,Featherweight,43.0,0.5384615384615383,0.3103448275862067,0.9089442787914129,4793.0,0.0,0.7085000000000001,0.0,3.232,22,0.7272727272727273,4.545454545454546
Reuben Duran,11,7,1,0.045086858506829315,3.19,0.49,2.61,0.5,0.98,0.23,0.25,0.7,Featherweight,41.0,0.5,0.24137931034482762,0.786466168851657,4351.0,25.0,6.829,0.25,1.8019999999999998,19,0.5789473684210527,3.9157894736842107
Gray Maynard,13,7,1,0.07518896698050656,1.92,0.32,2.64,0.66,2.91,0.47,0.81,0.7,Welterweight,45.0,0.4615384615384617,0.3103448275862067,0.8470722561051749,2321.0,45.45454545454545,11.610636363636363,0.0,3.7615,21,0.6190476190476191,4.323809523809524
James Vick,13,5,0,0.07518896698050656,4.13,0.39,3.31,0.6,0.26,0.33,0.57,0.7,Welterweight,37.0,0.6923076923076921,0.5172413793103448,1.2847380385985434,1950.0,35.714285714285715,9.63257142857143,0.21428571428571427,1.1200714285714286,18,0.7222222222222222,3.7444444444444445
Brian Kelleher,24,14,0,0.045086858506829315,3.36,0.41,4.61,0.54,1.79,0.42,0.6,0.7,Featherweight,38.0,0.3076923076923075,0.20689655172413768,0.5596757179232745,207.0,23.52941176470588,6.19385294117647,0.35294117647058826,2.701235294117647,38,0.631578947368421,7.726315789473685
Diego Ferreira,18,5,0,0.07518896698050656,4.66,0.37,3.42,0.56,0.71,0.22,0.63,0.7,Welterweight,40.0,0.6153846153846154,0.3103448275862067,1.0009184099513286,277.0,46.666666666666664,12.476666666666667,0.13333333333333333,1.5393333333333334,23,0.782608695652174,4.756521739130435
Alex Stiebling,19,11,1,0.15037793396101312,1.77,0.42,1.45,0.52,0.35,0.66,0.66,0.7,Light Heavyweight,41.277864992150704,0.6674641148325355,0.48275862068965525,1.300600669483204,,0.0,0.3869999999999999,0.0,1.2149999999999999,31,0.6129032258064516,6.322580645161291
Scott Askham,14,4,0,0.12027582548733588,3.03,0.46,3.52,0.52,0.44,0.18,0.65,0.7,Light Heavyweight,36.0,0.6538461538461537,0.5172413793103448,1.2913633586438342,2888.0,33.33333333333333,8.732833333333332,0.0,1.232,18,0.7777777777777778,3.7555555555555555
Kalindra Faria,18,8,1,0.030068956371833978,2.23,0.56,1.44,0.45,1.31,0.66,0.2,0.7,Flyweight,38.0,0.34781884781884764,0.24137931034482762,0.6192671145355093,2363.0,0.0,0.521,0.6666666666666666,2.2956666666666665,27,0.6666666666666666,5.533333333333334
Keith Jardine,17,11,2,0.12027582548733588,3.25,0.36,2.98,0.59,1.18,0.45,0.62,0.7,Light Heavyweight,49.0,0.6923076923076921,0.48275862068965525,1.295342138484683,5352.0,0.0,0.526,0.0,2.0095,30,0.5666666666666667,6.113333333333333
David Michaud,11,3,0,0.07518896698050656,3.25,0.43,4.45,0.54,2.53,0.58,0.77,0.7,Welterweight,36.0,0.5218723584108196,0.3103448275862067,0.9074061529775328,3581.0,0.0,0.31199999999999994,0.3333333333333333,3.4773333333333336,14,0.7857142857142857,2.9571428571428573
Luana Carolina,9,4,0,0.030068956371833978,4.65,0.5,4.0,0.47,0.15,0.25,0.76,0.7,Flyweight,31.0,0.4230769230769229,0.20689655172413768,0.6600424311728945,207.0,22.22222222222222,6.288555555555556,0.1111111111111111,0.9912777777777778,13,0.6923076923076923,2.7384615384615385
Travis Lutter,10,6,0,0.12027582548733588,0.41,0.32,2.42,0.42,1.95,0.24,0.3,0.7,Light Heavyweight,51.0,0.6538461538461537,0.3793103448275862,1.1534323241610758,,0.0,-0.1335,0.0,2.716,16,0.625,3.325
Anthony Smith,37,18,0,0.15037793396101312,3.16,0.48,4.45,0.46,0.52,0.28,0.48,0.7,Light Heavyweight,36.0,0.6923076923076921,0.5517241379310344,1.3944097641997395,67.0,41.66666666666667,10.704166666666667,0.20833333333333334,1.3620833333333333,55,0.6727272727272727,11.134545454545455
John Polakowski,2,2,0,0.07518896698050656,2.6,0.26,2.83,0.5,0.0,0.0,0.87,0.7,Welterweight,43.0,0.5218723584108196,0.34482758620689663,0.9418889115982227,,0.0,0.35250000000000004,0.0,0.7869999999999999,4,0.5,0.9
Vicente Luque,22,9,1,0.09773239623392123,5.17,0.52,5.15,0.52,1.04,0.6,0.62,0.7,Middleweight,33.0,0.6538461538461537,0.3793103448275862,1.1308888949076612,67.0,47.61904761904761,12.606761904761903,0.19047619047619047,1.9396190476190478,32,0.6875,6.5375000000000005
David Baron,17,4,1,0.07518896698050656,1.17,0.3,2.1,0.56,0.0,0.0,0.14,0.7,Welterweight,51.0,0.5218723584108196,0.20689655172413768,0.8039578771154638,,0.0,0.1215,0.0,0.714,22,0.7727272727272727,4.554545454545455
Ricardo Abreu,5,1,0,0.12027582548733588,3.79,0.31,3.98,0.68,2.13,0.42,1.0,0.7,Light Heavyweight,40.0,0.6674641148325355,0.3793103448275862,1.1670502851474576,3539.0,0.0,0.5145000000000002,0.5,3.1180000000000003,6,0.8333333333333334,1.366666666666667
DaMarques Johnson,15,15,0,0.09773239623392123,2.11,0.37,3.75,0.51,1.18,0.55,0.19,0.7,Middleweight,42.0,0.6538461538461537,0.4482758620689653,1.1998544121490404,4519.0,62.5,15.7405,0.25,2.0439999999999996,30,0.5,6.1
Darrell Horcher,13,4,0,0.07518896698050656,2.05,0.44,4.21,0.39,0.35,0.5,0.47,0.7,Welterweight,37.0,0.4615384615384617,0.34482758620689663,0.8815550147258648,2266.0,25.0,6.2775,0.25,1.2345,17,0.7647058823529411,3.5529411764705885
Kyle Nelson,15,5,1,0.06013791274366793,3.46,0.44,4.56,0.52,1.15,0.2,0.73,0.7,Featherweight,33.0,0.5,0.3793103448275862,0.9394482575712542,158.0,44.44444444444444,11.458111111111112,0.1111111111111111,1.9807777777777775,21,0.7142857142857143,4.342857142857143
Damien Brown,17,12,0,0.07518896698050656,3.66,0.38,4.86,0.5,0.68,0.27,0.53,0.7,Welterweight,40.0,0.3846153846153846,0.34482758620689663,0.8046319378027877,2559.0,33.33333333333333,8.670333333333334,0.0,1.4735,29,0.5862068965517241,5.9172413793103456
Tim Kennedy,18,6,0,0.12027582548733588,2.78,0.47,1.84,0.62,2.58,0.35,0.7,0.7,Light Heavyweight,45.0,0.6153846153846154,0.3793103448275862,1.1149707856995374,2986.0,60.0,15.606,0.0,3.4025,24,0.75,4.950000000000001
Gustavo Lopez,12,6,1,0.045086858506829315,2.48,0.4,3.87,0.57,1.74,0.41,0.31,0.7,Featherweight,35.0,0.34615384615384626,0.17241379310344812,0.5636544977641237,1425.0,0.0,0.20499999999999996,0.0,2.5324999999999998,19,0.631578947368421,3.9263157894736844
Yoshiro Maeda,35,16,5,0.05112054104230206,2.36,0.33,2.55,0.63,2.93,0.51,0.5,0.7,Featherweight,43.0,0.3846153846153846,0.24137931034482762,0.6771152360025143,,0.0,0.368,0.0,3.7565,56,0.625,11.325000000000001
Kenji Osawa,20,11,2,0.045086858506829315,2.34,0.35,2.14,0.63,0.91,0.58,0.68,0.7,Featherweight,48.0,0.3076923076923075,0.24137931034482762,0.5941584765439645,,0.0,0.42849999999999994,0.0,1.765,33,0.6060606060606061,6.721212121212122
Yves Edwards,42,22,1,0.07518896698050656,2.91,0.42,2.34,0.66,0.76,0.53,0.69,0.7,Welterweight,48.0,0.5769230769230766,0.3103448275862067,0.9624568714897899,3735.0,30.0,8.0595,0.3,1.6834999999999998,65,0.6461538461538462,13.12923076923077
Maryna Moroz,11,5,0,0.030068956371833978,4.15,0.31,4.42,0.53,0.67,0.22,0.45,0.7,Flyweight,33.0,0.34615384615384626,0.24137931034482762,0.6176021128705078,340.0,0.0,0.5160000000000001,0.2727272727272727,1.516181818181818,16,0.6875,3.3375000000000004
Thiago Silva,19,6,0,0.15037793396101312,3.92,0.5,2.55,0.67,1.03,0.47,0.7,0.7,Light Heavyweight,42.0,0.6153846153846154,0.48275862068965525,1.2485211700352838,4144.0,0.0,0.7980000000000002,0.0,1.8705,25,0.76,5.152
Brad Blackburn,18,13,1,0.09773239623392123,4.55,0.35,3.59,0.65,0.93,0.5,0.76,0.7,Middleweight,47.0,0.5769230769230766,0.34482758620689663,1.0194830593638944,5422.0,100.0,25.7665,0.0,1.7810000000000001,32,0.5625,6.5125
Yancy Medeiros,15,8,0,0.07518896698050656,4.36,0.37,5.67,0.47,0.33,0.5,0.73,0.7,Welterweight,37.0,0.6538461538461537,0.34482758620689663,1.073862707033557,1327.0,35.714285714285715,9.31257142857143,0.2857142857142857,1.2494285714285713,23,0.6521739130434783,4.730434782608696
Jameel Massouh,26,9,0,0.06013791274366793,1.91,0.54,2.62,0.55,0.67,0.15,0.5,0.7,Featherweight,40.0,0.5384615384615383,0.34482758620689663,0.9434270374121029,,0.0,0.275,0.0,1.4425,35,0.7428571428571429,7.148571428571429
Ian Heinisch,14,5,0,0.12027582548733588,3.25,0.5,2.98,0.59,1.02,0.17,0.59,0.7,Light Heavyweight,36.0,0.5384615384615383,0.3793103448275862,1.0380477087764604,1299.0,28.57142857142857,7.696857142857142,0.0,1.8045,19,0.7368421052631579,3.947368421052632
Katsuyori Shibata,4,11,1,0.09471555496618486,2.06,0.35,2.4,0.53,0.49,0.5,0.53,0.7,Welterweight,45.0,0.5218723584108196,0.41379310344827575,1.03038101682528,,0.0,0.3045,0.0,1.318,16,0.25,3.25
Steve Cantwell,7,6,0,0.12027582548733588,3.63,0.34,5.76,0.55,0.65,0.3,0.8,0.7,Light Heavyweight,38.0,0.6538461538461537,0.48275862068965525,1.2568806000231447,4736.0,0.0,0.19400000000000006,0.0,1.475,13,0.5384615384615384,2.707692307692308
Vanessa Demopoulos,10,5,0,0.01501790213499534,3.44,0.43,5.06,0.43,0.49,0.13,0.3,0.7,Strawweight,36.0,0.03846153846153876,0.0689655172413791,0.1224449578379132,158.0,0.0,0.25150000000000006,0.25,1.302,15,0.6666666666666666,3.1333333333333333
Jeff Monson,60,26,1,0.21353268797241745,0.97,0.3,2.87,0.59,1.06,0.12,0.66,0.7,Heavyweight,54.0,0.6153846153846154,0.3103448275862067,1.1392621309432396,,0.0,-0.03949999999999998,0.0,1.844,87,0.6896551724137931,17.53793103448276
Guto Inocente,7,4,0,0.15037793396101312,4.13,0.66,2.92,0.54,0.67,0.33,0.66,0.7,Light Heavyweight,38.0,0.6674641148325355,0.5172413793103448,1.3350834281038935,3750.0,50.0,13.3075,0.5,1.6105,11,0.6363636363636364,2.3272727272727276
Leo Kuntz,18,4,1,0.07518896698050656,1.68,0.32,3.8,0.45,1.99,0.25,0.33,0.7,Welterweight,41.0,0.5218723584108196,0.34482758620689663,0.9418889115982227,3364.0,0.0,-0.01849999999999996,0.5,2.8854999999999995,23,0.782608695652174,4.756521739130435
Devin Powell,9,4,0,0.07518896698050656,2.88,0.41,3.67,0.51,0.0,0.0,0.0,0.6,Welterweight,36.0,0.5769230769230766,0.41379310344827575,1.065905147351859,2279.0,0.0,0.32799999999999996,0.0,0.6,13,0.6923076923076923,2.7384615384615385
Marcus LeVesseur,22,7,0,0.07518896698050656,2.55,0.64,3.7,0.37,3.89,0.36,0.83,0.6,Welterweight,42.0,0.4615384615384617,0.3103448275862067,0.8470722561051749,4449.0,33.33333333333333,8.599333333333332,0.3333333333333333,4.710333333333333,29,0.7586206896551724,5.951724137931035
Vitor Belfort,26,14,0,0.12027582548733588,1.59,0.46,2.83,0.5,1.02,0.6,0.53,0.6,Light Heavyweight,47.0,0.6153846153846154,0.41379310344827575,1.149453544320227,2468.0,76.92307692307693,19.370769230769234,0.15384615384615385,1.8014615384615384,40,0.65,8.13
Tito Ortiz,19,12,1,0.15037793396101312,2.59,0.46,2.88,0.6,2.47,0.35,0.54,0.6,Light Heavyweight,50.0,0.6153846153846154,0.5172413793103448,1.2830039286559733,4603.0,40.0,10.397499999999999,0.2,3.2265,32,0.59375,6.518750000000001
Francisco Rivera,11,7,0,0.045086858506829315,4.07,0.41,3.16,0.68,1.01,0.63,0.68,0.6,Featherweight,43.0,0.4615384615384617,0.2758620689655172,0.7824873890108082,3119.0,30.0,8.2275,0.3,1.8475,18,0.6111111111111112,3.7222222222222223
Jarred Brooks,13,2,0,0.030068956371833978,2.12,0.46,1.66,0.62,4.54,0.57,0.69,0.6,Flyweight,31.0,0.15384615384615374,0.10344827586206903,0.28736338608005674,2349.0,25.0,6.716,0.0,5.294499999999999,15,0.8666666666666667,3.1733333333333333
Diego Nunes,19,7,0,0.06013791274366793,2.72,0.43,2.59,0.58,1.18,0.44,0.65,0.6,Featherweight,42.0,0.34615384615384626,0.20689655172413768,0.6131883106216518,4407.0,0.0,0.4645,0.0,1.911,26,0.7307692307692307,5.346153846153847
Joseph Benavidez,28,8,0,0.030068956371833978,3.52,0.34,2.67,0.61,1.41,0.3,0.62,0.6,Flyweight,40.0,0.26923076923076916,0.1379310344827586,0.43723076008536177,1439.0,33.33333333333333,8.972333333333333,0.09523809523809523,2.1408095238095237,36,0.7777777777777778,7.355555555555556
Bryan Battle,11,2,0,0.09773239623392123,4.52,0.54,3.73,0.42,0.94,0.25,0.45,0.6,Middleweight,30.0,0.7307692307692308,0.4482758620689653,1.2767774890721175,67.0,37.5,10.1165,0.25,1.685,13,0.8461538461538461,2.769230769230769
Mike Lullo,8,3,0,0.06013791274366793,2.48,0.36,4.84,0.4,1.18,0.11,0.0,0.6,Featherweight,45.0,0.4423076923076923,0.2758620689655172,0.7783076740168774,4897.0,50.0,12.526,0.0,1.7965,11,0.7272727272727273,2.3454545454545457
Doug Evans,13,10,0,0.07518896698050656,1.79,0.35,2.55,0.55,3.19,0.83,0.69,0.6,Welterweight,44.0,0.5218723584108196,0.3103448275862067,0.9074061529775328,,0.0,0.21750000000000003,0.0,3.9835,23,0.5652173913043478,4.71304347826087
Chris Tuchscherer,21,4,0,0.23007558679220266,1.35,0.31,3.17,0.47,1.19,0.18,0.0,0.6,Heavyweight,49.0,0.6923076923076921,0.48275862068965525,1.40514189978955,5100.0,100.0,24.9945,0.0,1.8169999999999997,25,0.84,5.168
Yoshihisa Yamamoto,14,25,1,0.1729213632144278,1.65,0.38,3.05,0.53,1.0,0.2,0.5,0.6,Heavyweight,54.0,0.7320261437908496,0.48275862068965525,1.3877061276949325,,0.0,0.11049999999999999,0.0,1.6800000000000002,40,0.35,8.07
Jessica Penne,14,8,0,0.01501790213499534,2.52,0.31,4.75,0.46,1.32,0.21,0.36,0.6,Strawweight,42.0,0.34615384615384626,0.17241379310344812,0.5335855413922898,116.0,22.22222222222222,5.604055555555555,0.2222222222222222,2.0430555555555556,22,0.6363636363636364,4.527272727272727
Geane Herrera,9,3,0,0.030068956371833978,1.51,0.31,5.07,0.52,0.83,0.37,0.38,0.6,Flyweight,34.0,0.3076923076923075,0.17241379310344812,0.5101750571675896,3000.0,25.0,6.007,0.0,1.5234999999999999,12,0.75,2.5500000000000003
Nick Aguirre,7,2,0,0.045086858506829315,0.73,0.33,2.89,0.45,1.16,0.2,0.33,0.6,Featherweight,29.0,0.6153846153846154,0.3103448275862067,0.9708163014776514,452.0,0.0,-0.1175,0.5,1.948,9,0.7777777777777778,1.9555555555555557
Julia Polastri,12,3,0,0.01501790213499534,6.19,0.52,5.11,0.62,0.62,1.0,0.42,0.6,Strawweight,26.0,0.1923076923076925,0.0689655172413791,0.27629111168406695,123.0,0.0,0.9780000000000001,0.0,1.412,15,0.8,3.16
Joe Riggs,44,17,0,0.12027582548733588,2.41,0.51,1.69,0.57,2.45,0.55,0.62,0.6,Light Heavyweight,42.0,0.4615384615384617,0.41379310344827575,0.9956073904740733,3279.0,25.0,6.7865,0.0,3.1945,61,0.7213114754098361,12.344262295081968
Kazuyuki Fujita,15,12,0,0.19546479246784249,1.05,0.49,1.99,0.52,2.78,0.36,0.85,0.6,Heavyweight,54.0,0.7320261437908496,0.41379310344827575,1.3412840397069679,,0.0,0.14000000000000007,0.0,3.5189999999999997,27,0.5555555555555556,5.511111111111111
Jonathan Goulet,23,12,0,0.09773239623392123,1.61,0.41,2.01,0.46,4.17,0.7,0.45,0.6,Middleweight,45.0,0.5769230769230766,0.41379310344827575,1.0884485766052736,5394.0,100.0,25.252,0.0,4.92,35,0.6571428571428571,7.131428571428572
Ebenezer Fontes Braga,13,7,2,0.141327410157804,2.42,0.5,0.42,0.71,0.0,0.0,0.9,0.6,Light Heavyweight,55.0,0.6674641148325355,0.41379310344827575,1.2225846284386153,,0.0,0.7484999999999999,0.0,0.69,22,0.5909090909090909,4.5181818181818185
Luigi Vendramini,9,3,0,0.07518896698050656,2.82,0.4,3.82,0.57,1.11,0.15,1.0,0.6,Welterweight,29.0,0.5769230769230766,0.2758620689655172,0.9279741128691004,1257.0,50.0,12.7975,0.0,1.8325,12,0.75,2.5500000000000003
Jeka Saragih,14,3,0,0.06013791274366793,2.76,0.5,2.84,0.4,2.37,1.0,0.66,0.6,Featherweight,30.0,0.4230769230769229,0.2758620689655172,0.759076904786108,242.0,66.66666666666666,17.090666666666667,0.3333333333333333,3.2693333333333334,17,0.8235294117647058,3.5647058823529414
Clay Guida,38,21,0,0.07518896698050656,2.64,0.33,3.01,0.61,3.13,0.36,0.67,0.6,Welterweight,43.0,0.4615384615384617,0.24137931034482762,0.7781067388637959,67.0,11.11111111111111,3.143777777777778,0.3333333333333333,3.9343333333333335,59,0.6440677966101694,11.928813559322034
Chepe Mariscal,15,6,1,0.06013791274366793,4.67,0.53,3.95,0.52,3.22,0.38,1.0,0.6,Featherweight,32.0,0.4230769230769229,0.24137931034482762,0.7245941461654184,186.0,0.0,0.7590000000000001,0.0,3.9770000000000003,22,0.6818181818181818,4.536363636363637
Phil Davis,17,4,0,0.15037793396101312,2.85,0.34,1.33,0.72,2.99,0.38,0.72,0.6,Light Heavyweight,40.0,0.8076923076923075,0.48275862068965525,1.440828862342976,3672.0,0.0,0.689,0.2727272727272727,3.7871818181818186,21,0.8095238095238095,4.361904761904762
Kalib Starnes,17,11,1,0.12027582548733588,2.71,0.48,4.43,0.53,1.46,0.33,0.25,0.6,Light Heavyweight,50.0,0.6153846153846154,0.5172413793103448,1.252901820182296,,0.0,0.1885,0.0,2.1345,29,0.5862068965517241,5.9172413793103456
Kazuhiro Nakamura,21,13,0,0.15037793396101312,1.56,0.37,1.83,0.59,1.73,0.36,0.42,0.6,Light Heavyweight,45.0,0.4615384615384617,0.3793103448275862,0.9912267403270609,,0.0,0.27799999999999997,0.0,2.426,34,0.6176470588235294,6.923529411764706
Phillip Miller,16,0,0,0.12027582548733588,1.61,0.54,1.93,0.5,3.62,0.25,1.0,0.6,Light Heavyweight,45.0,0.6674641148325355,0.3793103448275862,1.1670502851474576,,0.0,0.29600000000000004,0.0,4.3575,16,1.0,3.4000000000000004
Edgar Garcia,14,5,0,0.09773239623392123,3.16,0.29,4.23,0.6,2.21,0.57,0.5,0.6,Middleweight,40.0,0.5,0.34482758620689663,0.9425599824408178,3329.0,50.0,12.8035,0.5,3.0705,19,0.7368421052631579,3.947368421052632
Kuniyoshi Hironaka,23,9,0,0.09471555496618486,1.98,0.4,3.01,0.54,1.91,0.3,0.25,0.6,Welterweight,48.0,0.4615384615384617,0.34482758620689663,0.9010816027115431,,0.0,0.20449999999999996,0.0,2.5799999999999996,32,0.71875,6.54375
Raquel Pennington,15,9,0,0.045086858506829315,4.02,0.5,3.34,0.62,0.93,0.27,0.63,0.6,Featherweight,36.0,0.34615384615384626,0.24137931034482762,0.6326200150055032,130.0,5.263157894736842,2.0127894736842102,0.15789473684210525,1.6729736842105265,24,0.625,4.925000000000001
Kyler Phillips,11,2,0,0.045086858506829315,5.36,0.46,3.36,0.61,2.87,0.46,0.7,0.6,Featherweight,29.0,0.5384615384615383,0.2758620689655172,0.8594104659338848,116.0,0.0,1.0195,0.125,3.64025,13,0.8461538461538461,2.769230769230769
Chan Sung Jung,17,8,0,0.06013791274366793,3.93,0.41,4.52,0.52,0.7,0.44,0.72,0.6,Featherweight,37.0,0.5384615384615383,0.24137931034482762,0.8399787615500338,536.0,66.66666666666666,17.13116666666666,0.16666666666666666,1.4796666666666667,25,0.68,5.136
Crosley Gracie,2,2,0,0.12780135260575523,1.69,0.37,1.54,0.6,3.46,0.85,0.5,0.6,Light Heavyweight,45.0,0.6674641148325355,0.3103448275862067,1.1056102950244975,,0.0,0.35550000000000004,0.0,4.2375,4,0.5,0.9
Igor Araujo,25,9,0,0.09773239623392123,1.52,0.42,2.86,0.49,0.86,0.15,0.22,0.6,Middleweight,44.0,0.7307692307692308,0.4482758620689653,1.2767774890721175,3500.0,25.0,6.358499999999999,0.0,1.5045,34,0.7352941176470589,6.947058823529413
Shanna Young,9,6,0,0.030068956371833978,3.18,0.47,4.88,0.43,0.0,0.0,0.53,0.6,Flyweight,33.0,0.26923076923076916,0.24137931034482762,0.5406790359474307,830.0,50.0,12.7215,0.0,0.653,15,0.6,3.12
Kailin Curran,4,5,0,0.01501790213499534,3.89,0.43,4.75,0.53,2.0,0.57,0.61,0.6,Strawweight,33.0,0.26923076923076916,0.1379310344827586,0.4221797058485231,2636.0,14.285714285714285,3.996928571428571,0.2857142857142857,2.817928571428572,9,0.4444444444444444,1.8888888888888888
Mark Munoz,14,6,0,0.12027582548733588,3.12,0.51,2.26,0.57,3.17,0.29,0.57,0.6,Light Heavyweight,47.0,0.5,0.41379310344827575,1.0340689289356115,3560.0,33.33333333333333,8.961833333333331,0.16666666666666666,3.9121666666666663,20,0.7,4.14
Derek Brunson,23,9,0,0.12027582548733588,3.51,0.47,3.05,0.51,3.14,0.33,0.85,0.6,Light Heavyweight,41.0,0.7307692307692308,0.4482758620689653,1.2993209183255319,711.0,61.904761904761905,16.066690476190477,0.09523809523809523,3.898309523809524,32,0.71875,6.54375
Michel Prazeres,26,4,0,0.09773239623392123,2.38,0.47,2.51,0.57,3.94,0.36,0.47,0.6,Middleweight,43.0,0.34615384615384626,0.20689655172413768,0.6507827941119051,1327.0,0.0,0.398,0.2857142857142857,4.71242857142857,30,0.8666666666666667,6.173333333333334
TJ Grant,21,5,0,0.07518896698050656,3.95,0.54,3.21,0.56,1.63,0.43,0.36,0.6,Welterweight,40.0,0.5384615384615383,0.34482758620689663,0.9584780916489415,4281.0,25.0,6.948,0.125,2.36175,26,0.8076923076923077,5.361538461538462
Ashley Yoder,8,9,0,0.01501790213499534,3.42,0.39,4.13,0.47,1.09,0.27,0.66,0.6,Strawweight,37.0,0.4230769230769229,0.24137931034482762,0.6794741355567459,487.0,0.0,0.3840000000000001,0.0,1.7965,17,0.47058823529411764,3.494117647058824
Jake Collier,13,10,0,0.18797241745126642,5.8,0.44,5.08,0.5,0.71,0.33,0.67,0.6,Heavyweight,36.0,0.7692307692307692,0.5172413793103448,1.4744445659923804,508.0,35.714285714285715,9.779571428571428,0.07142857142857142,1.4443571428571427,23,0.5652173913043478,4.71304347826087
Aspen Ladd,9,3,0,0.045086858506829315,3.78,0.47,4.65,0.47,1.56,0.47,0.62,0.6,Featherweight,29.0,0.3076923076923075,0.20689655172413768,0.5596757179232745,1040.0,42.857142857142854,11.126285714285714,0.0,2.2925,12,0.75,2.5500000000000003
Patricio Freire,26,4,0,0.06013791274366793,2.84,0.41,4.43,0.6,0.6,0.18,0.94,0.6,Featherweight,35.8830242510699,0.26923076923076916,0.17241379310344812,0.5017824750778852,,0.0,0.21749999999999992,0.0,1.321,30,0.8666666666666667,6.173333333333334
Payton Talbott,7,0,0,0.045086858506829315,6.66,0.51,3.12,0.51,0.0,0.0,0.88,0.6,Featherweight,26.0,0.4615384615384617,0.34482758620689663,0.8514529062521876,228.0,66.66666666666666,18.042166666666663,0.3333333333333333,0.7713333333333333,7,1.0,1.6
John Lineker,31,9,0,0.045086858506829315,5.36,0.4,4.27,0.56,0.56,0.58,0.67,0.6,Featherweight,34.0,0.34615384615384626,0.10344827586206903,0.49468898052274457,2118.0,37.5,10.2385,0.125,1.34525,40,0.775,8.155
Philip De Fries,12,6,0,0.21804137382310043,2.3,0.47,3.0,0.37,3.29,0.42,1.0,0.6,Heavyweight,38.0,0.8076923076923075,0.5862068965517243,1.611940578067132,4330.0,60.0,15.2745,0.2,4.103,18,0.6666666666666666,3.7333333333333334
Davi Ramos,10,4,0,0.07518896698050656,2.64,0.37,3.44,0.56,1.95,0.4,0.83,0.6,Welterweight,38.0,0.4615384615384617,0.20689655172413768,0.7436239802431059,1670.0,0.0,0.30199999999999994,0.42857142857142855,2.8001428571428573,14,0.7142857142857143,2.942857142857143
Edmen Shahbazyan,12,4,0,0.12027582548733588,3.46,0.51,4.13,0.43,2.17,0.39,0.63,0.6,Light Heavyweight,27.0,0.6538461538461537,0.48275862068965525,1.2568806000231447,172.0,63.63636363636363,16.32109090909091,0.18181818181818182,2.9369545454545456,16,0.75,3.35
Brian Rogers,14,9,0,0.12027582548733588,4.79,0.38,5.76,0.58,1.22,0.5,1.0,0.6,Light Heavyweight,41.277864992150704,0.6674641148325355,0.3793103448275862,1.1670502851474576,,0.0,0.49650000000000005,0.0,1.995,23,0.6086956521739131,4.721739130434783
Victor Henry,23,6,0,0.045086858506829315,8.26,0.54,5.95,0.47,0.0,0.0,0.78,0.6,Featherweight,37.0,0.3846153846153846,0.24137931034482762,0.6710815534670416,102.0,20.0,6.351,0.2,0.728,29,0.7931034482758621,5.958620689655173
Fernie Garcia,10,4,0,0.045086858506829315,1.8,0.34,2.69,0.5,0.32,0.5,0.47,0.6,Featherweight,32.0,0.34615384615384626,0.24137931034482762,0.6326200150055032,368.0,25.0,6.4395,0.0,1.042,14,0.7142857142857143,2.942857142857143
Brendan O'Reilly,6,3,0,0.09773239623392123,1.9,0.47,2.77,0.39,2.22,0.43,0.36,0.6,Middleweight,37.0,0.4230769230769229,0.24137931034482762,0.7621886296556717,2993.0,25.0,6.462,0.0,2.9205000000000005,9,0.6666666666666666,1.9333333333333333
Dong Hyun Kim,22,4,1,0.09773239623392123,2.12,0.49,1.89,0.58,2.93,0.43,0.71,0.6,Middleweight,43.0,0.6923076923076921,0.48275862068965525,1.2727987092312687,2797.0,35.714285714285715,9.360071428571429,0.07142857142857142,3.6833571428571434,27,0.8148148148148148,5.562962962962963
Edwin Figueroa,9,5,0,0.045086858506829315,2.57,0.39,3.06,0.51,0.2,1.0,0.37,0.6,Featherweight,40.0,0.4230769230769229,0.24137931034482762,0.7095430919285799,4106.0,33.33333333333333,8.671333333333333,0.0,0.9869999999999999,14,0.6428571428571429,2.928571428571429
Damian Stasiak,10,6,0,0.045086858506829315,1.86,0.36,3.1,0.52,2.64,0.35,0.43,0.6,Featherweight,34.0,0.4615384615384617,0.17241379310344812,0.6790391131487391,2397.0,16.666666666666664,4.316666666666666,0.3333333333333333,3.418833333333334,16,0.625,3.325
Julian Erosa,28,12,0,0.06013791274366793,6.22,0.48,6.35,0.47,1.66,0.46,0.61,0.6,Featherweight,35.0,0.6153846153846154,0.4482758620689653,1.1237983901972486,214.0,40.0,10.769,0.26666666666666666,2.4566666666666666,40,0.7,8.14
Hiromitsu Miura,12,7,0,0.09773239623392123,2.12,0.34,2.12,0.58,2.23,0.5,0.69,0.6,Middleweight,43.0,0.5,0.3103448275862067,0.9080772238201279,,0.0,0.36700000000000005,0.0,2.974,19,0.631578947368421,3.9263157894736844
Stevie Ray,23,9,0,0.07518896698050656,3.73,0.44,2.93,0.54,0.75,0.46,0.55,0.6,Welterweight,34.0,0.4615384615384617,0.34482758620689663,0.8815550147258648,1936.0,36.36363636363637,9.75290909090909,0.0,1.474,32,0.71875,6.54375
Wanderlei Silva,35,13,1,0.15037793396101312,2.79,0.4,2.19,0.6,0.97,0.53,0.62,0.6,Light Heavyweight,48.0,0.6153846153846154,0.3793103448275862,1.1450728941732147,4365.0,75.0,19.289,0.0,1.7115,49,0.7142857142857143,9.942857142857143
Rose Namajunas,12,6,0,0.030068956371833978,3.68,0.4,3.53,0.62,1.49,0.48,0.6,0.6,Flyweight,32.0,0.26923076923076916,0.17241379310344812,0.47171351870605127,102.0,5.88235294117647,2.0340882352941176,0.29411764705882354,2.295529411764706,18,0.6666666666666666,3.7333333333333334
Mike Swick,15,6,0,0.09773239623392123,2.36,0.37,2.29,0.54,1.06,0.5,0.61,0.6,Middleweight,45.0,0.7307692307692308,0.4482758620689653,1.2767774890721175,3504.0,66.66666666666666,17.068166666666666,0.0,1.7959999999999998,21,0.7142857142857143,4.342857142857143
Dhiego Lima,17,9,0,0.09773239623392123,3.12,0.39,3.88,0.58,1.26,0.34,0.73,0.6,Middleweight,36.0,0.6538461538461537,0.48275862068965525,1.2343371707697304,1334.0,36.36363636363637,9.453909090909091,0.09090909090909091,2.006727272727273,26,0.6538461538461539,5.330769230769231
Jake Matthews,19,7,0,0.09773239623392123,3.3,0.45,2.56,0.6,1.59,0.4,0.62,0.6,Middleweight,30.0,0.5769230769230766,0.3793103448275862,1.053965817984584,256.0,10.0,3.121,0.35,2.3995,26,0.7307692307692307,5.346153846153847
Andrea Lee,13,8,0,0.030068956371833978,4.91,0.47,3.69,0.63,1.84,0.57,0.54,0.6,Flyweight,36.0,0.4230769230769229,0.20689655172413768,0.6600424311728945,249.0,0.0,0.8625000000000002,0.0,2.5795,21,0.6190476190476191,4.323809523809524
Jose Quinonez,9,5,0,0.045086858506829315,3.6,0.45,3.0,0.64,2.7,0.47,0.42,0.6,Featherweight,34.0,0.4230769230769229,0.2758620689655172,0.7440258505492694,1530.0,11.11111111111111,3.413777777777778,0.2222222222222222,3.4680555555555554,14,0.6428571428571429,2.928571428571429
Diego Brandao,22,11,0,0.06013791274366793,2.94,0.47,3.38,0.62,3.21,0.68,0.8,0.6,Featherweight,37.0,0.23076923076923084,0.24137931034482762,0.5322864538577263,3329.0,30.0,7.915000000000001,0.3,4.067,33,0.6666666666666666,6.733333333333334
Ketlen Vieira,14,3,0,0.045086858506829315,3.04,0.41,3.92,0.51,1.51,0.44,0.92,0.6,Featherweight,33.0,0.3846153846153846,0.2758620689655172,0.7055643120877311,130.0,8.333333333333332,2.413833333333333,0.08333333333333333,2.2888333333333337,17,0.8235294117647058,3.5647058823529414
Ivan Jorge,27,7,0,0.07518896698050656,3.41,0.49,2.91,0.59,1.56,0.16,0.75,0.6,Welterweight,44.0,0.5769230769230766,0.3103448275862067,0.9624568714897899,3497.0,0.0,0.6024999999999999,0.25,2.3215,34,0.7941176470588235,6.958823529411766
Lavar Johnson,18,10,0,0.20299031958626176,5.39,0.55,2.54,0.55,0.61,0.66,0.54,0.6,Heavyweight,47.0,0.9230769230769229,0.5517241379310344,1.677791380594219,4372.0,50.0,13.658999999999999,0.25,1.4255,28,0.6428571428571429,5.7285714285714295
Ken Stone,11,4,0,0.045086858506829315,3.85,0.49,2.9,0.48,1.24,0.33,0.6,0.6,Featherweight,42.0,0.5,0.2758620689655172,0.8209489274723465,4568.0,50.0,13.1975,0.25,2.012,15,0.7333333333333333,3.1466666666666665
Francis Carmont,25,12,0,0.15037793396101312,2.22,0.42,1.64,0.59,1.79,0.36,0.73,0.6,Light Heavyweight,43.0,0.7692307692307692,0.5172413793103448,1.436850082502127,3826.0,11.11111111111111,3.2592777777777777,0.2222222222222222,2.5725555555555553,37,0.6756756756756757,7.535135135135135
Lukasz Brzeski,8,4,1,0.19698978915263227,5.08,0.48,3.46,0.57,0.64,0.5,0.42,0.6,Heavyweight,32.0,0.7692307692307692,0.5517241379310344,1.5179446963144358,67.0,50.0,13.4325,0.0,1.357,13,0.6153846153846154,2.723076923076923
Hatsu Hioki,29,10,2,0.06013791274366793,2.42,0.42,2.12,0.65,2.55,0.56,0.54,0.6,Featherweight,41.0,0.5769230769230766,0.3793103448275862,1.0163713344943308,3567.0,12.5,3.5935,0.125,3.31925,41,0.7073170731707317,8.341463414634147
Zak Cummings,25,7,0,0.15037793396101312,2.96,0.35,2.91,0.55,0.62,0.28,0.66,0.6,Light Heavyweight,40.0,0.6538461538461537,0.41379310344827575,1.2180171912554427,669.0,14.285714285714285,4.027428571428572,0.2857142857142857,1.3994285714285712,32,0.78125,6.55625
Albert Duraev,16,5,0,0.12027582548733588,2.99,0.4,3.01,0.59,1.97,0.29,0.66,0.6,Light Heavyweight,36.0,0.6538461538461537,0.3793103448275862,1.1534323241610758,578.0,0.0,0.4645000000000002,0.25,2.742,21,0.7619047619047619,4.352380952380953
Melquizael Costa,20,6,0,0.07518896698050656,5.11,0.45,2.53,0.64,1.87,0.37,0.42,0.6,Welterweight,28.0,0.5,0.34482758620689663,0.9200165531874032,242.0,25.0,7.334,0.5,2.6925000000000003,26,0.7692307692307693,5.353846153846154
Arlene Blencowe,9,6,0,0.06013791274366793,2.31,0.43,2.1,0.43,0.0,0.0,0.55,0.6,Featherweight,35.8830242510699,0.4423076923076923,0.17241379310344812,0.6748593981548083,,0.0,0.413,0.0,0.655,15,0.6,3.12
Kevin Jordan,11,9,0,0.21051584670468107,2.0,0.4,1.91,0.55,0.0,0.0,0.77,0.6,Heavyweight,54.0,0.7320261437908496,0.5172413793103448,1.4597833698058755,,0.0,0.3760000000000001,0.0,0.677,20,0.55,4.11
Johil de Oliveira,17,15,1,0.09773239623392123,0.51,0.34,0.73,0.58,1.1,0.5,0.44,0.6,Middleweight,39.515151515151516,0.5968489341983318,0.20689655172413768,0.9014778821563907,,0.0,0.173,0.0,1.819,33,0.5151515151515151,6.703030303030303
Fabio Maldonado,23,11,0,0.15037793396101312,5.29,0.58,4.31,0.53,0.44,0.57,0.61,0.6,Light Heavyweight,44.0,0.6538461538461537,0.4482758620689653,1.2524999498761322,3385.0,27.27272727272727,7.689681818181818,0.0,1.1865,34,0.6764705882352942,6.93529411764706
Sumudaerji,16,5,0,0.030068956371833978,4.83,0.54,2.75,0.62,0.32,1.0,0.66,0.6,Flyweight,29.0,0.5384615384615383,0.2758620689655172,0.8443925637988895,116.0,0.0,0.9960000000000001,0.6666666666666666,1.3026666666666669,21,0.7619047619047619,4.352380952380953
Henry Briones,16,8,1,0.045086858506829315,3.47,0.42,4.68,0.53,0.0,0.0,0.52,0.6,Featherweight,44.0,0.4230769230769229,0.2758620689655172,0.7440258505492694,2461.0,20.0,5.329,0.4,0.752,25,0.64,5.128
Rafael Dos Anjos,32,15,0,0.09773239623392123,3.52,0.47,3.19,0.6,2.01,0.35,0.56,0.6,Middleweight,40.0,0.4615384615384617,0.2758620689655172,0.8351329267379001,109.0,18.75,5.273,0.15625,2.7575625,47,0.6808510638297872,9.536170212765958
Alex Oliveira,22,12,1,0.09773239623392123,2.99,0.51,2.55,0.46,2.35,0.38,0.63,0.6,Middleweight,36.0,0.6923076923076921,0.3793103448275862,1.1693504333691995,1075.0,23.809523809523807,6.488380952380951,0.2857142857142857,3.141428571428572,35,0.6285714285714286,7.1257142857142854
Wilson Reis,23,10,0,0.030068956371833978,1.83,0.29,3.04,0.55,5.15,0.42,0.47,0.6,Flyweight,40.0,0.26923076923076916,0.1379310344827586,0.43723076008536177,2132.0,15.384615384615385,3.9881538461538466,0.23076923076923078,5.917692307692307,33,0.696969696969697,6.73939393939394
Alexa Grasso,16,3,1,0.030068956371833978,4.67,0.43,3.95,0.58,0.41,0.45,0.59,0.6,Flyweight,31.0,0.3076923076923075,0.17241379310344812,0.5101750571675896,151.0,0.0,0.748,0.25,1.1989999999999998,20,0.8,4.16
Jose Johnson,16,8,0,0.045086858506829315,2.8,0.6,1.73,0.55,0.62,0.5,0.36,0.6,Featherweight,29.0,0.5,0.41379310344827575,0.958879961955105,242.0,0.0,0.643,0.6666666666666666,1.4976666666666667,24,0.6666666666666666,4.9333333333333345
Michel Pereira,29,11,0,0.12027582548733588,5.09,0.53,3.74,0.58,1.56,0.55,0.94,0.6,Light Heavyweight,31.0,0.5769230769230766,0.4482758620689653,1.1454747644793777,116.0,25.0,7.1545000000000005,0.16666666666666666,2.3781666666666665,40,0.725,8.145
Aaron Phillips,12,5,0,0.045086858506829315,1.51,0.53,3.66,0.43,0.86,0.5,0.44,0.6,Featherweight,35.0,0.5,0.3103448275862067,0.855431686093036,669.0,0.0,-0.0010000000000000009,0.25,1.6415,17,0.7058823529411765,3.5411764705882356
Luan Lacerda,12,3,0,0.045086858506829315,4.52,0.44,7.07,0.47,1.26,0.25,0.75,0.6,Featherweight,32.0,0.5,0.24137931034482762,0.786466168851657,620.0,50.0,12.728,0.0,1.9725000000000001,15,0.8,3.16
Mac Danzig,21,12,1,0.07518896698050656,3.39,0.48,3.44,0.57,1.2,0.37,0.46,0.6,Welterweight,45.0,0.4615384615384617,0.2758620689655172,0.8125894974844854,4078.0,28.57142857142857,7.655857142857142,0.14285714285714285,1.9372142857142858,34,0.6176470588235294,6.923529411764706
Bibiano Fernandes,20,3,0,0.05112054104230206,2.91,0.4,2.02,0.72,3.97,0.53,0.77,0.6,Featherweight,44.0,0.4423076923076923,0.24137931034482762,0.734807543694822,,0.0,0.6125,0.0,4.7265,23,0.8695652173913043,4.773913043478261
Jussier Formiga,23,8,0,0.030068956371833978,1.42,0.39,2.34,0.64,1.82,0.35,0.87,0.6,Flyweight,39.0,0.34615384615384626,0.17241379310344812,0.5486365956291284,1712.0,25.0,6.428,0.125,2.59075,31,0.7419354838709677,6.348387096774194
Mike Brown,26,9,0,0.06013791274366793,2.98,0.44,2.45,0.6,3.23,0.4,0.66,0.6,Featherweight,49.0,0.4615384615384617,0.20689655172413768,0.7285729260062672,4197.0,20.0,5.5555,0.0,3.956,35,0.7428571428571429,7.148571428571429
Jacob Rosales,13,7,0,0.07518896698050656,7.19,0.46,10.66,0.44,1.12,0.18,0.5,0.6,Welterweight,29.0,0.6153846153846154,0.3793103448275862,1.0698839271927083,,0.0,0.35650000000000026,0.0,1.7970000000000002,20,0.65,4.13
Lisa Ellis,15,11,0,0.01501790213499534,1.68,0.48,2.32,0.57,4.19,0.63,0.5,0.6,Strawweight,33.46363636363636,0.21923076923076928,0.1379310344827586,0.3721797058485232,3567.0,0.0,0.25350000000000006,1.0,5.1845,26,0.5769230769230769,5.315384615384615
Kazuo Misaki,25,11,2,0.1172921363214428,2.85,0.4,2.74,0.63,0.72,0.38,0.51,0.6,Middleweight,48.0,0.5968489341983318,0.2758620689655172,0.9900031394852918,,0.0,0.476,0.0,1.428,38,0.6578947368421053,7.731578947368422
Anthony Johnson,22,6,0,0.15037793396101312,3.25,0.47,1.83,0.6,2.43,0.57,0.77,0.6,Light Heavyweight,40.0,0.7692307692307692,0.48275862068965525,1.4023673238814376,2867.0,54.54545454545454,14.358363636363634,0.2727272727272727,3.2606818181818187,28,0.7857142857142857,5.757142857142858
Sage Northcutt,11,2,0,0.09773239623392123,3.58,0.52,1.96,0.58,1.81,0.34,0.41,0.6,Middleweight,28.0,0.5,0.41379310344827575,1.011525499682197,2405.0,25.0,7.042000000000001,0.375,2.59575,13,0.8461538461538461,2.769230769230769
Martin Day,8,6,0,0.06013791274366793,3.97,0.45,3.79,0.53,0.72,0.6,0.65,0.5,Featherweight,36.0,0.5769230769230766,0.34482758620689663,0.9818885758736412,1537.0,33.33333333333333,8.926833333333331,0.0,1.375,14,0.5714285714285714,2.9142857142857146
Mana Martinez,10,4,0,0.045086858506829315,4.33,0.48,4.94,0.5,0.72,0.42,0.25,0.5,Featherweight,28.0,0.4615384615384617,0.34482758620689663,0.8514529062521876,711.0,0.0,0.5125000000000001,0.0,1.3079999999999998,14,0.7142857142857143,2.942857142857143
Taylor Lapilus,19,3,0,0.045086858506829315,4.18,0.47,2.27,0.62,0.45,0.4,0.81,0.5,Featherweight,32.0,0.5769230769230766,0.20689655172413768,0.8289064871540437,137.0,0.0,0.8915,0.0,1.091,22,0.8636363636363636,4.572727272727273
Eddie Alvarez,29,6,0,0.07518896698050656,4.32,0.41,4.39,0.55,2.92,0.36,0.92,0.5,Welterweight,41.0,0.4230769230769229,0.3103448275862067,0.8086107176436361,2391.0,57.14285714285714,14.871714285714285,0.0,3.566,35,0.8285714285714286,7.1657142857142855
Tom DeBlass,9,2,0,0.12027582548733588,1.5,0.35,4.43,0.37,1.0,0.5,0.28,0.5,Light Heavyweight,42.0,0.6674641148325355,0.41379310344827575,1.2015330437681473,4477.0,0.0,-0.16399999999999992,0.0,1.603,11,0.8181818181818182,2.3636363636363638
Pearl Gonzalez,6,3,0,0.01501790213499534,2.23,0.37,4.07,0.57,1.04,0.11,0.0,0.5,Strawweight,38.0,0.21923076923076928,0.1379310344827586,0.3721797058485232,2685.0,0.0,0.10649999999999993,0.5,1.6815,9,0.6666666666666666,1.9333333333333333
Mike Rhodes,10,5,0,0.09773239623392123,3.2,0.39,4.13,0.64,0.96,0.33,0.75,0.5,Middleweight,35.0,0.6153846153846154,0.4482758620689653,1.161392873687502,3707.0,0.0,0.35450000000000015,0.3333333333333333,1.6678333333333333,15,0.6666666666666666,3.1333333333333333
Randy Couture,19,11,0,0.15037793396101312,2.85,0.57,1.53,0.59,2.78,0.46,0.58,0.5,Light Heavyweight,61.0,0.6538461538461537,0.4482758620689653,1.2524999498761322,5037.0,50.0,13.1855,0.5,3.5319999999999996,30,0.6333333333333333,6.126666666666667
Gilbert Burns,22,6,0,0.09773239623392123,3.36,0.48,3.34,0.54,1.95,0.35,0.47,0.5,Middleweight,38.0,0.5,0.34482758620689663,0.9425599824408178,158.0,21.73913043478261,5.9507826086956515,0.21739130434782608,2.6038478260869566,28,0.7857142857142857,5.757142857142858
Parker Porter,14,9,0,0.24058480307651503,6.55,0.5,6.32,0.51,1.35,0.26,0.66,0.5,Heavyweight,39.0,0.6538461538461537,0.41379310344827575,1.3082240603709445,536.0,50.0,13.366,0.125,1.98625,23,0.6086956521739131,4.721739130434783
Randy Brown,17,5,0,0.09773239623392123,4.38,0.47,3.33,0.54,0.8,0.39,0.74,0.5,Middleweight,34.0,0.7692307692307692,0.5172413793103448,1.3842045447750353,67.0,26.31578947368421,7.349447368421052,0.21052631578947367,1.4851315789473685,22,0.7727272727272727,4.554545454545455
Alex White,13,6,0,0.07518896698050656,3.76,0.42,3.07,0.6,0.92,0.28,0.71,0.5,Welterweight,36.0,0.5,0.41379310344827575,0.9889820704287823,1936.0,30.0,8.153500000000001,0.1,1.558,19,0.6842105263157895,3.936842105263158
Tainara Lisboa,7,2,0,0.045086858506829315,2.05,0.5,1.4,0.54,2.05,0.4,0.7,0.5,Featherweight,33.0,0.34615384615384626,0.24137931034482762,0.6326200150055032,487.0,0.0,0.48349999999999993,0.5,2.8049999999999997,9,0.7777777777777778,1.9555555555555557
Anthony Birchak,16,8,0,0.045086858506829315,3.93,0.36,3.67,0.56,0.48,0.14,0.61,0.5,Featherweight,38.0,0.4230769230769229,0.2758620689655172,0.7440258505492694,1397.0,33.33333333333333,8.921333333333333,0.16666666666666666,1.1036666666666668,24,0.6666666666666666,4.9333333333333345
Oli Thompson,17,10,0,0.20600716085399814,1.66,0.46,5.31,0.46,0.0,0.0,0.5,0.5,Heavyweight,45.0,0.7320261437908496,0.4482758620689653,1.3863091667138132,4575.0,50.0,12.2795,0.5,0.675,27,0.6296296296296297,5.525925925925926
Gregory Rodrigues,14,5,0,0.12027582548733588,5.99,0.55,5.67,0.51,2.4,0.5,1.0,0.5,Light Heavyweight,32.0,0.6538461538461537,0.5172413793103448,1.2913633586438342,200.0,66.66666666666666,17.500166666666665,0.0,3.075,19,0.7368421052631579,3.947368421052632
Olivier Aubin-Mercier,11,5,0,0.07518896698050656,2.48,0.51,2.97,0.55,2.36,0.33,0.7,0.5,Welterweight,35.0,0.4615384615384617,0.3103448275862067,0.8470722561051749,2027.0,8.333333333333332,2.442333333333333,0.3333333333333333,3.0628333333333333,16,0.6875,3.3375000000000004
Rodolfo Bellato,12,2,0,0.15037793396101312,6.47,0.61,5.9,0.44,1.09,0.25,1.0,0.5,Light Heavyweight,29.0,0.7307692307692308,0.5172413793103448,1.3983885440405888,438.0,100.0,25.920499999999997,0.0,1.7275000000000003,14,0.8571428571428571,2.9714285714285715
Marcel Fortuna,9,3,0,0.15037793396101312,3.83,0.46,4.52,0.64,0.45,0.08,0.75,0.5,Light Heavyweight,39.0,0.6153846153846154,0.4482758620689653,1.214038411414594,2650.0,33.33333333333333,8.800833333333333,0.0,1.037,12,0.75,2.5500000000000003
Scott Smith,18,11,0,0.12027582548733588,1.9,0.27,5.87,0.5,0.12,0.06,0.58,0.5,Light Heavyweight,45.0,0.4615384615384617,0.41379310344827575,0.9956073904740733,,0.0,-0.27649999999999997,0.0,0.687,29,0.6206896551724138,5.924137931034483
Motonobu Tezuka,28,12,7,0.045086858506829315,0.87,0.23,2.8,0.51,1.5,0.11,0.0,0.5,Featherweight,37.0,0.4423076923076923,0.24137931034482762,0.7287738611593493,4379.0,0.0,-0.07999999999999996,0.0,2.0164999999999997,47,0.5957446808510638,9.519148936170213
Felipe Colares,10,4,0,0.06013791274366793,2.17,0.45,4.65,0.36,1.88,0.24,0.43,0.5,Featherweight,30.0,0.4230769230769229,0.2758620689655172,0.759076904786108,998.0,16.666666666666664,4.155666666666666,0.0,2.4589999999999996,14,0.7142857142857143,2.942857142857143
Pedro Munhoz,20,8,0,0.045086858506829315,5.45,0.43,6.14,0.56,0.47,0.19,0.82,0.5,Featherweight,38.0,0.26923076923076916,0.20689655172413768,0.5212141794617362,102.0,15.0,4.3615,0.15,1.1179999999999999,28,0.7142857142857143,5.742857142857144
Esteban Ribovics,12,1,0,0.07518896698050656,6.16,0.52,3.4,0.52,0.95,0.66,0.6,0.5,Welterweight,28.0,0.4230769230769229,0.34482758620689663,0.8430934762643261,151.0,25.0,7.462000000000001,0.0,1.609,13,0.9230769230769231,2.7846153846153845
Phil Baroni,15,18,0,0.09773239623392123,2.77,0.45,3.93,0.4,1.46,0.47,0.6,0.5,Middleweight,48.0,0.5384615384615383,0.3103448275862067,0.9465387622816662,5156.0,100.0,25.253,0.0,2.0905,33,0.45454545454545453,6.690909090909091
Justin Scoggins,11,5,0,0.030068956371833978,3.56,0.51,2.16,0.55,3.42,0.63,0.82,0.5,Flyweight,32.0,0.3076923076923075,0.24137931034482762,0.579140574408969,2405.0,11.11111111111111,3.528277777777778,0.2222222222222222,4.152055555555555,16,0.6875,3.3375000000000004
Cory McKenna,8,2,0,0.01501790213499534,3.01,0.4,3.22,0.48,2.04,0.56,0.71,0.5,Strawweight,25.0,0.0,0.10344827586206903,0.11846617799706437,123.0,0.0,0.4215,0.3333333333333333,2.7783333333333338,10,0.8,2.16
Clay Collard,14,7,0,0.06013791274366793,4.22,0.32,5.0,0.5,2.81,0.39,0.71,0.5,Featherweight,31.0,0.5769230769230766,0.3793103448275862,1.0163713344943308,3448.0,25.0,6.694,0.0,3.4395000000000002,21,0.6666666666666666,4.333333333333334
Jorge Gurgel,14,10,0,0.07518896698050656,3.37,0.32,3.62,0.62,0.81,0.23,0.6,0.5,Welterweight,48.0,0.4230769230769229,0.24137931034482762,0.7396452004022571,,0.0,0.4565,0.0,1.4045,24,0.5833333333333334,4.916666666666667
Marcos Rogerio de Lima,21,10,1,0.2225500596737833,3.61,0.56,2.96,0.51,1.34,0.47,0.59,0.5,Heavyweight,39.0,0.6538461538461537,0.4482758620689653,1.3246720755889023,361.0,35.294117647058826,9.470529411764705,0.35294117647058826,2.057735294117647,32,0.65625,6.53125
Molly McCann,13,6,0,0.030068956371833978,5.68,0.49,4.9,0.63,1.65,0.35,0.43,0.5,Flyweight,34.0,0.15384615384615374,0.1379310344827586,0.32184614470074635,200.0,15.384615384615385,4.723653846153846,0.3076923076923077,2.322423076923077,19,0.6842105263157895,3.936842105263158
BJ Penn,16,14,2,0.07518896698050656,2.76,0.48,3.2,0.56,1.19,0.55,0.74,0.5,Welterweight,46.0,0.4615384615384617,0.3103448275862067,0.8470722561051749,2104.0,30.0,7.889999999999999,0.1,1.8715,32,0.5,6.5
Danny Downes,8,3,0,0.07518896698050656,1.66,0.34,3.53,0.37,0.0,0.0,0.37,0.5,Welterweight,38.0,0.5384615384615383,0.41379310344827575,1.0274436088903207,4855.0,0.0,0.009000000000000008,0.0,0.537,11,0.7272727272727273,2.3454545454545457
Paul Taylor,11,6,1,0.07518896698050656,4.44,0.47,4.47,0.55,0.27,0.25,0.56,0.5,Welterweight,45.0,0.5384615384615383,0.41379310344827575,1.0274436088903207,5121.0,50.0,13.116,0.0,0.8634999999999999,18,0.6111111111111112,3.7222222222222223
Gadzhi Omargadzhiev,13,2,0,0.09773239623392123,1.8,0.39,2.2,0.39,1.35,0.3,0.6,0.5,Middleweight,31.0,0.5,0.4482758620689653,1.0460082583028867,844.0,0.0,0.2565,0.0,1.955,15,0.8666666666666667,3.1733333333333333
Brandon Moreno,21,7,2,0.030068956371833978,3.8,0.43,3.4,0.56,1.73,0.45,0.64,0.5,Flyweight,31.0,0.4615384615384617,0.24137931034482762,0.7329867282551232,102.0,6.666666666666667,2.2766666666666673,0.2,2.4114999999999998,30,0.7,6.14
Vince Cachero,7,4,0,0.06013791274366793,3.29,0.45,6.51,0.43,0.0,0.0,0.18,0.5,Featherweight,35.0,0.3846153846153846,0.20689655172413768,0.6516498490831901,1446.0,0.0,0.000500000000000056,0.0,0.518,11,0.6363636363636364,2.3272727272727276
Dongi Yang,13,3,0,0.12027582548733588,3.55,0.51,3.21,0.63,1.7,0.41,0.61,0.5,Light Heavyweight,40.0,0.5769230769230766,0.34482758620689663,1.0420264886173092,3364.0,40.0,10.6025,0.0,2.3225,16,0.8125,3.3625000000000003
Hitomi Akano,18,10,0,0.045086858506829315,0.59,0.45,2.58,0.55,0.0,0.0,0.08,0.5,Featherweight,50.0,0.4423076923076923,0.1379310344827586,0.6253255852972802,,0.0,-0.067,0.0,0.508,28,0.6428571428571429,5.7285714285714295
Megan Anderson,11,5,0,0.06013791274366793,1.76,0.46,3.35,0.37,0.52,0.25,0.53,0.5,Featherweight,35.0,0.5384615384615383,0.41379310344827575,1.012392554653482,1439.0,33.33333333333333,8.418333333333333,0.3333333333333333,1.1938333333333333,16,0.6875,3.3375000000000004
Jacob Malkoun,7,3,0,0.12027582548733588,3.89,0.56,2.49,0.5,7.2,0.44,0.0,0.5,Light Heavyweight,29.0,0.5769230769230766,0.3103448275862067,1.0075437299966192,319.0,14.285714285714285,4.357428571428571,0.0,7.766,10,0.7,2.14
Hacran Dias,23,6,1,0.07518896698050656,2.08,0.41,3.31,0.55,2.5,0.39,0.76,0.5,Welterweight,40.0,0.4230769230769229,0.2758620689655172,0.7741279590229466,2664.0,0.0,0.188,0.0,3.1345,30,0.7666666666666667,6.153333333333333
Shungo Oyama,14,19,0,0.12027582548733588,0.64,0.25,1.96,0.57,1.07,0.57,0.62,0.5,Light Heavyweight,50.0,0.6674641148325355,0.3793103448275862,1.1670502851474576,,0.0,0.0015000000000000013,0.0,1.7175,33,0.42424242424242425,6.6848484848484855
Jarno Errens,13,5,1,0.06013791274366793,1.67,0.38,2.93,0.52,0.0,0.0,0.33,0.5,Featherweight,30.0,0.5769230769230766,0.3793103448275862,1.0163713344943308,186.0,0.0,0.132,0.25,0.5955,19,0.6842105263157895,3.936842105263158
Brock Lesnar,5,3,0,0.24058480307651503,3.53,0.72,2.11,0.5,3.9,0.55,0.6,0.5,Heavyweight,47.0,0.8846153846153846,0.5172413793103448,1.6424415670022443,4793.0,66.66666666666666,17.451666666666664,0.3333333333333333,4.625833333333333,8,0.625,1.725
Michael Trizano,11,3,0,0.06013791274366793,3.63,0.53,4.4,0.5,0.36,0.66,0.72,0.5,Featherweight,33.0,0.5,0.3793103448275862,0.9394482575712542,823.0,28.57142857142857,7.571357142857142,0.14285714285714285,1.0667142857142857,14,0.7857142857142857,2.9571428571428573
Emily Whitmire,4,5,0,0.030068956371833978,2.5,0.31,2.98,0.54,1.9,0.66,0.7,0.5,Flyweight,33.0,0.1923076923076925,0.17241379310344812,0.3947904417829746,1243.0,0.0,0.321,0.6666666666666666,2.7356666666666665,9,0.4444444444444444,1.8888888888888888
Antonio Braga Neto,9,3,0,0.12027582548733588,1.36,0.33,3.92,0.45,3.07,0.37,0.0,0.5,Light Heavyweight,37.0,0.7307692307692308,0.5172413793103448,1.3682864355669113,2622.0,33.33333333333333,8.218833333333333,0.3333333333333333,3.708833333333333,12,0.75,2.5500000000000003
Zarrukh Adashev,4,4,0,0.030068956371833978,3.65,0.4,3.04,0.64,0.0,0.0,1.0,0.5,Flyweight,32.0,0.26923076923076916,0.17241379310344812,0.47171351870605127,984.0,50.0,13.1325,0.0,0.6,8,0.5,1.7000000000000002
Sammy Morgan,18,12,0,0.09773239623392123,1.05,0.22,3.74,0.4,1.43,0.2,0.0,0.5,Middleweight,43.0,0.5968489341983318,0.34482758620689663,1.0394089166391498,,0.0,-0.19450000000000006,0.0,1.96,30,0.6,6.12
Bernardo Magalhaes,13,4,0,0.07518896698050656,1.8,0.27,3.37,0.68,0.0,0.0,0.0,0.5,Welterweight,43.0,0.5218723584108196,0.3103448275862067,0.9074061529775328,4632.0,0.0,0.10050000000000003,0.0,0.5,17,0.7647058823529411,3.5529411764705885
Caol Uno,33,19,5,0.07518896698050656,1.91,0.49,1.9,0.5,1.95,0.31,0.37,0.5,Welterweight,49.0,0.4615384615384617,0.24137931034482762,0.7781067388637959,5432.0,100.0,25.3655,0.0,2.5335,57,0.5789473684210527,11.515789473684212
Matthew Riddle,8,3,0,0.09773239623392123,3.01,0.42,2.74,0.54,3.51,0.5,0.89,0.5,Middleweight,39.0,0.6923076923076921,0.4482758620689653,1.2383159506105788,4470.0,16.666666666666664,4.673166666666665,0.0,4.1739999999999995,11,0.7272727272727273,2.3454545454545457
Shuya Kamikubo,13,2,1,0.045086858506829315,3.83,0.54,4.9,0.47,1.5,0.15,0.0,0.5,Featherweight,31.0,0.3846153846153846,0.17241379310344812,0.602116036225662,,0.0,0.40100000000000013,0.0,2.0225,16,0.8125,3.3625000000000003
Charles Jourdain,15,6,1,0.06013791274366793,5.71,0.49,4.21,0.58,0.1,0.16,0.47,0.5,Featherweight,29.0,0.4230769230769229,0.3103448275862067,0.7935596634067975,102.0,14.285714285714285,4.552428571428571,0.2857142857142857,0.7424285714285714,22,0.6818181818181818,4.536363636363637
Leonard Garcia,18,13,1,0.06013791274366793,2.77,0.24,4.79,0.52,0.3,0.26,0.42,0.5,Featherweight,45.0,0.3846153846153846,0.34482758620689663,0.7895808835659491,4309.0,0.0,0.09999999999999998,0.16666666666666666,0.9226666666666666,32,0.5625,6.5125
Igor Vovchanchyn,55,10,0,0.15037793396101312,1.59,0.49,0.97,0.63,1.19,0.66,0.5,0.5,Light Heavyweight,51.0,0.6674641148325355,0.2758620689655172,1.0937041177590658,,0.0,0.4445000000000001,0.0,1.839,65,0.8461538461538461,13.169230769230769
Gabriel Silva,8,2,0,0.045086858506829315,1.3,0.34,3.47,0.45,1.5,0.25,0.38,0.5,Featherweight,30.0,0.5,0.20689655172413768,0.751983410230967,1810.0,0.0,-0.05999999999999994,0.0,2.0755,10,0.8,2.16
SangHoon Yoo,8,2,0,0.09773239623392123,4.83,0.65,6.11,0.4,0.53,1.0,0.69,0.5,Middleweight,35.0,0.6153846153846154,0.41379310344827575,1.1269101150668124,,0.0,0.481,0.0,1.249,10,0.8,2.16
Kevin Croom,21,15,0,0.045086858506829315,2.65,0.34,3.1,0.41,0.48,0.05,0.3,0.5,Featherweight,37.0,0.5769230769230766,0.3793103448275862,1.001320280257492,1033.0,25.0,6.577,0.0,1.0175,36,0.5833333333333334,7.316666666666666
Matt Grice,15,5,0,0.06013791274366793,4.09,0.53,2.69,0.56,2.19,0.37,0.82,0.5,Featherweight,43.0,0.4615384615384617,0.2758620689655172,0.7975384432476468,4372.0,33.33333333333333,9.142333333333333,0.0,2.8274999999999997,20,0.75,4.15
Caio Borralho,15,1,0,0.12027582548733588,2.73,0.58,1.98,0.6,2.16,0.63,0.57,0.5,Light Heavyweight,32.0,0.6538461538461537,0.34482758620689663,1.1189495655403863,172.0,14.285714285714285,4.162928571428571,0.14285714285714285,2.8472142857142857,16,0.9375,3.3875
Karl Roberson,9,6,0,0.15037793396101312,2.57,0.51,2.42,0.57,0.72,0.4,0.42,0.5,Light Heavyweight,34.0,0.6153846153846154,0.4482758620689653,1.214038411414594,949.0,20.0,5.4670000000000005,0.5,1.447,15,0.6,3.12
Spike Carlyle,9,3,0,0.06013791274366793,2.55,0.54,3.85,0.3,3.34,0.36,0.57,0.5,Featherweight,31.0,0.5,0.2758620689655172,0.8359999817091851,1537.0,33.33333333333333,8.546333333333331,0.0,3.9509999999999996,12,0.75,2.5500000000000003
Tom Niinimaki,22,8,1,0.06013791274366793,1.91,0.54,2.31,0.58,2.97,0.46,0.33,0.5,Featherweight,42.0,0.4230769230769229,0.3103448275862067,0.7935596634067975,3707.0,0.0,0.326,0.75,3.7595,31,0.7096774193548387,6.341935483870968
Nick Pace,8,3,0,0.045086858506829315,1.48,0.34,3.14,0.57,2.52,0.43,0.54,0.5,Featherweight,37.0,0.3846153846153846,0.24137931034482762,0.6710815534670416,4834.0,0.0,0.05249999999999999,0.3333333333333333,3.2218333333333335,11,0.7272727272727273,2.3454545454545457
John Salter,14,3,0,0.12027582548733588,1.68,0.32,1.68,0.68,2.85,0.46,0.66,0.5,Light Heavyweight,39.0,0.6153846153846154,0.4482758620689653,1.1839363029409165,5282.0,0.0,0.33399999999999996,0.5,3.61,17,0.8235294117647058,3.5647058823529414
Rafael Rebello,9,4,0,0.045086858506829315,2.19,0.32,3.29,0.58,2.82,0.33,0.75,0.5,Featherweight,44.0,0.34615384615384626,0.17241379310344812,0.5636544977641237,,0.0,0.2049999999999999,0.0,3.4445,13,0.6923076923076923,2.7384615384615385
Chris Camozzi,24,13,0,0.12027582548733588,3.57,0.44,2.96,0.56,0.27,0.19,0.57,0.5,Light Heavyweight,38.0,0.6538461538461537,0.48275862068965525,1.2568806000231447,2817.0,5.263157894736842,1.9362894736842104,0.2631578947368421,0.9212894736842104,37,0.6486486486486487,7.5297297297297305
Bart Palaszewski,36,17,0,0.06013791274366793,2.67,0.32,3.97,0.57,0.65,0.31,0.53,0.5,Featherweight,41.0,0.4615384615384617,0.3103448275862067,0.8320212018683363,4323.0,25.0,6.4715,0.25,1.312,53,0.6792452830188679,10.735849056603776
Sean Woodson,10,1,1,0.06013791274366793,5.41,0.46,4.0,0.57,0.71,0.8,0.83,0.5,Featherweight,32.0,0.7692307692307692,0.48275862068965525,1.3121273026640923,277.0,14.285714285714285,4.501428571428572,0.14285714285714285,1.4487142857142856,12,0.8333333333333334,2.566666666666667
Nobuhiro Obiya,12,5,1,0.06013791274366793,0.63,0.28,2.53,0.55,0.5,0.5,0.41,0.5,Featherweight,44.0,0.4423076923076923,0.2758620689655172,0.7783076740168774,,0.0,-0.08349999999999991,0.0,1.116,18,0.6666666666666666,3.7333333333333334
Ciryl Gane,12,2,0,0.21051584670468107,5.49,0.6,2.19,0.63,0.58,0.21,0.5,0.5,Heavyweight,34.0,0.8846153846153846,0.5517241379310344,1.6468553692510999,67.0,25.0,7.5085,0.08333333333333333,1.1823333333333332,14,0.8571428571428571,2.9714285714285715
Miranda Maverick,14,5,0,0.030068956371833978,3.71,0.46,2.62,0.59,2.41,0.48,0.42,0.5,Flyweight,27.0,0.26923076923076916,0.10344827586206903,0.40274800146467216,207.0,0.0,0.7150000000000001,0.18181818181818182,3.0694545454545454,19,0.7368421052631579,3.947368421052632
Lucas Martins,19,3,0,0.06013791274366793,2.87,0.35,4.14,0.6,0.0,0.0,0.76,0.5,Featherweight,36.0,0.5384615384615383,0.41379310344827575,1.012392554653482,3230.0,57.14285714285714,14.542214285714284,0.0,0.5760000000000001,22,0.8636363636363636,4.572727272727273
Renan Barao,34,9,0,0.06013791274366793,3.78,0.36,3.9,0.57,1.49,0.41,0.91,0.5,Featherweight,38.0,0.4615384615384617,0.20689655172413768,0.7285729260062672,1915.0,29.411764705882355,7.870441176470588,0.17647058823529413,2.1866176470588234,43,0.7906976744186046,8.758139534883721
Hernani Perpetuo,18,5,0,0.09773239623392123,2.73,0.29,4.37,0.55,0.0,0.0,0.37,0.5,Middleweight,39.0,0.5968489341983318,0.41379310344827575,1.1083744338805288,3854.0,0.0,0.16749999999999998,0.0,0.537,23,0.782608695652174,4.756521739130435
James Zikic,21,10,2,0.15037793396101312,1.47,0.35,1.6,0.44,0.5,0.25,0.74,0.5,Light Heavyweight,47.0,0.6674641148325355,0.48275862068965525,1.300600669483204,,0.0,0.26350000000000007,0.0,1.1115,33,0.6363636363636364,6.7272727272727275
Mario Sousa,15,3,0,0.12027582548733588,2.82,0.5,2.99,0.28,0.52,0.25,0.37,0.5,Light Heavyweight,28.0,0.8076923076923075,0.5172413793103448,1.445209512489988,,0.0,0.39849999999999997,0.0,1.0945,18,0.8333333333333334,3.7666666666666666
Yuki Kondo,60,33,9,0.1172921363214428,1.14,0.42,2.57,0.51,0.76,0.41,0.37,0.5,Middleweight,49.0,0.5968489341983318,0.3793103448275862,1.093451415347361,,0.0,0.06000000000000005,0.0,1.3585,102,0.5882352941176471,20.51764705882353
Jacob Kilburn,8,4,0,0.06013791274366793,2.56,0.33,6.78,0.35,0.51,0.05,0.2,0.5,Featherweight,29.0,0.5384615384615383,0.3103448275862067,0.9089442787914129,1488.0,0.0,-0.25849999999999995,0.5,1.1625,12,0.6666666666666666,2.5333333333333337
Talita Bernardo,6,4,0,0.045086858506829315,3.12,0.42,4.04,0.55,1.62,0.22,0.28,0.5,Featherweight,37.0,0.3846153846153846,0.1379310344827586,0.5676332776049725,2104.0,50.0,12.8405,0.0,2.181,10,0.6,2.12
Yoshihiro Nakao,9,3,0,0.1729213632144278,1.73,0.35,2.06,0.64,2.69,0.46,0.0,0.5,Heavyweight,52.0,0.7320261437908496,0.41379310344827575,1.318740610453553,,0.0,0.2894999999999999,0.0,3.259,12,0.75,2.5500000000000003
Maria Silva,8,1,0,0.01501790213499534,3.0,0.57,1.13,0.62,2.0,1.0,0.55,0.5,Strawweight,29.0,0.23076923076923084,0.10344827586206903,0.3492354087662952,,0.0,0.7875,0.0,2.705,9,0.8888888888888888,1.9777777777777779
Nick Catone,10,4,0,0.12027582548733588,2.11,0.44,2.32,0.63,3.71,0.44,0.83,0.5,Light Heavyweight,43.0,0.5384615384615383,0.41379310344827575,1.0725304673971499,4029.0,0.0,0.362,0.25,4.4215,14,0.7142857142857143,2.942857142857143
Julio Paulino,23,5,0,0.09773239623392123,0.97,0.27,1.87,0.48,0.0,0.0,0.37,0.5,Middleweight,49.0,0.5968489341983318,0.41379310344827575,1.1083744338805288,5254.0,0.0,0.08799999999999997,0.0,0.537,28,0.8214285714285714,5.764285714285715
Roger Huerta,23,9,1,0.07518896698050656,3.64,0.36,2.33,0.56,2.13,0.46,0.52,0.5,Welterweight,41.0,0.4615384615384617,0.3103448275862067,0.8470722561051749,,0.0,0.7165000000000001,0.0,2.751,33,0.696969696969697,6.73939393939394
Saad Awad,20,9,0,0.07518896698050656,2.13,0.26,1.87,0.6,0.5,0.16,1.0,0.5,Welterweight,38.13361169102296,0.5218723584108196,0.3793103448275862,0.9763716702189124,,0.0,0.39399999999999996,0.0,1.124,29,0.6896551724137931,5.93793103448276
Yushin Okami,34,12,0,0.09773239623392123,2.06,0.38,2.25,0.6,1.98,0.39,0.84,0.5,Middleweight,43.0,0.6538461538461537,0.48275862068965525,1.2343371707697304,2265.0,33.33333333333333,8.676833333333331,0.08333333333333333,2.6433333333333335,46,0.7391304347826086,9.347826086956523
Natan Levy,8,1,0,0.07518896698050656,4.01,0.51,3.52,0.58,5.37,0.57,0.41,0.5,Welterweight,33.0,0.5,0.3103448275862067,0.8855337945667132,333.0,0.0,0.6635,0.25,6.059,9,0.8888888888888888,1.9777777777777779
Humberto Bandenay,14,7,0,0.06013791274366793,2.22,0.41,4.79,0.41,2.9,0.46,0.62,0.5,Featherweight,30.0,0.5,0.3793103448275862,0.9394482575712542,2013.0,25.0,6.23,0.25,3.5934999999999997,21,0.6666666666666666,4.333333333333334
Peter Sobotta,17,7,1,0.09773239623392123,2.14,0.4,2.9,0.58,1.53,0.32,0.77,0.5,Middleweight,38.0,0.6538461538461537,0.41379310344827575,1.1653716535283507,1663.0,33.33333333333333,8.600333333333332,0.1111111111111111,2.182777777777778,25,0.68,5.136
Louis Cosce,7,2,0,0.09773239623392123,4.31,0.45,5.35,0.47,1.04,0.2,0.5,0.5,Middleweight,29.0,0.5,0.3103448275862067,0.9080772238201279,879.0,0.0,0.4355000000000001,0.0,1.62,9,0.7777777777777778,1.9555555555555557
Marcelo Golm,6,3,0,0.2165163771383106,4.27,0.58,4.3,0.45,0.45,0.5,0.87,0.5,Heavyweight,32.0,0.6538461538461537,0.5172413793103448,1.3876039102948092,2125.0,25.0,6.856,0.25,1.1745,9,0.6666666666666666,1.9333333333333333
Francisco Trinaldo,28,9,0,0.09773239623392123,3.13,0.45,2.67,0.6,0.98,0.42,0.6,0.5,Middleweight,46.0,0.4615384615384617,0.3103448275862067,0.8696156853585896,865.0,15.384615384615385,4.408153846153846,0.15384615384615385,1.6414615384615385,37,0.7567567567567568,7.551351351351352
Emmanuel Sanchez,15,3,0,0.06013791274366793,4.45,0.35,4.17,0.55,0.25,0.06,0.16,0.5,Featherweight,35.8830242510699,0.5,0.3103448275862067,0.8704827403298746,,0.0,0.6395000000000002,0.0,0.775,18,0.8333333333333334,3.7666666666666666
Tae Hyun Bang,18,10,0,0.07518896698050656,2.72,0.38,2.07,0.66,0.49,0.33,0.57,0.5,Welterweight,41.0,0.5,0.3103448275862067,0.8855337945667132,3084.0,20.0,5.5445,0.2,1.1465,28,0.6428571428571429,5.7285714285714295
Hector Lombard,34,10,1,0.12027582548733588,3.02,0.46,3.35,0.53,1.69,0.48,0.77,0.5,Light Heavyweight,47.0,0.5,0.3103448275862067,0.9306206530735426,2335.0,45.45454545454545,11.787636363636365,0.0,2.339,45,0.7555555555555555,9.151111111111112
Charlie Valencia,12,7,0,0.045086858506829315,2.58,0.37,2.61,0.77,1.4,0.53,0.75,0.5,Featherweight,50.0,0.23076923076923084,0.10344827586206903,0.37930436513812915,5037.0,100.0,25.442999999999998,0.0,2.0545,19,0.631578947368421,3.9263157894736844
Demetrious Johnson,27,3,1,0.030068956371833978,3.43,0.54,1.66,0.67,3.35,0.56,0.65,0.5,Flyweight,38.0,0.3076923076923075,0.10344827586206903,0.4412095399262105,2384.0,11.76470588235294,3.7581764705882352,0.29411764705882354,4.072529411764706,31,0.8709677419354839,6.374193548387097
Jon Jones,27,1,0,0.21502453255536397,4.29,0.57,2.22,0.64,1.93,0.45,0.95,0.5,Heavyweight,37.0,1.0,0.5517241379310344,1.7667486704863984,88.0,31.57894736842105,8.844236842105262,0.21052631578947367,2.645131578947369,28,0.9642857142857143,5.792857142857144
Fernando Bruno,15,4,0,0.06013791274366793,1.75,0.39,1.78,0.48,2.02,0.22,0.56,0.5,Featherweight,35.8830242510699,0.4423076923076923,0.20689655172413768,0.7093421567754978,3141.0,0.0,0.3205,0.0,2.609,19,0.7894736842105263,3.9578947368421056
Marvin Vettori,19,7,1,0.12027582548733588,4.56,0.45,4.24,0.56,1.66,0.45,0.69,0.5,Light Heavyweight,31.0,0.6153846153846154,0.41379310344827575,1.149453544320227,606.0,0.0,0.678,0.14285714285714285,2.3322142857142856,27,0.7037037037037037,5.540740740740741
Aaron Simpson,12,5,0,0.09773239623392123,3.6,0.52,2.53,0.56,3.78,0.34,0.83,0.5,Middleweight,50.0,0.5769230769230766,0.41379310344827575,1.0884485766052736,4513.0,25.0,6.9585,0.0,4.414,17,0.7058823529411765,3.5411764705882356
Alex Nicholson,7,4,0,0.12027582548733588,4.12,0.43,4.65,0.47,0.0,0.0,0.5,0.5,Light Heavyweight,34.0,0.7307692307692308,0.5517241379310344,1.402769194187601,2817.0,50.0,12.989,0.25,0.6125,11,0.6363636363636364,2.3272727272727276
Ovince Saint Preux,26,17,0,0.15037793396101312,2.71,0.47,3.14,0.46,1.15,0.38,0.66,0.5,Light Heavyweight,41.0,0.8461538461538458,0.5172413793103448,1.5137731594252037,130.0,25.0,6.6195,0.32142857142857145,1.8533571428571427,43,0.6046511627906976,8.720930232558139
Jessica Eye,15,11,0,0.030068956371833978,3.86,0.37,4.19,0.55,0.58,0.4,0.57,0.5,Flyweight,38.0,0.3076923076923075,0.20689655172413768,0.5446578157882791,956.0,6.666666666666667,2.1596666666666664,0.0,1.1969999999999998,26,0.5769230769230769,5.315384615384615
Sean O'Connell,17,9,0,0.15037793396101312,5.46,0.48,6.77,0.45,0.0,0.0,0.3,0.5,Light Heavyweight,41.0,0.6153846153846154,0.4482758620689653,1.214038411414594,2987.0,71.42857142857143,18.37014285714286,0.0,0.53,26,0.6538461538461539,5.330769230769231
Tetsuji Kato,20,10,0,0.07518896698050656,1.2,0.29,2.1,0.7,2.0,0.57,0.8,0.5,Welterweight,38.13361169102296,0.5218723584108196,0.3329867729451857,0.9300480983365118,,0.0,0.14799999999999996,0.0,2.6655,30,0.6666666666666666,6.133333333333334
Nina Nunes,11,7,0,0.030068956371833978,4.39,0.45,3.47,0.55,0.24,0.33,0.73,0.5,Flyweight,39.0,0.23076923076923084,0.17241379310344812,0.43325198024451295,914.0,0.0,0.7495,0.0,0.8625,18,0.6111111111111112,3.7222222222222223
Bojan Velickovic,15,6,1,0.09773239623392123,2.18,0.34,2.31,0.57,0.67,0.25,0.55,0.5,Middleweight,36.0,0.6923076923076921,0.41379310344827575,1.203833191989889,2643.0,0.0,0.35200000000000004,0.0,1.2625000000000002,22,0.6818181818181818,4.536363636363637
Jesse Ronson,21,12,0,0.07518896698050656,3.54,0.47,3.39,0.57,0.46,0.28,0.57,0.5,Welterweight,39.0,0.4615384615384617,0.34482758620689663,0.8815550147258648,865.0,16.666666666666664,4.722666666666666,0.3333333333333333,1.1423333333333332,33,0.6363636363636364,6.7272727272727275
James Irvin,17,10,0,0.15037793396101312,2.03,0.48,3.86,0.35,0.0,0.0,0.36,0.5,Light Heavyweight,46.0,0.6538461538461537,0.48275862068965525,1.2869827084968222,5309.0,0.0,0.07699999999999996,0.5,0.661,27,0.6296296296296297,5.525925925925926
Ronys Torres,35,5,0,0.07518896698050656,0.87,0.26,1.93,0.57,4.0,0.47,0.16,0.5,Welterweight,49.0,0.5218723584108196,0.24137931034482762,0.8384406357361538,5432.0,0.0,0.0655,0.0,4.5865,40,0.875,8.175
Justin Jones,9,2,0,0.12027582548733588,1.7,0.36,3.17,0.45,1.0,0.15,0.46,0.5,Light Heavyweight,37.0,0.6674641148325355,0.3793103448275862,1.1670502851474576,3602.0,0.0,0.08900000000000002,0.0,1.5685,11,0.8181818181818182,2.3636363636363638
Wallid Ismail,9,3,0,0.15037793396101312,0.92,0.31,0.83,0.44,1.85,0.28,0.0,0.5,Light Heavyweight,56.0,0.6674641148325355,0.24137931034482762,1.0592213591383763,,0.0,0.23350000000000004,0.0,2.3920000000000003,12,0.75,2.5500000000000003
Danyelle Wolf,1,1,0,0.06013791274366793,2.37,0.25,4.57,0.47,0.0,0.0,0.77,0.5,Featherweight,41.0,0.4615384615384617,0.3793103448275862,0.9009867191097158,886.0,0.0,0.02750000000000008,0.0,0.577,2,0.5,0.5
Mick Parkin,8,0,0,0.24058480307651503,4.41,0.52,4.01,0.55,2.35,0.41,0.5,0.5,Heavyweight,29.0,0.8076923076923075,0.5517241379310344,1.600001248699857,200.0,25.0,6.9375,0.0,2.9615,8,1.0,1.8
Kron Gracie,5,2,0,0.06013791274366793,3.74,0.44,6.82,0.53,0.47,0.25,0.0,0.5,Featherweight,36.0,0.4615384615384617,0.3103448275862067,0.8320212018683363,67.0,25.0,6.3295,0.25,1.0699999999999998,7,0.7142857142857143,1.542857142857143
Reza Madadi,14,6,0,0.07518896698050656,2.51,0.46,3.31,0.66,3.17,0.33,0.89,0.5,Welterweight,46.0,0.5769230769230766,0.3793103448275862,1.0314223887311695,2817.0,14.285714285714285,3.8934285714285712,0.2857142857142857,3.8799285714285716,20,0.7,4.14
Tony Fryklund,14,9,1,0.12027582548733588,3.49,0.39,6.5,0.43,0.0,0.0,0.66,0.5,Light Heavyweight,53.0,0.6674641148325355,0.41379310344827575,1.2015330437681473,,0.0,0.04000000000000015,0.0,0.5660000000000001,24,0.5833333333333334,4.916666666666667
Kevin Holland,25,10,0,0.09773239623392123,4.39,0.49,3.22,0.51,0.78,0.38,0.53,0.5,Middleweight,32.0,0.8846153846153846,0.5172413793103448,1.4995891601596507,130.0,13.636363636363635,4.198090909090909,0.2727272727272727,1.4581818181818182,35,0.7142857142857143,7.142857142857143
Nathaniel Wood,20,6,0,0.06013791274366793,5.91,0.5,4.22,0.56,1.74,0.48,0.7,0.5,Featherweight,31.0,0.4230769230769229,0.20689655172413768,0.6901113875447284,200.0,9.090909090909092,3.301227272727273,0.2727272727272727,2.4501818181818185,26,0.7692307692307693,5.353846153846154
Gloria de Paula,6,5,0,0.01501790213499534,4.89,0.53,3.77,0.66,0.74,0.37,0.65,0.5,Strawweight,29.0,0.34615384615384626,0.17241379310344812,0.5335855413922898,970.0,25.0,7.112,0.0,1.3605,11,0.5454545454545454,2.309090909090909
Dan Cramer,11,4,0,0.09773239623392123,0.97,0.3,2.1,0.31,0.0,0.0,0.66,0.5,Middleweight,39.0,0.5968489341983318,0.48275862068965525,1.1773399511219083,,0.0,0.033999999999999975,0.0,0.5660000000000001,15,0.7333333333333333,3.1466666666666665
Akihiro Gono,35,21,8,0.09773239623392123,2.18,0.48,2.67,0.63,1.01,0.84,0.46,0.5,Middleweight,50.0,0.3846153846153846,0.24137931034482762,0.7237270911941334,,0.0,0.3350000000000001,0.0,1.6820000000000002,64,0.546875,12.909375
Rafael Natal,21,9,1,0.12027582548733588,3.1,0.47,2.48,0.57,2.55,0.34,0.77,0.5,Light Heavyweight,42.0,0.7307692307692308,0.41379310344827575,1.2648381597048424,2762.0,31.25,8.395,0.0625,3.193625,31,0.6774193548387096,6.335483870967742
Tyler Stinson,30,10,0,0.09773239623392123,2.8,0.23,4.6,0.56,0.5,1.0,0.0,0.5,Middleweight,39.515151515151516,0.5968489341983318,0.5172413793103448,1.2118227097425978,,0.0,0.14,0.0,1.15,40,0.75,8.15
Cezar Ferreira,13,8,0,0.12027582548733588,1.9,0.42,2.44,0.53,2.69,0.53,0.84,0.5,Light Heavyweight,39.0,0.7692307692307692,0.4482758620689653,1.3377824567870702,2041.0,20.0,5.2725,0.2,3.4034999999999997,21,0.6190476190476191,4.323809523809524
Hiroshi Izumi,4,2,0,0.15037793396101312,1.95,0.37,2.65,0.66,3.35,0.7,1.0,0.5,Light Heavyweight,42.0,0.6674641148325355,0.43297262375837825,1.250814672551927,,0.0,0.263,0.0,4.055,6,0.6666666666666666,1.3333333333333335
Marcos Vinicius,23,11,1,0.030068956371833978,1.93,0.49,2.91,0.47,0.0,0.0,0.25,0.5,Flyweight,45.0,0.34781884781884764,0.3103448275862067,0.6882326317768883,4179.0,100.0,25.2145,0.0,0.525,35,0.6571428571428571,7.131428571428572
Patrick Williams,8,6,0,0.045086858506829315,4.12,0.51,4.12,0.52,2.71,0.41,1.0,0.5,Featherweight,43.0,0.5769230769230766,0.2758620689655172,0.8978720043954231,2496.0,50.0,13.092,0.25,3.434,14,0.5714285714285714,2.9142857142857146
Yohan Lainesse,9,2,0,0.09773239623392123,2.34,0.42,3.44,0.59,1.0,0.28,0.8,0.5,Middleweight,32.0,0.6923076923076921,0.4482758620689653,1.2383159506105788,389.0,25.0,6.4915,0.5,1.747,11,0.8181818181818182,2.3636363636363638
Rin Nakai,19,2,1,0.045086858506829315,1.57,0.33,3.9,0.6,3.0,0.18,0.75,0.5,Featherweight,38.0,0.4423076923076923,0.03448275862068955,0.5218773094352112,3252.0,0.0,-0.03649999999999998,0.0,3.6020000000000003,22,0.8636363636363636,4.572727272727273
Serghei Spivac,16,4,0,0.23305927595809578,3.54,0.49,3.79,0.49,4.56,0.64,0.7,0.5,Heavyweight,30.0,0.7692307692307692,0.5172413793103448,1.5195314244992097,186.0,41.66666666666667,10.904666666666667,0.25,5.2885,20,0.8,4.16
Cortney Casey,10,10,0,0.030068956371833978,4.29,0.39,4.0,0.55,0.39,0.31,0.39,0.5,Flyweight,37.0,0.34615384615384626,0.24137931034482762,0.6176021128705078,949.0,6.666666666666667,2.2996666666666665,0.2,1.0255,20,0.5,4.1
Sara McMann,13,6,0,0.045086858506829315,2.26,0.46,1.92,0.47,4.38,0.65,0.5,0.5,Featherweight,44.0,0.3076923076923075,0.20689655172413768,0.5596757179232745,1054.0,15.384615384615385,4.285653846153846,0.38461538461538464,5.123653846153846,19,0.6842105263157895,3.936842105263158
Hector Ramirez,10,6,1,0.15037793396101312,2.27,0.41,4.6,0.56,2.3,0.55,0.66,0.5,Light Heavyweight,48.0,0.6674641148325355,0.41379310344827575,1.2316351522418243,,0.0,0.04349999999999998,0.0,2.9484999999999997,17,0.5882352941176471,3.51764705882353
Ronny Markes,17,5,0,0.12027582548733588,2.17,0.53,2.43,0.45,3.13,0.4,1.0,0.5,Light Heavyweight,36.0,0.6538461538461537,0.4482758620689653,1.2223978414024548,3979.0,40.0,10.3515,0.0,3.79,22,0.7727272727272727,4.554545454545455
Jeff Joslin,5,3,0,0.09773239623392123,2.17,0.39,1.57,0.65,0.5,0.33,0.64,0.5,Middleweight,49.0,0.5968489341983318,0.41379310344827575,1.1083744338805288,,0.0,0.4825000000000001,0.0,1.1135,8,0.625,1.725
Stefan Sekulic,12,4,0,0.09773239623392123,1.83,0.5,2.83,0.64,2.0,0.33,0.25,0.5,Middleweight,33.0,0.6538461538461537,0.41379310344827575,1.1653716535283507,1390.0,0.0,0.22899999999999998,0.0,2.5745,16,0.75,3.35
Sedriques Dumas,9,1,0,0.12027582548733588,1.88,0.49,2.01,0.56,0.77,0.5,0.4,0.4,Light Heavyweight,29.0,0.8076923076923075,0.48275862068965525,1.4107267538692985,193.0,20.0,5.3505,0.2,1.3350000000000002,10,0.9,2.18
Josh Culibao,11,2,1,0.06013791274366793,2.68,0.42,3.29,0.56,0.0,0.0,0.72,0.4,Featherweight,30.0,0.5769230769230766,0.34482758620689663,0.9818885758736412,179.0,0.0,0.3445,0.16666666666666666,0.5136666666666667,14,0.7857142857142857,2.9571428571428573
Cathal Pendred,17,4,1,0.09773239623392123,2.49,0.44,3.01,0.55,2.46,0.23,0.83,0.4,Middleweight,37.0,0.6538461538461537,0.4482758620689653,1.1998544121490404,3399.0,16.666666666666664,4.508166666666666,0.16666666666666666,3.0191666666666666,22,0.7727272727272727,4.554545454545455
Anshul Jubli,7,1,0,0.07518896698050656,6.48,0.46,5.61,0.51,0.82,0.18,0.63,0.4,Welterweight,30.0,0.4230769230769229,0.41379310344827575,0.9120589935057052,480.0,100.0,25.947,0.0,1.31,8,0.875,1.7750000000000001
Tsuyoshi Kohsaka,27,19,2,0.1804468903328471,1.88,0.38,4.41,0.54,1.32,0.2,0.33,0.4,Heavyweight,54.0,0.7320261437908496,0.3793103448275862,1.291783378951283,,0.0,-0.034499999999999975,0.0,1.783,48,0.5625,9.712500000000002
Daijiro Matsui,13,29,7,0.14285240684259382,0.84,0.45,1.69,0.55,1.83,0.3,0.43,0.4,Light Heavyweight,52.0,0.6674641148325355,0.3103448275862067,1.120661349261336,,0.0,0.129,0.0,2.318,49,0.2653061224489796,9.853061224489796
Steve Garcia,14,5,0,0.07518896698050656,4.85,0.56,2.61,0.46,1.51,0.44,0.94,0.4,Welterweight,32.0,0.6538461538461537,0.41379310344827575,1.1428282242749361,158.0,87.5,22.877,0.0,2.0700000000000003,19,0.7368421052631579,3.947368421052632
Francisco Figueiredo,13,5,1,0.030068956371833978,2.04,0.61,2.59,0.61,2.51,0.75,0.76,0.4,Flyweight,35.0,0.3846153846153846,0.20689655172413768,0.6215808927113562,907.0,0.0,0.3350000000000001,0.5,3.2234999999999996,19,0.6842105263157895,3.936842105263158
Shane Burgos,15,3,0,0.06013791274366793,7.4,0.52,6.78,0.56,0.43,0.44,0.91,0.4,Featherweight,33.0,0.6538461538461537,0.3793103448275862,1.093294411417408,942.0,27.27272727272727,7.839181818181817,0.09090909090909091,1.0097272727272728,18,0.8333333333333334,3.7666666666666666
Jimi Manuwa,17,6,0,0.15037793396101312,3.43,0.54,3.97,0.49,0.53,0.18,0.7,0.4,Light Heavyweight,44.0,0.8076923076923075,0.4482758620689653,1.406346103722286,2083.0,58.333333333333336,15.026833333333334,0.0,1.0270000000000001,23,0.7391304347826086,4.747826086956522
Cody Durden,16,4,1,0.030068956371833978,3.13,0.49,2.94,0.52,5.41,0.5,0.8,0.4,Flyweight,33.0,0.34615384615384626,0.24137931034482762,0.6176021128705078,67.0,18.181818181818183,5.062954545454546,0.2727272727272727,6.033181818181819,21,0.7619047619047619,4.352380952380953
Estevan Payan,16,12,0,0.06013791274366793,4.25,0.42,3.58,0.57,0.36,1.0,0.6,0.4,Featherweight,42.0,0.4423076923076923,0.34482758620689663,0.8472731912582568,3952.0,66.66666666666666,17.361666666666665,0.0,0.9700000000000001,28,0.5714285714285714,5.714285714285714
Andrei Semenov,34,9,2,0.12027582548733588,0.78,0.15,2.44,0.6,1.74,0.8,0.55,0.4,Light Heavyweight,47.0,0.6674641148325355,0.41379310344827575,1.2015330437681473,,0.0,-0.05099999999999999,0.0,2.315,45,0.7555555555555555,9.151111111111112
Brendan Schaub,10,5,0,0.21051584670468107,2.92,0.37,2.22,0.57,2.32,0.46,0.72,0.4,Heavyweight,41.0,0.7692307692307692,0.5517241379310344,1.5314707538664845,3721.0,40.0,10.5565,0.1,2.8859999999999997,15,0.6666666666666666,3.1333333333333333
Iasmin Lucindo,15,5,0,0.01501790213499534,3.33,0.39,3.23,0.67,2.33,0.66,0.66,0.4,Strawweight,23.0,0.3076923076923075,0.10344827586206903,0.42615848568937187,130.0,0.0,0.5265000000000002,0.2,2.945,20,0.75,4.15
Mirsad Bektic,13,4,0,0.06013791274366793,2.43,0.41,1.8,0.57,3.98,0.52,0.92,0.4,Featherweight,33.0,0.4615384615384617,0.2758620689655172,0.7975384432476468,1607.0,40.0,10.505,0.1,4.575,17,0.7647058823529411,3.5529411764705885
Evangelista Santos,21,18,0,0.09773239623392123,3.94,0.36,6.01,0.49,0.78,1.0,0.5,0.4,Middleweight,47.0,0.6923076923076921,0.34482758620689663,1.1348676747485098,,0.0,0.22899999999999987,0.0,1.3800000000000001,39,0.5384615384615384,7.907692307692308
Christos Giagos,20,11,0,0.07518896698050656,2.98,0.42,2.95,0.51,2.93,0.37,0.52,0.4,Welterweight,35.0,0.5,0.34482758620689663,0.9200165531874032,312.0,21.428571428571427,5.820142857142857,0.35714285714285715,3.5267857142857144,31,0.6451612903225806,6.329032258064516
Sarah Alpar,9,6,0,0.045086858506829315,2.36,0.44,6.06,0.38,1.61,0.26,0.2,0.4,Featherweight,33.0,0.1923076923076925,0.1379310344827586,0.37532558529728044,1243.0,0.0,-0.17400000000000004,0.0,2.069,15,0.6,3.12
Hu Yaozong,3,3,0,0.12027582548733588,3.35,0.48,5.09,0.35,0.0,0.0,0.33,0.4,Light Heavyweight,29.0,0.5384615384615383,0.5172413793103448,1.1759787432592188,1201.0,0.0,0.22250000000000003,0.6666666666666666,0.5996666666666667,6,0.5,1.3000000000000003
Manel Kape,19,6,0,0.030068956371833978,5.12,0.54,4.51,0.59,0.65,0.37,0.77,0.4,Flyweight,31.0,0.3846153846153846,0.17241379310344812,0.5870981340906667,200.0,28.57142857142857,7.942857142857142,0.0,1.1825,25,0.76,5.152
Wagnney Fabiano,16,4,0,0.06013791274366793,1.19,0.38,0.66,0.7,3.44,0.64,1.0,0.4,Featherweight,49.0,0.4230769230769229,0.20689655172413768,0.6901113875447284,,0.0,0.37949999999999995,0.0,4.0360000000000005,20,0.8,4.16
Willie Gates,12,7,0,0.030068956371833978,1.8,0.38,4.28,0.38,0.0,0.0,0.67,0.4,Flyweight,38.0,0.5384615384615383,0.2758620689655172,0.8443925637988895,3202.0,50.0,12.441,0.25,0.5295000000000001,19,0.631578947368421,3.9263157894736844
Andrews Nakahara,5,4,2,0.12027582548733588,2.68,0.44,1.9,0.57,0.0,0.0,0.72,0.4,Light Heavyweight,41.0,0.6674641148325355,0.4482758620689653,1.2360158023888368,,0.0,0.5585,0.0,0.47200000000000003,11,0.45454545454545453,2.290909090909091
Roque Martinez,15,8,2,0.21804137382310043,3.28,0.53,4.9,0.56,0.38,0.5,0.53,0.4,Heavyweight,38.0,0.5384615384615383,0.34482758620689663,1.1013304984915355,1334.0,0.0,0.275,0.0,0.908,25,0.6,5.12
Daniel Cormier,22,3,0,0.19546479246784249,4.25,0.52,2.92,0.54,1.83,0.44,0.8,0.4,Heavyweight,45.0,0.5384615384615383,0.3793103448275862,1.113236675756967,1642.0,28.57142857142857,7.952357142857143,0.2857142857142857,2.447428571428572,25,0.88,5.176
Casey Kenney,16,4,1,0.045086858506829315,4.85,0.42,4.67,0.58,1.09,0.35,0.61,0.4,Featherweight,33.0,0.3846153846153846,0.24137931034482762,0.6710815534670416,1285.0,0.0,0.6829999999999999,0.125,1.63475,21,0.7619047619047619,4.352380952380953
Hirotaka Yokoi,11,5,0,0.15037793396101312,1.52,0.33,3.42,0.38,1.87,0.41,0.66,0.4,Light Heavyweight,46.0,0.6674641148325355,0.3793103448275862,1.1971523936211348,,0.0,-0.010000000000000009,0.0,2.3975,16,0.6875,3.3375000000000004
Alexander Gustafsson,18,8,0,0.15037793396101312,4.03,0.4,3.53,0.51,1.53,0.39,0.83,0.4,Light Heavyweight,38.0,0.8076923076923075,0.5862068965517243,1.5442771382050449,935.0,41.17647058823529,10.928617647058822,0.29411764705882354,2.145029411764706,26,0.6923076923076923,5.338461538461539
Antonio Banuelos,20,11,1,0.045086858506829315,2.69,0.33,3.15,0.58,1.62,0.62,0.86,0.4,Featherweight,45.0,0.1923076923076925,0.17241379310344812,0.40980834391796994,5121.0,0.0,0.3529999999999999,0.0,2.1990000000000003,32,0.625,6.525
Rodrigo Gracie,6,2,1,0.1172921363214428,1.34,0.51,0.86,0.46,1.49,0.5,0.75,0.4,Middleweight,49.0,0.5968489341983318,0.41379310344827575,1.1279341739680504,,0.0,0.377,0.0,2.04,9,0.6666666666666666,1.9333333333333333
Kevin Casey,9,5,2,0.12027582548733588,2.27,0.53,3.76,0.46,0.79,0.22,0.27,0.4,Light Heavyweight,43.0,0.7307692307692308,0.3793103448275862,1.2303554010841529,3091.0,75.0,18.9285,0.0,1.25,16,0.5625,3.3125
Chael Sonnen,29,15,1,0.15037793396101312,3.08,0.43,1.1,0.62,3.81,0.59,0.66,0.4,Light Heavyweight,47.0,0.5769230769230766,0.4482758620689653,1.1755768729530551,4106.0,42.857142857142854,11.498285714285714,0.42857142857142855,4.471642857142856,45,0.6444444444444445,9.12888888888889
Sergio Pettis,18,5,0,0.030068956371833978,3.88,0.37,2.91,0.65,0.85,0.4,0.67,0.4,Flyweight,31.0,0.4230769230769229,0.20689655172413768,0.6600424311728945,1971.0,7.142857142857142,2.490714285714285,0.07142857142857142,1.3948571428571426,23,0.782608695652174,4.756521739130435
Dylan Andrews,18,7,0,0.12027582548733588,2.21,0.5,2.72,0.46,2.83,0.5,0.57,0.4,Light Heavyweight,45.0,0.6153846153846154,0.4482758620689653,1.1839363029409165,3567.0,60.0,15.313500000000001,0.0,3.362,25,0.72,5.144
Josh Samman,13,4,0,0.12027582548733588,2.08,0.52,2.47,0.34,1.09,0.33,0.33,0.4,Light Heavyweight,36.0,0.8076923076923075,0.5172413793103448,1.445209512489988,3136.0,60.0,15.3045,0.4,1.6725000000000003,17,0.7647058823529411,3.5529411764705885
Bec Rawlings,7,8,0,0.030068956371833978,4.48,0.42,5.66,0.57,0.71,0.4,0.68,0.4,Flyweight,36.0,0.23076923076923084,0.20689655172413768,0.4677347388652025,2503.0,14.285714285714285,4.011928571428571,0.14285714285714285,1.2737142857142858,15,0.4666666666666667,3.0933333333333333
Luke Barnatt,13,4,0,0.12027582548733588,4.43,0.36,3.87,0.59,0.63,0.42,0.63,0.4,Light Heavyweight,36.0,0.7307692307692308,0.6206896551724138,1.4717347114289805,3560.0,16.666666666666664,4.854166666666666,0.16666666666666666,1.1976666666666669,17,0.7647058823529411,3.5529411764705885
John Cholish,8,3,0,0.07518896698050656,2.65,0.49,2.29,0.73,1.82,0.31,0.78,0.4,Welterweight,41.0,0.6153846153846154,0.3793103448275862,1.0698839271927083,4288.0,33.33333333333333,8.85983333333333,0.3333333333333333,2.4278333333333335,11,0.7272727272727273,2.3454545454545457
Benji Radach,21,7,0,0.12027582548733588,2.62,0.49,2.31,0.51,1.06,0.41,0.71,0.4,Light Heavyweight,45.0,0.6674641148325355,0.34482758620689663,1.132567526526768,,0.0,0.48300000000000004,0.0,1.5924999999999998,28,0.75,5.750000000000001
Rory MacDonald,19,4,0,0.09773239623392123,3.75,0.42,2.8,0.62,1.77,0.47,0.88,0.4,Middleweight,35.0,0.6923076923076921,0.41379310344827575,1.203833191989889,3161.0,41.66666666666667,11.111166666666668,0.0,2.3285,23,0.8260869565217391,4.765217391304349
Evan Elder,8,2,0,0.07518896698050656,4.75,0.48,5.0,0.57,0.74,0.22,0.28,0.4,Welterweight,27.0,0.5384615384615383,0.34482758620689663,0.9584780916489415,214.0,0.0,0.619,0.25,1.2635,10,0.8,2.16
Ryan Bader,23,5,0,0.15037793396101312,2.82,0.43,1.39,0.71,3.37,0.44,0.8,0.4,Light Heavyweight,41.0,0.6153846153846154,0.48275862068965525,1.2485211700352838,3007.0,37.5,10.064,0.1875,3.962875,28,0.8214285714285714,5.764285714285715
Chico Camus,17,7,0,0.030068956371833978,2.58,0.41,2.46,0.64,0.77,0.4,0.72,0.4,Flyweight,40.0,0.3076923076923075,0.20689655172413768,0.5446578157882791,3427.0,0.0,0.45399999999999996,0.14285714285714285,1.3377142857142859,24,0.7083333333333334,4.941666666666667
Rob Emerson,18,12,0,0.07518896698050656,2.5,0.3,2.83,0.64,2.02,0.52,0.65,0.4,Welterweight,43.0,0.4615384615384617,0.3103448275862067,0.8470722561051749,5432.0,0.0,0.35650000000000004,0.0,2.5629999999999997,30,0.6,6.12
Magomed Mustafaev,14,4,0,0.07518896698050656,2.59,0.58,2.68,0.41,3.31,0.5,0.23,0.4,Welterweight,36.0,0.5,0.2758620689655172,0.8510510359460237,1817.0,40.0,10.423,0.2,3.858,18,0.7777777777777778,3.7555555555555555
Sergio Moraes,14,6,1,0.09773239623392123,2.42,0.42,3.73,0.59,1.2,0.38,0.75,0.4,Middleweight,42.0,0.5384615384615383,0.41379310344827575,1.0499870381437353,1915.0,30.76923076923077,7.910307692307693,0.23076923076923078,1.7896923076923075,21,0.6666666666666666,4.333333333333334
Johnny Eduardo,28,13,0,0.045086858506829315,2.95,0.39,3.22,0.63,0.22,0.2,0.58,0.4,Featherweight,46.0,0.5,0.24137931034482762,0.786466168851657,1229.0,37.5,9.802,0.375,0.80175,41,0.6829268292682927,8.33658536585366
Abel Trujillo,15,8,0,0.07518896698050656,2.65,0.41,2.31,0.59,2.18,0.45,0.4,0.4,Welterweight,41.0,0.4615384615384617,0.2758620689655172,0.8125894974844854,2615.0,30.0,7.9865,0.4,2.7875,23,0.6521739130434783,4.730434782608696
Aleksandra Albu,3,2,0,0.01501790213499534,4.83,0.47,5.56,0.38,2.27,0.5,0.77,0.4,Strawweight,34.0,0.1923076923076925,0.0689655172413791,0.27629111168406695,,0.0,0.5245000000000001,0.0,2.822,5,0.6,1.12
Mads Burnell,9,3,0,0.06013791274366793,1.28,0.41,2.71,0.51,3.45,0.47,0.22,0.4,Featherweight,30.0,0.4230769230769229,0.2758620689655172,0.759076904786108,2453.0,0.0,0.07200000000000006,0.6666666666666666,4.109166666666667,12,0.75,2.5500000000000003
Kazula Vargas,12,5,0,0.07518896698050656,3.65,0.53,1.77,0.57,0.4,0.25,0.3,0.4,Welterweight,39.0,0.5,0.2758620689655172,0.8510510359460237,1061.0,0.0,0.8384999999999998,0.25,0.93,17,0.7058823529411765,3.5411764705882356
Dominick Reyes,12,4,0,0.15037793396101312,4.75,0.5,3.77,0.48,0.36,0.28,0.8,0.4,Light Heavyweight,35.0,0.7307692307692308,0.5517241379310344,1.4328713026612783,67.0,45.45454545454545,12.157636363636364,0.09090909090909091,0.9047272727272727,16,0.75,3.35
John Marsh,8,7,0,0.24058480307651503,0.83,0.42,2.23,0.4,0.43,1.0,0.54,0.4,Heavyweight,54.0,0.7320261437908496,0.41379310344827575,1.3864040503156403,,0.0,0.017000000000000015,0.0,1.034,15,0.5333333333333333,3.1066666666666665
Brad Pickett,25,14,0,0.045086858506829315,3.02,0.31,4.63,0.55,2.47,0.44,0.58,0.4,Featherweight,46.0,0.3846153846153846,0.20689655172413768,0.6365987948463516,2888.0,21.428571428571427,5.562142857142857,0.2857142857142857,3.0654285714285714,39,0.6410256410256411,7.928205128205129
Genaro Valdez,10,3,0,0.07518896698050656,4.08,0.3,7.16,0.48,1.54,0.44,0.36,0.4,Welterweight,33.0,0.5384615384615383,0.3103448275862067,0.9239953330282515,578.0,33.33333333333333,8.411333333333333,0.0,2.0420000000000003,13,0.7692307692307693,2.753846153846154
Lyoto Machida,24,8,0,0.12027582548733588,2.59,0.53,1.57,0.61,1.21,0.65,0.75,0.4,Light Heavyweight,46.0,0.6153846153846154,0.4482758620689653,1.1839363029409165,2468.0,50.0,13.1095,0.125,1.8137499999999998,32,0.75,6.550000000000001
Michael Graves,6,0,1,0.09773239623392123,1.25,0.54,1.47,0.58,4.8,0.52,0.66,0.4,Middleweight,34.0,0.5,0.34482758620689663,0.9425599824408178,3224.0,0.0,0.2869999999999999,0.5,5.469,7,0.8571428571428571,1.5714285714285716
Paul Buentello,35,17,0,0.21051584670468107,3.29,0.45,3.83,0.52,0.19,0.33,0.39,0.4,Heavyweight,51.0,0.7307692307692308,0.48275862068965525,1.4240436981635671,5442.0,100.0,25.416,0.0,0.6785,52,0.6730769230769231,10.534615384615385
Maurice Greene,9,7,0,0.23007558679220266,3.28,0.45,3.61,0.45,0.0,0.0,0.27,0.4,Heavyweight,38.0,0.8461538461538458,0.6551724137931033,1.7314018467391517,1376.0,25.0,6.686,0.375,0.52075,16,0.5625,3.3125
Jeremy Stephens,28,19,0,0.06013791274366793,3.17,0.4,3.05,0.58,1.16,0.38,0.65,0.4,Featherweight,38.0,0.5,0.3103448275862067,0.8704827403298746,1306.0,32.0,8.502,0.04,1.692,47,0.5957446808510638,9.519148936170213
Antonio Schembri,5,5,0,0.15037793396101312,0.72,0.26,2.12,0.55,1.31,0.4,0.0,0.4,Light Heavyweight,50.0,0.6674641148325355,0.3103448275862067,1.1281868763797553,,0.0,-0.003500000000000003,0.0,1.77,10,0.5,2.1
Ricky Simon,20,4,0,0.045086858506829315,3.01,0.44,3.23,0.62,5.84,0.5,0.75,0.4,Featherweight,32.0,0.4230769230769229,0.20689655172413768,0.67506033330789,228.0,23.076923076923077,6.218230769230769,0.07692307692307693,6.40923076923077,24,0.8333333333333334,4.966666666666668
Hiromitsu Kanehara,19,27,5,0.14285240684259382,0.76,0.22,4.39,0.4,0.0,0.0,0.4,0.4,Light Heavyweight,54.0,0.6674641148325355,0.34482758620689663,1.155144107882026,,0.0,-0.36449999999999994,0.0,0.44000000000000006,51,0.37254901960784315,10.27450980392157
Vik Grujic,6,6,0,0.09773239623392123,2.24,0.48,3.39,0.41,1.18,0.33,0.26,0.4,Middleweight,48.0,0.5769230769230766,0.3793103448275862,1.053965817984584,3567.0,50.0,12.709,0.0,1.6555,12,0.5,2.5000000000000004
Joby Sanchez,11,4,0,0.045086858506829315,3.22,0.36,2.82,0.63,0.95,0.71,0.51,0.4,Featherweight,33.0,0.3846153846153846,0.20689655172413768,0.6365987948463516,2286.0,20.0,5.5485,0.0,1.5074999999999998,15,0.7333333333333333,3.1466666666666665
Leandro Silva,20,6,1,0.07518896698050656,2.39,0.48,2.08,0.63,1.76,0.37,0.65,0.4,Welterweight,39.0,0.5384615384615383,0.3103448275862067,0.9239953330282515,3084.0,0.0,0.47600000000000003,0.14285714285714285,2.3162142857142856,27,0.7407407407407407,5.548148148148148
Raoni Barcelos,17,5,0,0.045086858506829315,5.38,0.51,5.03,0.61,1.8,0.37,0.9,0.4,Featherweight,37.0,0.34615384615384626,0.24137931034482762,0.6326200150055032,354.0,27.27272727272727,7.602181818181817,0.18181818181818182,2.3909545454545458,22,0.7727272727272727,4.554545454545455
Court McGee,22,12,0,0.09773239623392123,4.63,0.37,3.68,0.6,1.89,0.25,0.69,0.4,Middleweight,40.0,0.6538461538461537,0.3793103448275862,1.1308888949076612,130.0,13.043478260869565,4.030369565217391,0.13043478260869565,2.429108695652174,34,0.6470588235294118,6.9294117647058835
Antonina Shevchenko,10,4,0,0.030068956371833978,3.86,0.55,2.93,0.52,0.43,0.42,0.53,0.4,Flyweight,40.0,0.34615384615384626,0.2758620689655172,0.6520848714911974,949.0,12.5,3.8385000000000007,0.125,0.9772500000000001,14,0.7142857142857143,2.942857142857143
Adriano Martins,28,9,0,0.07518896698050656,1.8,0.38,2.14,0.65,0.83,0.8,0.81,0.4,Welterweight,42.0,0.5384615384615383,0.34482758620689663,0.9584780916489415,2713.0,42.857142857142854,11.016785714285714,0.14285714285714285,1.4667142857142859,37,0.7567567567567568,7.551351351351352
Leonardo Mafra,13,4,0,0.07518896698050656,4.55,0.48,4.38,0.43,2.12,0.83,0.69,0.4,Welterweight,35.0,0.4615384615384617,0.34482758620689663,0.8815550147258648,3497.0,50.0,13.141,0.25,2.776,17,0.7647058823529411,3.5529411764705885
Anton Kuivanen,24,10,0,0.07518896698050656,2.27,0.38,1.63,0.67,1.2,1.0,0.71,0.4,Welterweight,40.0,0.5384615384615383,0.2758620689655172,0.889512574407562,4372.0,0.0,0.49950000000000006,0.3333333333333333,1.904333333333333,34,0.7058823529411765,6.941176470588236
William Knight,11,5,0,0.15037793396101312,2.62,0.56,3.3,0.35,1.78,0.4,0.48,0.4,Light Heavyweight,36.0,0.5769230769230766,0.34482758620689663,1.0721285970909864,725.0,28.57142857142857,7.467357142857142,0.0,2.2880000000000003,16,0.6875,3.3375000000000004
Brok Weaver,15,6,0,0.07518896698050656,4.78,0.64,4.35,0.46,0.41,0.1,0.66,0.4,Welterweight,33.0,0.5769230769230766,0.41379310344827575,1.065905147351859,1614.0,0.0,0.7394999999999999,0.3333333333333333,0.9743333333333334,21,0.7142857142857143,4.342857142857143
Julio Arce,18,6,0,0.045086858506829315,4.38,0.36,3.1,0.68,0.49,0.3,0.95,0.4,Featherweight,35.0,0.4615384615384617,0.24137931034482762,0.7480046303901187,319.0,40.0,10.804,0.1,1.055,24,0.75,4.950000000000001
Askar Askarov,14,1,1,0.030068956371833978,3.05,0.54,2.8,0.57,2.6,0.24,0.66,0.4,Flyweight,32.0,0.34615384615384626,0.20689655172413768,0.5831193542498179,1054.0,0.0,0.536,0.0,3.102,16,0.875,3.375
Mitch Clarke,11,5,0,0.07518896698050656,2.35,0.34,3.27,0.47,0.64,0.15,0.5,0.4,Welterweight,39.0,0.5769230769230766,0.34482758620689663,0.9969396301104798,2713.0,28.57142857142857,7.378357142857142,0.2857142857142857,1.1839285714285714,16,0.6875,3.3375000000000004
Adam Wieczorek,10,2,0,0.21804137382310043,1.68,0.38,1.87,0.48,0.41,0.33,0.58,0.4,Heavyweight,33.0,0.8846153846153846,0.5862068965517243,1.6888636549902092,2293.0,0.0,0.2874999999999999,0.3333333333333333,1.0008333333333332,12,0.8333333333333334,2.566666666666667
Dan Hardy,25,10,0,0.09773239623392123,2.46,0.35,3.44,0.51,0.73,0.35,0.35,0.4,Middleweight,42.0,0.6153846153846154,0.41379310344827575,1.1269101150668124,4519.0,33.33333333333333,8.578833333333332,0.16666666666666666,1.2591666666666668,35,0.7142857142857143,7.142857142857143
Cain Velasquez,14,3,0,0.20299031958626176,6.37,0.57,2.33,0.57,5.13,0.45,0.85,0.4,Heavyweight,42.0,0.7307692307692308,0.4482758620689653,1.3820354124244578,2187.0,77.77777777777779,20.88694444444445,0.1111111111111111,5.710277777777778,17,0.8235294117647058,3.5647058823529414
Mike Grundy,12,4,0,0.06013791274366793,2.09,0.45,4.45,0.56,4.06,0.28,0.5,0.4,Featherweight,38.0,0.5384615384615383,0.24137931034482762,0.8399787615500338,1061.0,25.0,6.279,0.25,4.6145,16,0.75,3.35
Wulijiburen,20,9,0,0.045086858506829315,1.61,0.42,3.02,0.56,3.28,0.42,0.77,0.4,Featherweight,35.0,0.4230769230769229,0.3103448275862067,0.7785086091699589,,0.0,0.11750000000000005,0.0,3.82,29,0.6896551724137931,5.93793103448276
Phil Rowe,10,4,0,0.09773239623392123,3.94,0.52,4.32,0.54,0.85,0.4,0.59,0.4,Middleweight,34.0,0.8461538461538458,0.5172413793103448,1.461127621698112,256.0,60.0,15.522000000000002,0.0,1.3689999999999998,14,0.7142857142857143,2.942857142857143
Farid Basharat,11,0,0,0.045086858506829315,5.2,0.63,2.34,0.58,3.5,0.53,0.83,0.4,Featherweight,27.0,0.5,0.2758620689655172,0.8209489274723465,109.0,0.0,1.1620000000000001,0.25,4.125,11,1.0,2.4000000000000004
Tyler Toner,15,7,0,0.06013791274366793,2.95,0.52,2.13,0.62,0.0,0.0,0.54,0.4,Featherweight,41.0,0.4615384615384617,0.2758620689655172,0.7975384432476468,5184.0,0.0,0.615,0.0,0.454,22,0.6818181818181818,4.536363636363637
Jessica Andrade,25,12,0,0.01501790213499534,6.67,0.5,5.36,0.54,2.45,0.54,0.72,0.4,Strawweight,33.0,0.15384615384615374,0.03448275862068955,0.20334681460183862,158.0,21.428571428571427,6.401642857142857,0.2857142857142857,3.0744285714285717,37,0.6756756756756757,7.535135135135135
Sean Sherk,36,4,1,0.07518896698050656,2.17,0.35,2.71,0.55,4.09,0.46,0.56,0.4,Welterweight,51.0,0.34615384615384626,0.20689655172413768,0.6282393648584905,5254.0,0.0,0.2885,0.0,4.615,41,0.8780487804878049,8.375609756097562
Ryan Benoit,10,8,0,0.030068956371833978,2.88,0.39,3.65,0.58,0.28,0.22,0.72,0.4,Flyweight,35.0,0.3846153846153846,0.17241379310344812,0.5870981340906667,1292.0,22.22222222222222,5.893055555555555,0.1111111111111111,0.8127777777777779,18,0.5555555555555556,3.7111111111111112
Akbarh Arreola,23,11,1,0.07518896698050656,2.32,0.45,4.01,0.56,1.07,1.0,0.33,0.4,Welterweight,42.0,0.5,0.34482758620689663,0.9200165531874032,3378.0,0.0,0.15249999999999997,0.25,1.7155,35,0.6571428571428571,7.131428571428572
Zak Ottow,17,7,0,0.09773239623392123,2.63,0.36,2.73,0.58,0.97,0.29,0.57,0.4,Middleweight,38.0,0.5384615384615383,0.3793103448275862,1.0155042795230458,2167.0,37.5,9.782,0.0,1.4705,24,0.7083333333333334,4.941666666666667
Angela Magana,11,9,0,0.01501790213499534,1.53,0.28,4.92,0.42,0.4,0.25,0.28,0.4,Strawweight,41.0,0.26923076923076916,0.03448275862068955,0.31873142998645404,2629.0,33.33333333333333,8.096833333333333,0.3333333333333333,0.9488333333333334,20,0.55,4.11
Valentina Shevchenko,23,4,1,0.030068956371833978,3.28,0.52,2.11,0.62,2.56,0.63,0.71,0.4,Flyweight,36.0,0.3076923076923075,0.17241379310344812,0.5101750571675896,151.0,18.75,5.388,0.1875,3.172375,28,0.8214285714285714,5.764285714285715
Tomasz Drwal,21,5,1,0.15037793396101312,3.29,0.38,2.26,0.57,3.55,0.6,0.82,0.4,Light Heavyweight,43.0,0.6923076923076921,0.4482758620689653,1.2909614883376705,5264.0,0.0,0.6450000000000001,0.5,4.247,27,0.7777777777777778,5.555555555555556
Akira Shoji,14,17,5,0.1353268797241745,1.03,0.34,2.63,0.53,1.79,0.73,0.82,0.4,Light Heavyweight,51.0,0.6674641148325355,0.2758620689655172,1.0786530635222271,,0.0,0.010500000000000065,0.0,2.3815,36,0.3888888888888889,7.277777777777778
Sean O'Malley,17,1,0,0.045086858506829315,7.25,0.61,3.51,0.61,0.43,0.42,0.62,0.4,Featherweight,30.0,0.5384615384615383,0.3793103448275862,0.9628587417959538,151.0,50.0,13.9995,0.0,0.955,18,0.9444444444444444,3.7888888888888888
Guido Cannetti,10,8,0,0.045086858506829315,3.44,0.55,2.84,0.51,2.27,0.55,0.64,0.4,Featherweight,45.0,0.3846153846153846,0.20689655172413768,0.6365987948463516,704.0,20.0,5.6205,0.5,2.9415,18,0.5555555555555556,3.7111111111111112
Muhsin Corbbrey,17,9,0,0.07518896698050656,2.02,0.34,5.41,0.53,0.0,0.0,0.8,0.4,Welterweight,46.0,0.5218723584108196,0.34482758620689663,0.9418889115982227,,0.0,-0.15900000000000003,0.0,0.48000000000000004,26,0.6538461538461539,5.330769230769231
Josh Koscheck,17,11,0,0.09773239623392123,1.79,0.36,2.27,0.63,2.46,0.48,0.64,0.4,Middleweight,47.0,0.5769230769230766,0.34482758620689663,1.0194830593638944,3616.0,33.33333333333333,8.606833333333332,0.2222222222222222,3.0515555555555554,28,0.6071428571428571,5.7214285714285715
Jake Ellenberger,31,15,0,0.09773239623392123,2.47,0.39,2.83,0.6,2.04,0.47,0.86,0.4,Middleweight,39.0,0.5,0.3103448275862067,0.9080772238201279,2363.0,57.89473684210527,14.834684210526317,0.10526315789473684,2.622815789473684,46,0.6739130434782609,9.334782608695653
Ben Rothwell,39,14,0,0.24058480307651503,3.71,0.42,4.63,0.47,0.68,0.34,0.7,0.4,Heavyweight,43.0,0.7692307692307692,0.5517241379310344,1.5615397102383186,1187.0,31.25,8.200000000000001,0.1875,1.247875,53,0.7358490566037735,10.747169811320756
Alex Pereira,9,2,0,0.15037793396101312,5.0,0.62,3.65,0.5,0.19,1.0,0.7,0.4,Light Heavyweight,37.0,0.8076923076923075,0.5517241379310344,1.509794379584355,130.0,80.0,20.901500000000002,0.0,0.81,11,0.8181818181818182,2.3636363636363638
Ignacio Bahamondes,14,5,0,0.07518896698050656,6.97,0.46,4.36,0.57,0.0,0.0,0.85,0.4,Welterweight,27.0,0.6538461538461537,0.5172413793103448,1.246276500137005,151.0,42.857142857142854,11.980285714285714,0.14285714285714285,0.5207142857142858,19,0.7368421052631579,3.947368421052632
Veronica Hardy,8,4,1,0.030068956371833978,3.27,0.45,4.1,0.46,1.27,0.41,0.57,0.4,Flyweight,29.0,0.23076923076923084,0.1379310344827586,0.39876922162382344,88.0,0.0,0.36150000000000004,0.0,1.7885,13,0.6153846153846154,2.723076923076923
Tyron Woodley,19,7,1,0.09773239623392123,2.36,0.48,2.76,0.54,1.06,0.4,0.87,0.4,Middleweight,42.0,0.6153846153846154,0.3103448275862067,1.0234618392047432,1418.0,26.666666666666668,7.019666666666668,0.06666666666666667,1.6236666666666668,27,0.7037037037037037,5.540740740740741
Steve Bruno,15,6,0,0.09773239623392123,0.96,0.52,3.38,0.36,1.94,0.25,0.46,0.4,Middleweight,43.0,0.5968489341983318,0.34482758620689663,1.0394089166391498,,0.0,-0.10900000000000004,0.0,2.4234999999999998,21,0.7142857142857143,4.342857142857143
Jordan Wright,12,5,0,0.15037793396101312,4.1,0.56,6.03,0.31,2.09,0.45,1.0,0.4,Light Heavyweight,33.0,0.7307692307692308,0.48275862068965525,1.3639057854198993,725.0,28.57142857142857,7.421857142857143,0.14285714285714285,2.6932142857142853,17,0.7058823529411765,3.5411764705882356
Elizeu Zaleski dos Santos,24,7,1,0.09773239623392123,4.52,0.42,3.33,0.57,0.43,0.13,0.68,0.4,Middleweight,38.0,0.5769230769230766,0.3793103448275862,1.053965817984584,95.0,30.76923076923077,8.492307692307692,0.07692307692307693,0.9367307692307694,32,0.75,6.550000000000001
Piotr Hallmann,18,6,0,0.07518896698050656,3.98,0.45,3.17,0.58,2.55,0.44,0.7,0.4,Welterweight,37.0,0.5,0.3103448275862067,0.8855337945667132,3385.0,16.666666666666664,4.8631666666666655,0.3333333333333333,3.169333333333333,24,0.75,4.950000000000001
Jack Hermansson,23,8,0,0.12027582548733588,5.13,0.44,3.69,0.55,1.66,0.29,0.75,0.4,Light Heavyweight,36.0,0.7307692307692308,0.4482758620689653,1.2993209183255319,368.0,29.411764705882355,8.252441176470589,0.23529411764705882,2.2373235294117646,31,0.7419354838709677,6.348387096774194
Germaine de Randamie,10,4,0,0.045086858506829315,2.72,0.46,2.14,0.65,0.0,0.0,0.69,0.4,Featherweight,40.0,0.5,0.3103448275862067,0.855431686093036,312.0,33.33333333333333,8.881833333333333,0.0,0.46900000000000003,14,0.7142857142857143,2.942857142857143
John Howard,24,13,0,0.09773239623392123,2.15,0.5,3.08,0.51,2.7,0.49,0.53,0.4,Middleweight,41.0,0.5384615384615383,0.24137931034482762,0.8775732450402871,3352.0,27.27272727272727,7.070181818181817,0.0,3.2265,37,0.6486486486486487,7.5297297297297305
Nicco Montano,5,3,0,0.045086858506829315,5.6,0.41,4.43,0.64,2.25,0.54,0.69,0.4,Featherweight,36.0,0.26923076923076916,0.17241379310344812,0.4867314208410466,2041.0,0.0,0.9135000000000001,0.0,2.8,8,0.625,1.725
Dan Moret,13,6,0,0.07518896698050656,2.67,0.43,3.56,0.43,1.25,0.27,0.45,0.4,Welterweight,38.0,0.5769230769230766,0.41379310344827575,1.065905147351859,2055.0,33.33333333333333,8.617333333333331,0.0,1.7355,19,0.6842105263157895,3.936842105263158
Ricky Glenn,22,8,2,0.07518896698050656,3.94,0.43,4.1,0.51,0.55,0.13,0.68,0.4,Welterweight,35.0,0.4615384615384617,0.41379310344827575,0.950520531967244,179.0,75.0,19.282500000000002,0.0,1.0375,32,0.6875,6.5375000000000005
Sodiq Yusuff,13,3,0,0.06013791274366793,5.72,0.49,4.33,0.54,0.28,0.2,0.62,0.4,Featherweight,31.0,0.5,0.3103448275862067,0.8704827403298746,305.0,33.33333333333333,9.292833333333332,0.1111111111111111,0.7997777777777778,16,0.8125,3.3625000000000003
Cub Swanson,29,13,0,0.06013791274366793,4.7,0.5,3.84,0.59,1.09,0.52,0.61,0.4,Featherweight,41.0,0.4615384615384617,0.2758620689655172,0.7975384432476468,228.0,25.0,7.0375000000000005,0.20833333333333334,1.6810833333333333,42,0.6904761904761905,8.538095238095238
Zhang Weili,24,3,0,0.01501790213499534,5.94,0.51,3.44,0.53,2.29,0.42,0.66,0.4,Strawweight,35.0,0.1923076923076925,0.1379310344827586,0.34525662892544645,305.0,14.285714285714285,4.721928571428571,0.14285714285714285,2.8547142857142855,27,0.8888888888888888,5.577777777777778
Cristiane Justino,21,2,0,0.06013791274366793,7.28,0.52,2.25,0.64,0.66,0.55,0.94,0.4,Featherweight,39.0,0.3846153846153846,0.2758620689655172,0.7206153663245697,,0.0,1.6825,0.0,1.2365,23,0.9130434782608695,4.782608695652175
Sean Pierson,14,6,0,0.09773239623392123,3.84,0.39,3.73,0.64,0.39,0.18,0.66,0.4,Middleweight,48.0,0.6923076923076921,0.41379310344827575,1.203833191989889,4260.0,16.666666666666664,4.7411666666666665,0.0,0.883,20,0.7,4.14
Dan Hooker,23,12,0,0.07518896698050656,5.08,0.48,4.76,0.51,0.79,0.34,0.8,0.4,Welterweight,34.0,0.6538461538461537,0.41379310344827575,1.1428282242749361,179.0,40.909090909090914,10.955772727272729,0.13636363636363635,1.3550909090909093,35,0.6571428571428571,7.131428571428572
Aaron Rosa,18,6,0,0.15037793396101312,4.03,0.47,4.41,0.45,0.36,0.33,0.85,0.4,Light Heavyweight,41.0,0.7307692307692308,0.5517241379310344,1.4328713026612783,4730.0,66.66666666666666,17.174166666666665,0.0,0.8945000000000001,24,0.75,4.950000000000001
Mike Whitehead,27,8,0,0.15037793396101312,1.62,0.33,2.36,0.59,3.59,0.43,0.77,0.3,Light Heavyweight,43.0,0.6674641148325355,0.4482758620689653,1.266117910862514,,0.0,0.20550000000000002,0.0,4.031499999999999,35,0.7714285714285715,7.154285714285714
Yosdenis Cedeno,10,6,1,0.07518896698050656,1.64,0.29,1.6,0.67,0.0,0.0,0.31,0.3,Welterweight,40.0,0.4230769230769229,0.2758620689655172,0.7741279590229466,3504.0,0.0,0.3285,0.0,0.33099999999999996,17,0.5882352941176471,3.51764705882353
Chris Kelades,9,3,0,0.030068956371833978,2.4,0.43,2.64,0.48,1.04,0.18,0.53,0.3,Flyweight,43.0,0.3846153846153846,0.24137931034482762,0.6560636513320461,3217.0,0.0,0.3619999999999999,0.25,1.4825,12,0.75,2.5500000000000003
Leon Edwards,21,3,0,0.09773239623392123,2.8,0.53,2.4,0.53,1.26,0.33,0.69,0.3,Middleweight,33.0,0.6153846153846154,0.48275862068965525,1.195875632308192,200.0,17.647058823529413,4.937264705882353,0.058823529411764705,1.6932058823529412,24,0.875,4.9750000000000005
Montel Jackson,13,2,0,0.045086858506829315,3.36,0.53,1.41,0.64,3.42,0.71,0.69,0.3,Featherweight,32.0,0.6538461538461537,0.34482758620689663,1.0437605985598797,214.0,20.0,5.8305,0.1,3.9204999999999997,15,0.8666666666666667,3.1733333333333333
Jack Della Maddalena,16,2,0,0.09773239623392123,7.2,0.53,4.83,0.67,0.27,0.2,0.82,0.3,Middleweight,28.0,0.5769230769230766,0.3793103448275862,1.053965817984584,340.0,57.14285714285714,15.567714285714283,0.14285714285714285,0.7177142857142857,18,0.8888888888888888,3.7777777777777777
Will Brooks,18,4,0,0.07518896698050656,4.26,0.59,2.54,0.56,2.08,0.51,0.82,0.3,Welterweight,38.0,0.5384615384615383,0.34482758620689663,0.9584780916489415,2643.0,25.0,7.135999999999999,0.5,2.6634999999999995,22,0.8181818181818182,4.563636363636364
Rafa Garcia,16,3,0,0.07518896698050656,4.19,0.42,4.21,0.61,3.61,0.44,0.79,0.3,Welterweight,30.0,0.4615384615384617,0.24137931034482762,0.7781067388637959,123.0,12.5,3.7165,0.125,4.08625,19,0.8421052631578947,3.9684210526315793
Mallory Martin,7,5,0,0.01501790213499534,4.42,0.48,6.64,0.55,2.28,0.43,0.25,0.3,Strawweight,31.0,0.1923076923076925,0.1379310344827586,0.34525662892544645,1166.0,0.0,0.2875000000000002,0.5,2.7944999999999998,12,0.5833333333333334,2.516666666666667
Irene Aldana,14,7,0,0.045086858506829315,4.86,0.39,5.71,0.59,0.17,0.5,0.75,0.3,Featherweight,36.0,0.3846153846153846,0.3103448275862067,0.7400470707084206,151.0,21.428571428571427,5.882142857142857,0.07142857142857142,0.6378571428571429,21,0.6666666666666666,4.333333333333334
Dennis Buzukja,8,4,0,0.06013791274366793,3.3,0.43,4.93,0.4,0.98,0.3,0.73,0.3,Featherweight,27.0,0.4615384615384617,0.3103448275862067,0.8320212018683363,172.0,50.0,12.7315,0.0,1.398,12,0.6666666666666666,2.5333333333333337
Merab Dvalishvili,16,4,0,0.045086858506829315,4.46,0.41,2.41,0.56,6.55,0.36,0.78,0.3,Featherweight,34.0,0.3846153846153846,0.20689655172413768,0.6365987948463516,151.0,7.6923076923076925,2.842576923076923,0.0,6.982,20,0.8,4.16
Lara Procopio,7,2,0,0.030068956371833978,5.64,0.58,6.5,0.47,3.15,0.47,0.5,0.3,Flyweight,29.0,0.34615384615384626,0.1379310344827586,0.5141538370084389,1334.0,0.0,0.6214999999999998,0.3333333333333333,3.653833333333333,9,0.7777777777777778,1.9555555555555557
Jens Pulver,27,19,1,0.06013791274366793,2.12,0.37,3.13,0.56,0.22,0.33,0.63,0.3,Featherweight,50.0,0.4615384615384617,0.24137931034482762,0.7630556846269572,,0.0,0.21849999999999997,0.0,0.6325000000000001,47,0.574468085106383,9.514893617021277
Maximo Blanco,12,8,1,0.06013791274366793,4.11,0.44,3.19,0.66,1.85,0.36,0.63,0.3,Featherweight,41.0,0.5,0.2758620689655172,0.8359999817091851,3070.0,11.11111111111111,3.513777777777778,0.2222222222222222,2.3225555555555553,21,0.5714285714285714,4.314285714285714
Mirko Filipovic,35,11,2,0.18797241745126642,2.11,0.5,1.89,0.63,0.19,0.4,0.78,0.3,Heavyweight,50.0,0.5769230769230766,0.48275862068965525,1.2476541150639984,,0.0,0.4385,0.0,0.628,48,0.7291666666666666,9.745833333333335
Jinh Yu Frey,11,10,0,0.01501790213499534,2.97,0.43,4.23,0.52,1.02,0.36,0.9,0.3,Strawweight,39.0,0.26923076923076916,0.10344827586206903,0.38769694722783354,480.0,12.5,3.3970000000000002,0.125,1.4952500000000002,21,0.5238095238095238,4.304761904761905
Dan Henderson,32,15,0,0.12027582548733588,2.44,0.47,2.7,0.51,1.52,0.52,0.57,0.3,Light Heavyweight,54.0,0.6153846153846154,0.3793103448275862,1.1149707856995374,3049.0,54.54545454545454,14.011863636363636,0.09090909090909091,1.9777272727272728,47,0.6808510638297872,9.536170212765958
Ryo Chonan,22,13,0,0.09773239623392123,2.57,0.43,2.25,0.6,0.61,0.41,0.39,0.3,Middleweight,48.0,0.4615384615384617,0.3103448275862067,0.8696156853585896,,0.0,0.4809999999999999,0.0,1.0105,35,0.6285714285714286,7.1257142857142854
Alonzo Menifield,14,3,1,0.15037793396101312,3.82,0.57,3.09,0.52,0.62,0.3,0.75,0.3,Light Heavyweight,37.0,0.6923076923076921,0.41379310344827575,1.256478729716981,193.0,46.15384615384615,12.221961538461539,0.07692307692307693,1.0592307692307692,18,0.7777777777777778,3.7555555555555555
Nate Maness,15,3,0,0.030068956371833978,2.33,0.48,4.29,0.4,0.87,0.75,0.78,0.3,Flyweight,33.0,0.5384615384615383,0.34482758620689663,0.9133580810402689,242.0,28.57142857142857,7.237857142857143,0.14285714285714285,1.3962142857142859,18,0.8333333333333334,3.7666666666666666
Bobby Green,31,15,1,0.07518896698050656,6.14,0.52,3.74,0.62,1.2,0.37,0.74,0.3,Welterweight,38.0,0.5,0.34482758620689663,0.9200165531874032,788.0,26.31578947368421,7.7499473684210525,0.05263157894736842,1.6426578947368422,47,0.6595744680851063,9.53191489361702
Bruno Silva,13,5,2,0.030068956371833978,3.05,0.46,3.09,0.59,2.57,0.3,0.64,0.3,Flyweight,34.0,0.26923076923076916,0.1379310344827586,0.43723076008536177,109.0,29.411764705882355,7.832441176470589,0.23529411764705882,3.037823529411764,20,0.65,4.13
Akiyo Nishiura,13,8,1,0.05112054104230206,1.59,0.57,1.26,0.57,0.0,0.0,0.52,0.3,Featherweight,41.0,0.4423076923076923,0.2758620689655172,0.7692903023155115,,0.0,0.4080000000000001,0.0,0.352,22,0.5909090909090909,4.5181818181818185
Ariane Lipski,16,8,0,0.030068956371833978,3.94,0.39,4.2,0.51,0.54,0.5,0.78,0.3,Flyweight,31.0,0.34615384615384626,0.20689655172413768,0.5831193542498179,914.0,25.0,6.7595,0.125,1.02425,24,0.6666666666666666,4.9333333333333345
Keith Wisniewski,28,15,1,0.09773239623392123,2.32,0.52,4.86,0.42,1.57,0.4,0.78,0.3,Middleweight,43.0,0.5968489341983318,0.41379310344827575,1.1083744338805288,4179.0,0.0,0.017999999999999905,0.0,2.008,44,0.6363636363636364,8.927272727272728
Melissa Gatto,8,2,2,0.030068956371833978,3.98,0.48,3.13,0.54,1.18,0.21,0.63,0.3,Flyweight,28.0,0.4230769230769229,0.17241379310344812,0.625559672552205,270.0,40.0,10.7025,0.0,1.5745,12,0.6666666666666666,2.5333333333333337
Carlos Ulberg,10,1,0,0.15037793396101312,7.29,0.59,3.59,0.52,0.95,0.75,0.75,0.3,Light Heavyweight,34.0,0.7307692307692308,0.5517241379310344,1.4328713026612783,81.0,50.0,13.98,0.125,1.46875,11,0.9090909090909091,2.381818181818182
Yui Chul Nam,18,8,1,0.06013791274366793,3.53,0.51,2.0,0.48,1.33,0.16,0.57,0.3,Featherweight,43.0,0.4423076923076923,0.3103448275862067,0.8127904326375669,3364.0,0.0,0.7565,0.0,1.711,27,0.6666666666666666,5.533333333333334
Rob Font,20,8,0,0.045086858506829315,5.53,0.45,3.65,0.56,0.89,0.35,0.46,0.3,Featherweight,37.0,0.5,0.2758620689655172,0.8209489274723465,116.0,27.77777777777778,7.953444444444444,0.1111111111111111,1.3162777777777777,28,0.7142857142857143,5.742857142857144
Liz Carmouche,13,7,0,0.030068956371833978,2.78,0.54,2.51,0.61,2.57,0.51,0.65,0.3,Flyweight,40.0,0.3076923076923075,0.20689655172413768,0.5446578157882791,2013.0,10.0,3.018,0.1,3.0364999999999993,20,0.65,4.13
Constantinos Philippou,13,5,0,0.12027582548733588,2.19,0.35,2.73,0.54,0.4,0.42,0.65,0.3,Light Heavyweight,45.0,0.5769230769230766,0.3793103448275862,1.0765092472379987,,0.0,0.2889999999999999,0.0,0.8280000000000001,18,0.7222222222222222,3.7444444444444445
Cung Le,9,3,0,0.12027582548733588,4.36,0.48,2.98,0.66,1.37,0.71,0.88,0.3,Light Heavyweight,52.0,0.4615384615384617,0.3103448275862067,0.8921591146120043,3826.0,75.0,19.588,0.0,1.8645000000000003,12,0.75,2.5500000000000003
Lyle Beerbohm,24,3,0,0.07518896698050656,1.98,0.55,1.61,0.54,2.1,0.23,0.64,0.3,Welterweight,46.0,0.5218723584108196,0.34482758620689663,0.9418889115982227,,0.0,0.44449999999999995,0.0,2.4985,27,0.8888888888888888,5.577777777777778
Myles Jury,17,4,0,0.06013791274366793,2.94,0.42,2.16,0.66,2.16,0.55,0.5,0.3,Featherweight,36.0,0.5769230769230766,0.34482758620689663,0.9818885758736412,2187.0,33.33333333333333,8.927333333333332,0.16666666666666666,2.6341666666666663,21,0.8095238095238095,4.361904761904762
Joshua Burkman,28,16,0,0.09773239623392123,2.69,0.43,3.13,0.51,2.53,0.36,0.72,0.3,Middleweight,44.0,0.5384615384615383,0.34482758620689663,0.9810215209023562,2551.0,25.0,6.6155,0.375,3.0497499999999995,44,0.6363636363636364,8.927272727272728
Ali Bagautinov,15,6,0,0.030068956371833978,2.85,0.42,3.09,0.52,2.51,0.36,0.65,0.3,Flyweight,39.0,0.26923076923076916,0.1379310344827586,0.43723076008536177,3007.0,14.285714285714285,3.9824285714285717,0.0,2.9289999999999994,21,0.7142857142857143,4.342857142857143
Ilir Latifi,17,9,0,0.18797241745126642,2.05,0.45,2.93,0.56,2.11,0.35,1.0,0.3,Heavyweight,42.0,0.5769230769230766,0.34482758620689663,1.1097230805812397,634.0,37.5,9.622,0.125,2.59375,26,0.6538461538461539,5.330769230769231
Katlyn Chookagian,18,5,0,0.030068956371833978,4.59,0.34,4.41,0.63,0.27,0.15,0.54,0.3,Flyweight,36.0,0.3846153846153846,0.3103448275862067,0.7250291685734253,844.0,6.25,2.2110000000000003,0.0,0.6465000000000001,23,0.782608695652174,4.756521739130435
Francis Ngannou,17,3,0,0.21804137382310043,2.33,0.41,2.16,0.41,0.76,0.62,0.71,0.3,Heavyweight,38.0,0.9615384615384612,0.5517241379310344,1.7313039732925959,1117.0,57.14285714285714,14.687714285714284,0.07142857142857142,1.2418571428571428,20,0.85,4.17
Tristan Connelly,14,8,0,0.06013791274366793,3.31,0.51,2.96,0.5,0.33,0.14,0.6,0.3,Featherweight,39.0,0.3846153846153846,0.34482758620689663,0.7895808835659491,1019.0,0.0,0.5605,0.0,0.7110000000000001,22,0.6363636363636364,4.527272727272727
Journey Newson,10,5,0,0.045086858506829315,2.64,0.32,2.57,0.64,0.56,0.16,0.43,0.3,Featherweight,35.0,0.34615384615384626,0.17241379310344812,0.5636544977641237,655.0,16.666666666666664,4.601166666666666,0.16666666666666666,0.9686666666666667,15,0.6666666666666666,3.1333333333333333
Ariane Carnelossi,14,3,0,0.01501790213499534,3.04,0.4,4.72,0.43,1.62,0.55,0.08,0.3,Strawweight,32.0,0.11538461538461542,0.0689655172413791,0.19936803476098985,270.0,20.0,5.1965,0.2,2.0604999999999998,17,0.8235294117647058,3.5647058823529414
Thibault Gouti,12,5,0,0.07518896698050656,3.68,0.34,5.64,0.5,1.23,0.8,0.83,0.3,Welterweight,37.0,0.5384615384615383,0.34482758620689663,0.9584780916489415,2300.0,33.33333333333333,8.550333333333333,0.3333333333333333,1.8163333333333334,17,0.7058823529411765,3.5411764705882356
Marlon Moraes,23,10,1,0.045086858506829315,3.37,0.4,4.53,0.54,0.87,0.41,0.46,0.3,Featherweight,36.0,0.34615384615384626,0.20689655172413768,0.5981372563848133,1068.0,45.45454545454545,11.687636363636365,0.09090909090909091,1.3002272727272728,34,0.6764705882352942,6.93529411764706
Kiichi Kunimoto,18,7,2,0.09773239623392123,1.87,0.44,3.92,0.41,1.59,0.2,0.28,0.3,Middleweight,43.0,0.5,0.34482758620689663,0.9425599824408178,2804.0,0.0,0.029000000000000026,0.4,2.048,27,0.6666666666666666,5.533333333333334
Luana Pinheiro,11,2,0,0.01501790213499534,3.89,0.41,4.38,0.62,2.36,0.4,0.66,0.3,Strawweight,32.0,0.15384615384615374,0.0689655172413791,0.23782957322252818,95.0,16.666666666666664,4.657166666666666,0.16666666666666666,2.827666666666666,13,0.8461538461538461,2.769230769230769
Jessica-Rose Clark,11,9,0,0.045086858506829315,3.73,0.51,3.51,0.58,1.66,0.42,0.62,0.3,Featherweight,37.0,0.23076923076923084,0.17241379310344812,0.44826988237950827,641.0,0.0,0.595,0.3333333333333333,2.1683333333333334,20,0.55,4.11
AJ Dobson,7,2,0,0.12027582548733588,4.38,0.47,5.25,0.47,1.82,0.75,0.64,0.3,Light Heavyweight,33.0,0.6923076923076921,0.4482758620689653,1.260859379863993,326.0,25.0,6.722,0.0,2.2965,9,0.7777777777777778,1.9555555555555557
Chidi Njokuani,22,10,0,0.12027582548733588,4.04,0.6,3.19,0.53,0.0,0.0,0.67,0.3,Light Heavyweight,36.0,0.8461538461538458,0.5172413793103448,1.4836710509515263,123.0,57.14285714285714,15.016714285714285,0.0,0.367,32,0.6875,6.5375000000000005
Jonathan Brookins,16,10,0,0.06013791274366793,2.69,0.39,3.63,0.56,1.94,0.17,0.8,0.3,Featherweight,39.0,0.6153846153846154,0.41379310344827575,1.089315631576559,4442.0,20.0,5.29,0.4,2.4455,26,0.6153846153846154,5.323076923076924
Jiri Prochazka,29,4,1,0.15037793396101312,5.31,0.55,5.17,0.4,0.61,0.5,0.68,0.3,Light Heavyweight,32.0,0.8461538461538458,0.5172413793103448,1.5137731594252037,228.0,66.66666666666666,17.388666666666662,0.16666666666666666,1.0946666666666667,34,0.8529411764705882,6.970588235294119
Kennedy Nzechukwu,12,4,0,0.15037793396101312,4.86,0.46,4.27,0.51,0.68,0.5,0.8,0.3,Light Heavyweight,32.0,0.9615384615384612,0.5862068965517243,1.6981232920511986,67.0,53.84615384615385,14.204538461538462,0.15384615384615385,1.1734615384615386,16,0.75,3.35
Luiz Cane,17,7,0,0.12027582548733588,4.79,0.41,5.0,0.6,0.56,0.28,1.0,0.3,Light Heavyweight,43.0,0.7307692307692308,0.48275862068965525,1.3338036769462218,4505.0,75.0,19.3695,0.0,1.002,24,0.7083333333333334,4.941666666666667
Lando Vannata,12,7,2,0.07518896698050656,4.52,0.45,4.76,0.55,1.09,0.37,0.69,0.3,Welterweight,32.0,0.5,0.3103448275862067,0.8855337945667132,669.0,9.090909090909092,2.8612272727272727,0.2727272727272727,1.5826818181818183,21,0.5714285714285714,4.314285714285714
Kenichi Yamamoto,5,12,2,0.09773239623392123,0.3,0.46,1.93,0.38,0.0,0.0,0.1,0.3,Middleweight,48.0,0.5968489341983318,0.41379310344827575,1.1083744338805288,,0.0,-0.06549999999999997,0.0,0.31,19,0.2631578947368421,3.852631578947369
Tor Troeng,16,7,1,0.12027582548733588,1.16,0.46,3.26,0.32,0.62,0.07,0.66,0.3,Light Heavyweight,42.0,0.6674641148325355,0.48275862068965525,1.2704985610095267,3784.0,0.0,-0.05899999999999994,0.25,1.059,24,0.6666666666666666,4.9333333333333345
David Onama,11,2,0,0.06013791274366793,5.38,0.46,5.48,0.51,0.87,0.18,0.45,0.3,Featherweight,30.0,0.6153846153846154,0.3793103448275862,1.0548328729558696,88.0,28.57142857142857,7.834357142857143,0.14285714285714285,1.2777142857142858,13,0.8461538461538461,2.769230769230769
Hayato Sakurai,38,13,2,0.09471555496618486,2.45,0.49,1.94,0.59,1.87,0.69,0.56,0.3,Welterweight,49.0,0.5218723584108196,0.24137931034482762,0.8579672237218321,,0.0,0.508,0.0,2.3295,53,0.7169811320754716,10.743396226415095
Chris Clements,12,6,0,0.09773239623392123,3.2,0.49,2.37,0.44,0.0,0.0,0.32,0.3,Middleweight,49.0,0.4615384615384617,0.34482758620689663,0.9040984439792795,3581.0,50.0,13.108500000000001,0.0,0.33199999999999996,18,0.6666666666666666,3.7333333333333334
Siyar Bahadurzada,24,8,1,0.09773239623392123,2.91,0.4,3.23,0.49,1.32,0.61,0.62,0.3,Middleweight,40.0,0.5769230769230766,0.3793103448275862,1.053965817984584,1964.0,37.5,9.7715,0.125,1.80475,33,0.7272727272727273,6.745454545454546
Valerie Letourneau,8,6,0,0.01501790213499534,4.51,0.37,5.4,0.58,0.77,0.45,0.66,0.3,Strawweight,41.0,0.3846153846153846,0.24137931034482762,0.6410125970952075,2986.0,16.666666666666664,4.645166666666666,0.0,1.2035,14,0.5714285714285714,2.9142857142857146
Bryan Barberena,18,11,0,0.09773239623392123,5.53,0.48,4.74,0.44,0.14,0.22,0.49,0.3,Middleweight,35.0,0.5384615384615383,0.41379310344827575,1.0499870381437353,333.0,31.57894736842105,8.728236842105263,0.21052631578947367,0.5746315789473684,29,0.6206896551724138,5.924137931034483
Guangyou Ning,5,4,1,0.06013791274366793,2.66,0.41,1.91,0.61,1.09,0.5,0.62,0.3,Featherweight,43.0,0.23076923076923084,0.1379310344827586,0.4288381779956574,,0.0,0.552,0.0,1.5270000000000001,10,0.5,2.1
Timur Valiev,18,3,0,0.045086858506829315,5.19,0.53,3.33,0.45,1.73,0.4,0.55,0.3,Featherweight,35.0,0.34615384615384626,0.20689655172413768,0.5981372563848133,1061.0,33.33333333333333,9.304833333333333,0.0,2.145,21,0.8571428571428571,4.371428571428572
Alejandro Perez,23,9,1,0.045086858506829315,3.45,0.35,3.18,0.61,0.54,0.22,0.7,0.3,Featherweight,35.0,0.34615384615384626,0.20689655172413768,0.5981372563848133,1082.0,25.0,6.797,0.16666666666666666,0.9846666666666667,33,0.696969696969697,6.73939393939394
Arnold Allen,19,2,0,0.06013791274366793,3.34,0.4,2.86,0.61,1.12,0.5,0.76,0.3,Featherweight,31.0,0.4615384615384617,0.2758620689655172,0.7975384432476468,200.0,7.6923076923076925,2.5005769230769235,0.15384615384615385,1.6094615384615387,21,0.9047619047619048,4.380952380952381
Macy Chiasson,9,3,0,0.045086858506829315,3.64,0.44,2.61,0.46,2.17,0.34,0.64,0.3,Featherweight,33.0,0.5384615384615383,0.3793103448275862,0.9628587417959538,228.0,27.27272727272727,7.493681818181818,0.2727272727272727,2.6531818181818183,12,0.75,2.5500000000000003
Khadis Ibragimov,8,4,0,0.15037793396101312,3.55,0.49,4.26,0.47,0.97,0.3,0.8,0.3,Light Heavyweight,29.0,0.7692307692307692,0.5172413793103448,1.436850082502127,1600.0,25.0,6.667,0.0,1.395,12,0.6666666666666666,2.5333333333333337
Chad Mendes,18,5,0,0.06013791274366793,2.78,0.49,2.35,0.67,4.13,0.55,1.0,0.3,Featherweight,39.0,0.3076923076923075,0.20689655172413768,0.574726772160113,2237.0,71.42857142857143,18.398142857142858,0.0,4.612499999999999,23,0.782608695652174,4.756521739130435
Rodrigo Damm,13,9,0,0.07518896698050656,3.5,0.36,5.61,0.57,0.44,0.16,0.8,0.3,Welterweight,45.0,0.5,0.24137931034482762,0.8165682773253342,3693.0,14.285714285714285,3.762428571428571,0.14285714285714285,0.8797142857142858,22,0.5909090909090909,4.5181818181818185
Cody Gibson,20,9,0,0.045086858506829315,4.75,0.45,4.73,0.55,1.35,0.35,0.64,0.3,Featherweight,37.0,0.5,0.34482758620689663,0.8899144447137259,102.0,12.5,3.7755,0.25,1.8290000000000002,29,0.6896551724137931,5.93793103448276
Yuri Villefort,10,5,0,0.09773239623392123,3.18,0.43,5.42,0.55,2.0,0.35,0.4,0.3,Middleweight,33.0,0.5769230769230766,0.41379310344827575,1.0884485766052736,4179.0,0.0,0.15050000000000008,0.0,2.3925,15,0.6666666666666666,3.1333333333333333
Max Holloway,25,7,0,0.06013791274366793,7.17,0.47,4.75,0.59,0.27,0.53,0.84,0.3,Featherweight,33.0,0.4230769230769229,0.3793103448275862,0.8625251806481771,109.0,33.33333333333333,9.595833333333331,0.1,0.7585000000000001,32,0.78125,6.55625
Jorge Masvidal,35,17,0,0.09773239623392123,4.05,0.47,3.05,0.64,1.38,0.59,0.72,0.3,Middleweight,40.0,0.6153846153846154,0.3793103448275862,1.0924273564461229,676.0,22.727272727272727,6.426818181818183,0.045454545454545456,1.8518636363636365,52,0.6730769230769231,10.534615384615385
Alex Morono,23,9,0,0.09773239623392123,5.02,0.41,4.17,0.58,0.34,0.22,0.5,0.3,Middleweight,34.0,0.5384615384615383,0.3793103448275862,1.0155042795230458,123.0,9.523809523809524,3.179452380952381,0.09523809523809523,0.7468095238095238,32,0.71875,6.54375
Alan Patrick,15,4,0,0.07518896698050656,1.82,0.4,2.95,0.43,3.01,0.33,0.43,0.3,Welterweight,41.0,0.6153846153846154,0.3793103448275862,1.0698839271927083,1005.0,44.44444444444444,11.26811111111111,0.0,3.4025,19,0.7894736842105263,3.9578947368421056
Jim Alers,13,3,0,0.06013791274366793,2.9,0.4,4.38,0.56,2.26,0.41,0.8,0.3,Featherweight,38.0,0.5,0.3103448275862067,0.8704827403298746,3126.0,33.33333333333333,8.565333333333331,0.0,2.7015,16,0.8125,3.3625000000000003
Matt Bessette,22,9,0,0.06013791274366793,4.36,0.41,4.45,0.58,0.64,0.28,0.61,0.3,Featherweight,40.0,0.4615384615384617,0.34482758620689663,0.8665039604890262,2413.0,0.0,0.5915000000000001,0.0,1.0430000000000001,31,0.7096774193548387,6.341935483870968
Alan Jouban,17,7,0,0.09773239623392123,5.67,0.5,3.77,0.6,0.51,0.44,0.58,0.3,Middleweight,43.0,0.5769230769230766,0.41379310344827575,1.0884485766052736,1544.0,46.15384615384615,12.580461538461538,0.07692307692307693,0.9532307692307694,24,0.7083333333333334,4.941666666666667
Tony Gravely,23,9,0,0.045086858506829315,3.82,0.48,4.47,0.44,5.4,0.41,0.52,0.3,Featherweight,33.0,0.4230769230769229,0.17241379310344812,0.6405775746872003,704.0,25.0,6.6965,0.125,5.8447499999999994,32,0.71875,6.54375
Viscardi Andrade,19,6,0,0.09773239623392123,3.26,0.42,2.77,0.63,1.93,0.5,0.66,0.3,Middleweight,40.0,0.6538461538461537,0.3793103448275862,1.1308888949076612,3252.0,25.0,6.828,0.0,2.3709999999999996,25,0.76,5.152
Daniel Kelly,13,4,0,0.12027582548733588,3.62,0.38,4.64,0.61,1.86,0.34,0.78,0.3,Light Heavyweight,47.0,0.4615384615384617,0.41379310344827575,0.9956073904740733,2453.0,40.0,10.3765,0.1,2.314,17,0.7647058823529411,3.5529411764705885
Chance Rencountre,14,4,0,0.09773239623392123,1.1,0.2,3.62,0.49,1.35,0.26,0.16,0.3,Middleweight,38.0,0.6538461538461537,0.48275862068965525,1.2343371707697304,1929.0,25.0,6.0955,0.25,1.7675,18,0.7777777777777778,3.7555555555555555
Kai Kamaka,8,4,1,0.06013791274366793,4.96,0.57,5.29,0.55,1.93,0.58,0.52,0.3,Featherweight,30.0,0.4230769230769229,0.24137931034482762,0.7245941461654184,1383.0,0.0,0.6430000000000001,0.0,2.3689999999999998,13,0.6153846153846154,2.723076923076923
Sijara Eubanks,8,7,0,0.030068956371833978,4.3,0.43,3.43,0.57,1.9,0.44,0.66,0.3,Flyweight,39.0,0.34615384615384626,0.1379310344827586,0.5141538370084389,1152.0,20.0,5.732,0.0,2.332,15,0.5333333333333333,3.1066666666666665
Glaico Franca Moreira,15,5,0,0.07518896698050656,2.35,0.42,3.46,0.47,2.68,0.42,0.76,0.3,Welterweight,33.0,0.7307692307692308,0.41379310344827575,1.2197513011980132,,0.0,0.22299999999999998,0.0,3.119,20,0.75,4.15
Devonte Smith,11,4,0,0.07518896698050656,4.55,0.53,3.91,0.49,0.35,0.25,0.85,0.3,Welterweight,31.0,0.6923076923076921,0.3103448275862067,1.0778414868744053,1075.0,80.0,20.7305,0.0,0.7725,15,0.7333333333333333,3.1466666666666665
Luan Chagas,15,3,1,0.09773239623392123,4.16,0.47,3.19,0.62,0.32,0.12,0.85,0.3,Middleweight,31.0,0.6538461538461537,0.41379310344827575,1.1653716535283507,2489.0,33.33333333333333,9.081833333333332,0.3333333333333333,0.8063333333333335,19,0.7894736842105263,3.9578947368421056
Jesse Lennox,14,4,0,0.09773239623392123,2.69,0.32,3.2,0.64,1.22,0.66,0.63,0.3,Middleweight,42.0,0.5384615384615383,0.3103448275862067,0.9465387622816662,5359.0,0.0,0.3524999999999999,1.0,1.932,18,0.7777777777777778,3.7555555555555555
Syuri Kondo,6,3,0,0.01501790213499534,5.4,0.44,7.22,0.58,0.0,0.0,0.83,0.3,Strawweight,36.0,0.3076923076923075,0.1379310344827586,0.4606412443100614,2062.0,25.0,6.692,0.0,0.383,9,0.6666666666666666,1.9333333333333333
Brady Hiestand,8,2,0,0.045086858506829315,2.93,0.52,3.65,0.53,4.06,0.46,0.42,0.3,Featherweight,25.0,0.5,0.2758620689655172,0.8209489274723465,242.0,25.0,6.6185,0.25,4.533499999999999,10,0.8,2.16
Ode Osbourne,12,6,0,0.030068956371833978,3.74,0.39,4.41,0.45,1.37,0.27,0.68,0.3,Flyweight,33.0,0.5769230769230766,0.24137931034482762,0.8483713436397382,151.0,37.5,9.794,0.25,1.8410000000000002,18,0.6666666666666666,3.7333333333333334
Zach Makovsky,20,8,0,0.030068956371833978,1.94,0.43,2.24,0.62,3.71,0.3,0.56,0.3,Flyweight,41.0,0.23076923076923084,0.1379310344827586,0.39876922162382344,2986.0,0.0,0.3279999999999999,0.0,4.111,28,0.7142857142857143,5.742857142857144
Brian Stann,12,6,0,0.15037793396101312,3.28,0.42,2.65,0.59,0.12,0.12,0.6,0.3,Light Heavyweight,44.0,0.6153846153846154,0.4482758620689653,1.214038411414594,4365.0,57.14285714285714,14.880714285714284,0.2857142857142857,0.5694285714285714,18,0.6666666666666666,3.7333333333333334
Johny Hendricks,18,8,0,0.12027582548733588,3.49,0.45,3.99,0.53,3.83,0.46,0.63,0.3,Light Heavyweight,41.0,0.4230769230769229,0.3103448275862067,0.8536975761504655,2657.0,36.84210526315789,9.654026315789473,0.0,4.2620000000000005,26,0.6923076923076923,5.338461538461539
Thiago Alves,23,15,0,0.09773239623392123,3.73,0.41,3.42,0.62,0.71,0.6,0.63,0.3,Middleweight,41.0,0.4615384615384617,0.3103448275862067,0.8696156853585896,1894.0,13.333333333333334,3.927833333333334,0.2,1.213,38,0.6052631578947368,7.721052631578948
Waylon Lowe,16,7,0,0.06013791274366793,1.88,0.55,2.4,0.53,4.47,0.55,0.83,0.3,Featherweight,44.0,0.4423076923076923,0.24137931034482762,0.7438249153961878,5072.0,25.0,6.549499999999999,0.25,4.997999999999999,23,0.6956521739130435,4.739130434782609
Gabe Green,11,5,0,0.09773239623392123,6.28,0.45,6.95,0.47,0.83,0.5,0.53,0.3,Middleweight,31.0,0.5769230769230766,0.34482758620689663,1.0194830593638944,641.0,40.0,10.687999999999999,0.0,1.258,16,0.6875,3.3375000000000004
Keita Nakamura,34,10,2,0.09773239623392123,2.23,0.36,3.2,0.58,1.65,0.48,0.63,0.3,Middleweight,40.0,0.5769230769230766,0.3793103448275862,1.053965817984584,2125.0,0.0,0.23649999999999993,0.125,2.11625,46,0.7391304347826086,9.347826086956523
Joselyne Edwards,13,5,0,0.045086858506829315,4.71,0.52,3.36,0.5,1.0,0.33,0.64,0.3,Featherweight,29.0,0.4615384615384617,0.2758620689655172,0.7824873890108082,116.0,0.0,0.8525,0.125,1.4447500000000002,18,0.7222222222222222,3.7444444444444445
Daniel Zellhuber,14,1,0,0.07518896698050656,5.26,0.39,4.79,0.53,0.28,0.33,0.94,0.3,Welterweight,25.0,0.7307692307692308,0.4482758620689653,1.2542340598187027,151.0,0.0,0.7539999999999999,0.2,0.7735000000000001,15,0.9333333333333333,3.1866666666666665
Heather Clark,7,6,0,0.01501790213499534,3.69,0.49,5.62,0.5,0.33,0.04,0.8,0.3,Strawweight,44.0,0.23076923076923084,0.20689655172413768,0.45268368462836384,,0.0,0.25249999999999995,0.0,0.716,13,0.5384615384615384,2.707692307692308
Amar Suloev,24,7,0,0.1172921363214428,1.98,0.37,2.19,0.7,0.27,1.0,0.88,0.3,Middleweight,48.0,0.5968489341983318,0.3103448275862067,1.0244858981059815,,0.0,0.3455,0.0,0.808,31,0.7741935483870968,6.35483870967742
Pete Spratt,25,23,0,0.09773239623392123,1.63,0.48,1.33,0.55,0.3,1.0,0.46,0.3,Middleweight,54.0,0.5968489341983318,0.3103448275862067,1.0049261580184599,,0.0,0.38649999999999995,0.0,0.7959999999999999,48,0.5208333333333334,9.704166666666667
John Franchi,6,2,0,0.06013791274366793,1.83,0.48,2.59,0.48,2.68,0.8,0.4,0.3,Featherweight,42.0,0.34615384615384626,0.20689655172413768,0.6131883106216518,,0.0,0.237,0.0,3.14,8,0.75,1.75
Tiago dos Santos e Silva,20,7,2,0.06013791274366793,3.69,0.35,4.23,0.59,0.63,0.11,0.33,0.3,Featherweight,37.0,0.4615384615384617,0.3103448275862067,0.8320212018683363,,0.0,0.4464999999999999,0.0,0.9795,29,0.6896551724137931,5.93793103448276
Rinat Fakhretdinov,21,1,1,0.09773239623392123,4.05,0.56,2.16,0.52,4.25,0.46,1.0,0.3,Middleweight,33.0,0.6153846153846154,0.41379310344827575,1.1269101150668124,109.0,0.0,0.8785000000000001,0.2,4.768999999999999,23,0.9130434782608695,4.782608695652175
Frankie Edgar,23,11,1,0.045086858506829315,3.77,0.4,2.82,0.65,2.29,0.31,0.65,0.3,Featherweight,43.0,0.3846153846153846,0.20689655172413768,0.6365987948463516,823.0,31.818181818181817,8.651545454545454,0.045454545454545456,2.712863636363636,35,0.6571428571428571,7.131428571428572
Martin Buday,13,1,0,0.24058480307651503,5.62,0.52,5.4,0.55,0.3,0.5,1.0,0.3,Heavyweight,33.0,0.7307692307692308,0.5517241379310344,1.5230781717767803,228.0,16.666666666666664,4.9481666666666655,0.16666666666666666,0.8166666666666665,14,0.9285714285714286,2.9857142857142858
Conor Heun,9,5,0,0.07518896698050656,2.92,0.36,3.66,0.54,2.45,0.31,0.33,0.3,Welterweight,46.0,0.5218723584108196,0.34482758620689663,0.9418889115982227,,0.0,0.33399999999999985,0.0,2.8295,14,0.6428571428571429,2.928571428571429
Hannah Cifers,10,7,0,0.01501790213499534,4.99,0.44,5.39,0.52,0.26,1.0,0.64,0.3,Strawweight,32.0,0.15384615384615374,0.03448275862068955,0.20334681460183862,1628.0,28.57142857142857,7.747857142857144,0.42857142857142855,0.8811428571428571,17,0.5882352941176471,3.51764705882353
Jan Blachowicz,29,10,1,0.15037793396101312,3.41,0.5,2.91,0.53,1.09,0.5,0.68,0.3,Light Heavyweight,41.0,0.7692307692307692,0.48275862068965525,1.4023673238814376,564.0,21.052631578947366,5.858657894736842,0.15789473684210525,1.5724736842105265,40,0.725,8.145
Ian Loveland,18,10,0,0.06013791274366793,2.71,0.4,2.36,0.64,1.0,0.37,0.69,0.3,Featherweight,41.0,0.4423076923076923,0.2758620689655172,0.7783076740168774,4918.0,0.0,0.49950000000000006,0.0,1.4245,28,0.6428571428571429,5.7285714285714295
Carlos Candelario,8,3,0,0.030068956371833978,3.97,0.46,5.17,0.44,2.28,0.36,0.53,0.3,Flyweight,33.0,0.3846153846153846,0.2758620689655172,0.6905464099527358,830.0,0.0,0.3750000000000001,0.5,2.8119999999999994,11,0.7272727272727273,2.3454545454545457
Max Griffin,19,10,0,0.09773239623392123,4.09,0.49,3.94,0.57,1.48,0.41,0.69,0.3,Middleweight,39.0,0.6923076923076921,0.3793103448275862,1.1693504333691995,67.0,11.76470588235294,3.556176470588235,0.058823529411764705,1.925205882352941,29,0.6551724137931034,5.931034482758621
Neil Magny,28,12,0,0.09773239623392123,3.45,0.46,2.4,0.53,2.22,0.4,0.55,0.3,Middleweight,37.0,0.8461538461538458,0.5172413793103448,1.461127621698112,95.0,26.47058823529412,7.291647058823529,0.20588235294117646,2.686470588235294,40,0.7,8.14
Nazim Sadykhov,9,1,1,0.07518896698050656,4.94,0.48,5.72,0.48,1.71,0.62,0.75,0.3,Welterweight,30.0,0.4230769230769229,0.34482758620689663,0.8430934762643261,578.0,0.0,0.5450000000000003,0.5,2.303,11,0.8181818181818182,2.3636363636363638
Cory Sandhagen,17,4,0,0.045086858506829315,5.33,0.44,3.4,0.58,1.36,0.33,0.64,0.3,Featherweight,32.0,0.4615384615384617,0.3793103448275862,0.8859356648728771,193.0,14.285714285714285,4.568928571428572,0.14285714285714285,1.809214285714286,21,0.8095238095238095,4.361904761904762
Trevin Giles,16,5,0,0.09773239623392123,2.97,0.53,2.09,0.59,1.27,0.55,0.71,0.3,Middleweight,32.0,0.6153846153846154,0.41379310344827575,1.1269101150668124,102.0,35.714285714285715,9.552071428571429,0.21428571428571427,1.7770714285714286,21,0.7619047619047619,4.352380952380953
Frankie Perez,10,4,0,0.07518896698050656,1.64,0.41,2.17,0.54,1.75,0.41,0.5,0.3,Welterweight,35.0,0.5769230769230766,0.3793103448275862,1.0314223887311695,2762.0,50.0,12.7475,0.0,2.1614999999999998,14,0.7142857142857143,2.942857142857143
Dan Ige,17,7,0,0.06013791274366793,3.76,0.45,3.53,0.57,1.07,0.26,0.58,0.3,Featherweight,33.0,0.5,0.24137931034482762,0.8015172230884955,109.0,16.666666666666664,4.752666666666666,0.05555555555555555,1.480888888888889,24,0.7083333333333334,4.941666666666667
Nah-Shon Burrell,15,7,0,0.09773239623392123,4.83,0.47,3.45,0.56,0.0,0.0,0.52,0.3,Middleweight,35.0,0.5968489341983318,0.3793103448275862,1.0738916752598393,4281.0,0.0,0.8680000000000002,0.0,0.352,22,0.6818181818181818,4.536363636363637
Alex Da Silva,21,4,0,0.07518896698050656,2.14,0.46,2.52,0.56,1.97,0.43,0.76,0.3,Welterweight,29.0,0.5769230769230766,0.2758620689655172,0.9279741128691004,984.0,0.0,0.33299999999999996,0.25,2.473,25,0.84,5.168
Bruno Santos,15,2,0,0.12027582548733588,1.18,0.46,2.27,0.56,3.0,0.37,0.66,0.3,Light Heavyweight,37.0,0.6674641148325355,0.3103448275862067,1.0980847679060781,3784.0,0.0,0.13050000000000006,0.0,3.4214999999999995,17,0.8823529411764706,3.5764705882352943
Andre Fili,22,10,0,0.06013791274366793,3.83,0.37,4.13,0.51,2.22,0.47,0.69,0.3,Featherweight,34.0,0.6153846153846154,0.3793103448275862,1.0548328729558696,228.0,31.818181818181817,8.443045454545453,0.09090909090909091,2.682227272727273,32,0.6875,6.5375000000000005
Carlos Hernandez,9,2,0,0.030068956371833978,5.51,0.46,4.41,0.49,1.24,0.16,0.65,0.3,Flyweight,31.0,0.34615384615384626,0.2758620689655172,0.6520848714911974,81.0,16.666666666666664,5.048166666666666,0.16666666666666666,1.6706666666666667,11,0.8181818181818182,2.3636363636363638
Julia Avila,9,3,0,0.045086858506829315,2.59,0.43,2.86,0.5,0.54,0.33,0.5,0.3,Featherweight,36.0,0.3846153846153846,0.24137931034482762,0.6710815534670416,438.0,20.0,5.379499999999999,0.4,1.0395,12,0.75,2.5500000000000003
Tracy Cortez,11,1,0,0.030068956371833978,4.11,0.53,2.79,0.6,2.33,0.46,0.75,0.3,Flyweight,31.0,0.26923076923076916,0.17241379310344812,0.47171351870605127,214.0,0.0,0.8050000000000003,0.0,2.774,12,0.9166666666666666,2.583333333333334
Deividas Taurosevicius,17,5,0,0.06013791274366793,2.13,0.43,1.82,0.59,2.0,0.28,0.5,0.3,Featherweight,47.0,0.3846153846153846,0.3103448275862067,0.7550981249452592,,0.0,0.43399999999999994,0.0,2.3919999999999995,22,0.7727272727272727,4.554545454545455
Enrique Barzola,17,5,2,0.06013791274366793,3.91,0.41,2.97,0.68,4.2,0.45,0.66,0.3,Featherweight,35.0,0.4615384615384617,0.24137931034482762,0.7630556846269572,1936.0,0.0,0.7160000000000002,0.0,4.6335,24,0.7083333333333334,4.941666666666667
Nick Ring,14,4,0,0.12027582548733588,3.52,0.42,3.48,0.62,1.36,0.36,0.52,0.3,Light Heavyweight,46.0,0.6153846153846154,0.41379310344827575,1.149453544320227,4086.0,0.0,0.5349999999999999,0.16666666666666666,1.807666666666667,18,0.7777777777777778,3.7555555555555555
Amir Sadollah,6,5,0,0.09773239623392123,4.71,0.46,3.55,0.6,0.57,0.27,0.6,0.3,Middleweight,44.0,0.6538461538461537,0.34482758620689663,1.0964061362869715,3798.0,14.285714285714285,4.398428571428572,0.0,0.9704999999999999,11,0.5454545454545454,2.309090909090909
Carla Esparza,20,7,0,0.01501790213499534,2.16,0.4,2.69,0.55,3.22,0.35,0.47,0.3,Strawweight,37.0,0.1923076923076925,0.03448275862068955,0.2418083530633774,130.0,13.333333333333334,3.6323333333333334,0.13333333333333333,3.6528333333333336,27,0.7407407407407407,5.548148148148148
Joanne Wood,16,8,0,0.030068956371833978,6.93,0.51,4.72,0.51,1.57,0.54,0.59,0.3,Flyweight,39.0,0.26923076923076916,0.20689655172413768,0.5061962773267408,340.0,0.0,1.203,0.5,2.135,24,0.6666666666666666,4.9333333333333345
Benito Lopez,10,2,0,0.045086858506829315,4.39,0.45,5.18,0.56,0.0,0.0,0.73,0.3,Featherweight,30.0,0.5769230769230766,0.34482758620689663,0.9668375216368026,830.0,0.0,0.49450000000000016,0.5,0.498,12,0.8333333333333334,2.566666666666667
Daniel Teymur,7,4,0,0.06013791274366793,3.08,0.46,3.93,0.56,0.56,0.18,0.6,0.3,Featherweight,37.0,0.4230769230769229,0.17241379310344812,0.655628628924039,1887.0,20.0,5.3565,0.4,1.0470000000000002,11,0.6363636363636364,2.3272727272727276
Dennis Siver,23,11,0,0.06013791274366793,3.87,0.32,2.67,0.65,0.87,0.32,0.65,0.3,Featherweight,46.0,0.4615384615384617,0.20689655172413768,0.7285729260062672,2789.0,15.384615384615385,4.574653846153846,0.15384615384615385,1.3214615384615387,34,0.6764705882352942,6.93529411764706
Jessin Ayari,16,6,0,0.07518896698050656,3.53,0.37,3.59,0.58,0.0,0.0,0.5,0.3,Welterweight,32.0,0.5769230769230766,0.41379310344827575,1.065905147351859,1593.0,0.0,0.5049999999999999,0.0,0.35,22,0.7272727272727273,4.545454545454546
Michael Bisping,30,9,0,0.12027582548733588,4.33,0.38,2.71,0.65,1.05,0.43,0.63,0.3,Light Heavyweight,45.0,0.6538461538461537,0.4482758620689653,1.2223978414024548,2636.0,33.33333333333333,9.182833333333333,0.1111111111111111,1.5052777777777777,39,0.7692307692307693,7.953846153846155
Movsar Evloev,17,0,0,0.06013791274366793,4.57,0.49,2.74,0.61,4.71,0.5,0.71,0.3,Featherweight,31.0,0.5384615384615383,0.24137931034482762,0.8399787615500338,67.0,0.0,0.921,0.0,5.156,17,1.0,3.6000000000000005
Gilbert Melendez,22,8,0,0.06013791274366793,3.44,0.33,2.53,0.63,1.64,0.41,0.71,0.2,Featherweight,42.0,0.5769230769230766,0.3103448275862067,0.9474058172529513,2048.0,0.0,0.641,0.14285714285714285,2.0082142857142853,30,0.7333333333333333,6.1466666666666665
Mike Davis,10,2,0,0.07518896698050656,5.83,0.52,6.2,0.56,3.04,0.53,0.69,0.2,Welterweight,32.0,0.5384615384615383,0.41379310344827575,1.0274436088903207,333.0,20.0,5.7155000000000005,0.4,3.4885,12,0.8333333333333334,2.566666666666667
Henrique da Silva,14,5,0,0.15037793396101312,3.89,0.6,5.28,0.4,0.25,0.14,0.22,0.2,Light Heavyweight,35.0,0.6923076923076921,0.5172413793103448,1.35992700557905,2700.0,50.0,12.8605,0.3333333333333333,0.5763333333333334,19,0.7368421052631579,3.947368421052632
Will Campuzano,14,6,0,0.030068956371833978,2.43,0.31,3.82,0.57,0.88,0.45,0.48,0.2,Flyweight,38.0,0.4615384615384617,0.3103448275862067,0.8019522454965023,3987.0,0.0,0.18200000000000005,0.25,1.258,20,0.7,4.14
Vitor Miranda,12,5,0,0.12027582548733588,2.98,0.45,2.95,0.58,0.95,0.55,0.5,0.2,Light Heavyweight,45.0,0.7307692307692308,0.4482758620689653,1.2993209183255319,2397.0,42.857142857142854,11.193785714285713,0.0,1.2825,17,0.7058823529411765,3.5411764705882356
Khalid Taha,13,5,0,0.045086858506829315,2.64,0.32,4.12,0.46,0.0,0.0,0.61,0.2,Featherweight,32.0,0.4230769230769229,0.17241379310344812,0.6405775746872003,893.0,33.33333333333333,8.508333333333331,0.16666666666666666,0.3026666666666667,18,0.7222222222222222,3.7444444444444445
Manny Tapia,12,14,1,0.045086858506829315,2.69,0.21,4.74,0.58,0.49,0.4,0.66,0.2,Featherweight,43.0,0.34615384615384626,0.17241379310344812,0.5636544977641237,,0.0,0.09050000000000002,0.0,0.8160000000000001,27,0.4444444444444444,5.488888888888889
Nam Phan,21,17,0,0.045086858506829315,4.52,0.37,6.55,0.59,0.18,0.18,0.6,0.2,Featherweight,41.0,0.4615384615384617,0.20689655172413768,0.7135218717694287,4001.0,0.0,0.31000000000000005,0.0,0.467,38,0.5526315789473685,7.710526315789474
Gina Mazany,7,6,0,0.030068956371833978,3.73,0.5,3.52,0.5,4.34,0.52,0.33,0.2,Flyweight,36.0,0.3846153846153846,0.20689655172413768,0.6215808927113562,1019.0,37.5,9.9545,0.125,4.682250000000001,13,0.5384615384615384,2.707692307692308
Omari Akhmedov,21,6,1,0.12027582548733588,2.97,0.34,2.84,0.55,2.58,0.45,0.65,0.2,Light Heavyweight,37.0,0.5769230769230766,0.41379310344827575,1.1109920058586882,1313.0,14.285714285714285,4.038428571428571,0.07142857142857142,2.930357142857143,28,0.75,5.750000000000001
Mike Perry,14,8,0,0.09773239623392123,4.32,0.47,5.16,0.52,0.81,0.4,0.78,0.2,Middleweight,33.0,0.5,0.34482758620689663,0.9425599824408178,1404.0,33.33333333333333,8.811333333333334,0.06666666666666667,1.1646666666666667,22,0.6363636363636364,4.527272727272727
Douglas Silva de Andrade,29,5,0,0.045086858506829315,3.66,0.38,3.99,0.58,0.61,0.46,0.7,0.2,Featherweight,39.0,0.3846153846153846,0.24137931034482762,0.6710815534670416,242.0,15.384615384615385,4.3256538461538465,0.15384615384615385,0.9874615384615385,34,0.8529411764705882,6.970588235294119
Paul Felder,17,6,0,0.07518896698050656,3.7,0.44,3.44,0.48,0.29,0.28,0.64,0.2,Welterweight,40.0,0.4615384615384617,0.3793103448275862,0.9160377733465545,1551.0,20.0,5.569,0.06666666666666667,0.6126666666666667,23,0.7391304347826086,4.747826086956522
Trevin Jones,13,10,0,0.045086858506829315,2.13,0.37,4.29,0.39,0.62,0.15,0.6,0.2,Featherweight,34.0,0.4615384615384617,0.24137931034482762,0.7480046303901187,711.0,16.666666666666664,4.188166666666666,0.16666666666666666,0.9441666666666665,23,0.5652173913043478,4.71304347826087
Hyun Gyu Lim,13,7,1,0.09773239623392123,4.45,0.41,5.07,0.51,0.23,1.0,0.73,0.2,Middleweight,40.0,0.7307692307692308,0.5172413793103448,1.345743006313497,2700.0,71.42857142857143,18.367642857142858,0.0,0.653,21,0.6190476190476191,4.323809523809524
LC Davis,23,8,0,0.045086858506829315,2.04,0.3,2.1,0.59,2.27,0.46,0.66,0.2,Featherweight,44.0,0.4230769230769229,0.2758620689655172,0.7440258505492694,,0.0,0.3435000000000001,0.0,2.605,31,0.7419354838709677,6.348387096774194
Nicholas Musoke,13,5,0,0.09773239623392123,3.56,0.35,3.8,0.57,1.16,0.19,0.82,0.2,Middleweight,38.0,0.6538461538461537,0.41379310344827575,1.1653716535283507,,0.0,0.4754999999999999,0.0,1.4705,18,0.7222222222222222,3.7444444444444445
Eric Shelton,12,6,0,0.030068956371833978,2.57,0.42,1.88,0.63,2.83,0.51,0.46,0.2,Flyweight,34.0,0.3846153846153846,0.20689655172413768,0.6215808927113562,2153.0,0.0,0.5389999999999999,0.0,3.1525,18,0.6666666666666666,3.7333333333333334
Mara Romero Borella,12,9,0,0.030068956371833978,2.54,0.37,2.48,0.71,1.83,0.44,0.66,0.2,Flyweight,38.0,0.4230769230769229,0.20689655172413768,0.6600424311728945,1607.0,12.5,3.5685000000000002,0.25,2.2245000000000004,21,0.5714285714285714,4.314285714285714
Nick Maximov,8,2,0,0.12027582548733588,1.93,0.45,2.64,0.46,4.16,0.45,0.35,0.2,Light Heavyweight,27.0,0.6923076923076921,0.41379310344827575,1.2263766212433036,851.0,0.0,0.24549999999999994,0.25,4.525,10,0.8,2.16
Danielle Taylor,9,4,0,0.01501790213499534,2.75,0.29,3.31,0.71,0.2,0.2,0.7,0.2,Strawweight,35.0,0.0769230769230771,0.0,0.09194097905807243,2384.0,0.0,0.3555000000000001,0.0,0.5,13,0.6923076923076923,2.7384615384615385
Andrei Arlovski,34,22,0,0.20299031958626176,3.78,0.45,3.2,0.57,0.39,0.36,0.76,0.2,Heavyweight,46.0,0.7307692307692308,0.5172413793103448,1.4510009296658373,228.0,25.925925925925924,7.12198148148148,0.07407407407407407,0.7385185185185185,56,0.6071428571428571,11.321428571428573
Chris Beal,10,5,0,0.030068956371833978,3.45,0.35,3.18,0.61,1.6,0.58,0.78,0.2,Flyweight,39.0,0.4230769230769229,0.24137931034482762,0.6945251897935845,3161.0,20.0,5.547,0.2,2.015,15,0.6666666666666666,3.1333333333333333
Hannah Goldy,6,4,0,0.01501790213499534,5.19,0.47,4.67,0.5,0.66,0.12,0.54,0.2,Strawweight,32.0,0.11538461538461542,0.1379310344827586,0.26833355200236936,508.0,20.0,5.766,0.2,0.9820000000000002,10,0.6,2.12
Danny Castillo,17,10,0,0.07518896698050656,2.57,0.42,1.96,0.62,2.95,0.38,0.63,0.2,Welterweight,45.0,0.5,0.3103448275862067,0.8855337945667132,3343.0,28.57142857142857,7.668357142857142,0.0,3.2700000000000005,27,0.6296296296296297,5.525925925925926
Karolina Kowalkiewicz,16,7,0,0.01501790213499534,5.92,0.43,5.55,0.59,0.36,0.26,0.74,0.2,Strawweight,39.0,0.23076923076923084,0.10344827586206903,0.3492354087662952,95.0,5.555555555555555,2.210888888888889,0.16666666666666666,0.7146666666666667,23,0.6956521739130435,4.739130434782609
Michinori Tanaka,11,3,0,0.045086858506829315,1.97,0.37,1.99,0.5,2.4,0.38,0.43,0.2,Featherweight,34.0,0.34615384615384626,0.17241379310344812,0.5636544977641237,2930.0,0.0,0.34299999999999997,0.0,2.7,14,0.7857142857142857,2.9571428571428573
Randa Markos,11,12,1,0.01501790213499534,2.97,0.43,3.1,0.58,1.12,0.28,0.52,0.2,Strawweight,39.0,0.1923076923076925,0.1379310344827586,0.34525662892544645,1208.0,0.0,0.4505,0.11764705882352941,1.4434117647058824,24,0.4583333333333333,4.8916666666666675
Jared Gooden,23,9,0,0.09773239623392123,5.08,0.49,6.68,0.48,0.67,1.0,0.65,0.2,Middleweight,31.0,0.7307692307692308,0.41379310344827575,1.2422947304514278,123.0,14.285714285714285,4.009428571428572,0.14285714285714285,1.1207142857142858,32,0.71875,6.54375
Makhmud Muradov,26,8,0,0.12027582548733588,4.21,0.43,2.56,0.61,3.04,0.66,0.77,0.2,Light Heavyweight,35.0,0.6538461538461537,0.48275862068965525,1.2568806000231447,571.0,16.666666666666664,5.012666666666666,0.16666666666666666,3.457666666666667,34,0.7647058823529411,6.952941176470589
Seo Hee Ham,17,8,0,0.01501790213499534,4.2,0.39,5.15,0.61,0.0,0.0,0.66,0.2,Strawweight,37.0,0.15384615384615374,0.0689655172413791,0.23782957322252818,,0.0,0.44699999999999995,0.0,0.266,25,0.68,5.136
Richard Walsh,9,5,0,0.09773239623392123,3.84,0.46,2.72,0.58,1.55,0.4,0.66,0.2,Middleweight,36.0,0.5769230769230766,0.41379310344827575,1.0884485766052736,3000.0,16.666666666666664,4.897666666666666,0.0,1.8760000000000001,14,0.6428571428571429,2.928571428571429
Ismail Naurdiev,19,4,0,0.09773239623392123,3.17,0.52,1.3,0.68,1.25,0.71,0.7,0.2,Middleweight,28.0,0.6153846153846154,0.34482758620689663,1.0579445978254332,109.0,0.0,0.8034999999999999,0.0,1.6265,23,0.8260869565217391,4.765217391304349
Mark Hunt,13,14,1,0.24058480307651503,2.81,0.43,2.9,0.51,0.51,0.55,0.64,0.2,Heavyweight,50.0,0.5384615384615383,0.34482758620689663,1.1238739277449499,2265.0,68.75,17.6175,0.125,0.88775,28,0.4642857142857143,5.692857142857143
Charles Johnson,13,6,0,0.030068956371833978,4.34,0.55,3.27,0.54,0.19,0.14,0.62,0.2,Flyweight,34.0,0.4615384615384617,0.3103448275862067,0.8019522454965023,116.0,20.0,5.7855,0.0,0.47300000000000003,19,0.6842105263157895,3.936842105263158
Scott Holtzman,14,6,0,0.07518896698050656,4.32,0.47,3.66,0.55,1.88,0.56,0.67,0.2,Welterweight,41.0,0.4230769230769229,0.3103448275862067,0.8086107176436361,802.0,7.6923076923076925,2.6305769230769234,0.07692307692307693,2.2502307692307695,20,0.7,4.14
Felicia Spencer,9,3,0,0.06013791274366793,3.21,0.48,4.54,0.45,1.18,0.18,0.27,0.2,Featherweight,34.0,0.3846153846153846,0.20689655172413768,0.6516498490831901,1187.0,33.33333333333333,8.618333333333332,0.16666666666666666,1.4756666666666665,12,0.75,2.5500000000000003
Giga Chikadze,15,3,0,0.06013791274366793,4.08,0.43,3.44,0.62,0.23,0.33,0.69,0.2,Featherweight,36.0,0.6153846153846154,0.41379310344827575,1.089315631576559,200.0,10.0,3.183,0.0,0.5485,18,0.8333333333333334,3.7666666666666666
Colby Covington,17,3,0,0.09773239623392123,4.1,0.39,3.05,0.55,4.05,0.45,0.72,0.2,Middleweight,36.0,0.5384615384615383,0.3793103448275862,1.0155042795230458,424.0,12.5,3.853,0.1875,4.436375,20,0.85,4.17
Melvin Guillard,32,18,2,0.07518896698050656,2.96,0.4,1.85,0.66,1.3,0.63,0.61,0.2,Welterweight,41.0,0.5,0.3103448275862067,0.8855337945667132,3994.0,45.45454545454545,12.005136363636364,0.18181818181818182,1.7009545454545454,52,0.6153846153846154,10.523076923076923
Aleksandar Rakic,14,3,0,0.15037793396101312,4.01,0.5,2.3,0.53,0.82,0.25,0.9,0.2,Light Heavyweight,33.0,0.7692307692307692,0.5517241379310344,1.4713328411228166,109.0,30.0,8.337,0.0,1.1475,17,0.8235294117647058,3.5647058823529414
Tim Means,33,15,1,0.09773239623392123,5.1,0.49,3.65,0.6,1.16,0.42,0.65,0.2,Middleweight,40.0,0.6538461538461537,0.48275862068965525,1.2343371707697304,130.0,27.586206896551722,7.8120517241379295,0.27586206896551724,1.556965517241379,49,0.673469387755102,9.934693877551021
Zhalgas Zhumagulov,14,9,0,0.030068956371833978,5.24,0.43,5.86,0.52,1.3,0.19,0.75,0.2,Flyweight,36.0,0.3076923076923075,0.1379310344827586,0.4756922985469001,599.0,16.666666666666664,4.761666666666667,0.16666666666666666,1.6451666666666667,23,0.6086956521739131,4.721739130434783
Tucker Lutz,12,4,0,0.06013791274366793,3.74,0.46,3.25,0.44,1.99,0.44,0.69,0.2,Featherweight,30.0,0.5384615384615383,0.2758620689655172,0.8744615201707234,578.0,0.0,0.6055000000000001,0.25,2.3875,16,0.75,3.35
Impa Kasanganay,9,2,0,0.09773239623392123,4.96,0.48,3.66,0.58,1.75,0.58,0.66,0.2,Middleweight,31.0,0.6538461538461537,0.3793103448275862,1.1308888949076612,1243.0,25.0,7.124,0.0,2.103,11,0.8181818181818182,2.3636363636363638
Mike Pierce,17,7,0,0.09773239623392123,2.62,0.42,2.36,0.62,3.08,0.42,0.71,0.2,Middleweight,44.0,0.5,0.2758620689655172,0.8735944651994384,3351.0,25.0,6.728,0.16666666666666666,3.455666666666667,24,0.7083333333333334,4.941666666666667
CJ Vergara,12,4,1,0.030068956371833978,6.01,0.57,5.01,0.53,0.0,0.0,0.74,0.2,Flyweight,33.0,0.3846153846153846,0.20689655172413768,0.6215808927113562,123.0,28.57142857142857,8.087357142857142,0.14285714285714285,0.3097142857142857,17,0.7058823529411765,3.5411764705882356
Luke Sanders,13,5,0,0.045086858506829315,6.61,0.52,4.37,0.5,0.71,0.3,0.72,0.2,Featherweight,39.0,0.34615384615384626,0.20689655172413768,0.5981372563848133,1383.0,25.0,7.426,0.375,1.12075,18,0.7222222222222222,3.7444444444444445
David Dvorak,20,6,0,0.030068956371833978,3.48,0.43,3.29,0.59,0.58,0.3,0.7,0.2,Flyweight,32.0,0.3846153846153846,0.17241379310344812,0.5870981340906667,613.0,0.0,0.5509999999999999,0.0,0.895,26,0.7692307692307693,5.353846153846154
Javid Basharat,14,0,0,0.045086858506829315,5.65,0.61,2.5,0.63,2.09,0.5,0.85,0.2,Featherweight,29.0,0.4230769230769229,0.3103448275862067,0.7785086091699589,347.0,0.0,1.254,0.0,2.45,14,1.0,3.0000000000000004
Tabatha Ricci,9,2,0,0.01501790213499534,4.41,0.37,4.86,0.59,3.39,0.41,0.71,0.2,Strawweight,29.0,0.11538461538461542,0.03448275862068955,0.1648852761403003,81.0,11.11111111111111,3.3137777777777773,0.1111111111111111,3.7502777777777783,11,0.8181818181818182,2.3636363636363638
Kajan Johnson,23,13,1,0.07518896698050656,2.47,0.42,1.59,0.64,1.54,0.37,0.62,0.2,Welterweight,40.0,0.6538461538461537,0.3793103448275862,1.1083454656542466,2342.0,28.57142857142857,7.7018571428571425,0.14285714285714285,1.893214285714286,37,0.6216216216216216,7.524324324324325
Danny Roberts,18,8,0,0.09773239623392123,3.18,0.39,3.73,0.5,0.24,0.09,0.57,0.2,Middleweight,37.0,0.6153846153846154,0.4482758620689653,1.161392873687502,571.0,57.14285714285714,14.674214285714285,0.14285714285714285,0.5462142857142857,26,0.6923076923076923,5.338461538461539
Daron Cruickshank,18,10,0,0.07518896698050656,2.88,0.38,2.98,0.57,2.04,0.41,0.6,0.2,Welterweight,39.0,0.5384615384615383,0.2758620689655172,0.889512574407562,3314.0,25.0,6.6845,0.3333333333333333,2.444833333333334,28,0.6428571428571429,5.7285714285714295
Ange Loosa,10,3,0,0.09773239623392123,6.32,0.46,6.88,0.51,2.25,0.45,1.0,0.2,Middleweight,31.0,0.6153846153846154,0.34482758620689663,1.0579445978254332,214.0,0.0,0.7165000000000001,0.0,2.6175,13,0.7692307692307693,2.753846153846154
Al Iaquinta,14,7,1,0.07518896698050656,4.06,0.4,4.53,0.61,0.63,0.18,0.74,0.2,Welterweight,37.0,0.4615384615384617,0.34482758620689663,0.8815550147258648,1194.0,33.33333333333333,8.840333333333334,0.13333333333333333,0.9643333333333334,22,0.6363636363636364,4.527272727272727
Billy Evangelista,13,3,0,0.07518896698050656,4.51,0.4,3.96,0.61,1.6,0.19,0.61,0.2,Welterweight,44.0,0.3846153846153846,0.2758620689655172,0.7356664205614083,,0.0,0.705,0.0,1.8895,16,0.8125,3.3625000000000003
Anthony Njokuani,16,12,0,0.07518896698050656,3.94,0.46,2.41,0.65,0.5,0.45,0.53,0.2,Welterweight,44.0,0.6538461538461537,0.4482758620689653,1.1773109828956256,3784.0,12.5,3.938,0.0,0.8205,28,0.5714285714285714,5.714285714285714
Henry Cejudo,16,3,0,0.045086858506829315,3.93,0.47,3.15,0.6,2.07,0.34,0.83,0.2,Featherweight,38.0,0.23076923076923084,0.1379310344827586,0.41378712375881876,361.0,35.714285714285715,9.62257142857143,0.0,2.4040000000000004,19,0.8421052631578947,3.9684210526315793
Elias Silverio,13,3,0,0.07518896698050656,3.67,0.49,2.97,0.51,1.62,0.38,0.85,0.2,Welterweight,38.0,0.5769230769230766,0.3793103448275862,1.0314223887311695,3461.0,20.0,5.6465000000000005,0.2,2.012,16,0.8125,3.3625000000000003
Pat Barry,8,7,0,0.19546479246784249,2.72,0.52,3.54,0.59,0.0,0.0,0.76,0.2,Heavyweight,45.0,0.6153846153846154,0.3793103448275862,1.190159752680044,4086.0,66.66666666666666,17.008166666666664,0.1111111111111111,0.3037777777777778,15,0.5333333333333333,3.1066666666666665
Jordan Espinosa,15,9,0,0.030068956371833978,4.22,0.52,2.94,0.57,0.75,0.28,0.7,0.2,Flyweight,35.0,0.4230769230769229,0.20689655172413768,0.6600424311728945,1439.0,0.0,0.8034999999999999,0.3333333333333333,1.1453333333333333,24,0.625,4.925000000000001
Jake O'Brien,15,4,0,0.15037793396101312,1.31,0.31,1.92,0.69,6.39,0.54,0.25,0.2,Light Heavyweight,40.0,0.6923076923076921,0.5172413793103448,1.35992700557905,,0.0,0.20500000000000002,0.0,6.696000000000001,19,0.7894736842105263,3.9578947368421056
Jessica Aguilar,20,8,0,0.01501790213499534,4.93,0.5,7.19,0.53,0.94,0.25,0.5,0.2,Strawweight,42.0,0.1923076923076925,0.10344827586206903,0.3107738703047569,2146.0,0.0,0.3334999999999999,0.2,1.2774999999999999,28,0.7142857142857143,5.742857142857144
Cheyanne Vlismas,7,3,0,0.01501790213499534,4.93,0.5,2.57,0.64,0.25,0.33,0.66,0.2,Strawweight,29.0,0.1923076923076925,0.10344827586206903,0.3107738703047569,788.0,0.0,1.0430000000000001,0.0,0.5655,10,0.7,2.14
James Moontasri,9,5,0,0.09773239623392123,2.39,0.48,3.86,0.4,0.0,0.0,0.79,0.2,Middleweight,36.0,0.5,0.34482758620689663,0.9425599824408178,2979.0,16.666666666666664,4.341166666666666,0.3333333333333333,0.36233333333333334,14,0.6428571428571429,2.928571428571429
Raphael Assuncao,28,10,0,0.045086858506829315,3.22,0.42,2.5,0.66,1.65,0.39,0.78,0.2,Featherweight,42.0,0.3076923076923075,0.17241379310344812,0.5251929593025849,704.0,26.31578947368421,7.191947368421053,0.15789473684210525,2.025973684210526,38,0.7368421052631579,7.747368421052632
Wu Yanan,13,6,0,0.045086858506829315,4.23,0.41,4.95,0.49,0.62,0.3,0.63,0.2,Featherweight,28.0,0.3076923076923075,0.2758620689655172,0.628641235164654,907.0,16.666666666666664,4.637166666666666,0.0,0.9279999999999999,19,0.6842105263157895,3.936842105263158
Erik Perez,17,6,0,0.045086858506829315,3.16,0.4,2.09,0.66,3.16,0.55,0.69,0.2,Featherweight,35.0,0.3846153846153846,0.2758620689655172,0.7055643120877311,3021.0,22.22222222222222,6.211055555555555,0.2222222222222222,3.5670555555555556,23,0.7391304347826086,4.747826086956522
Davey Grant,15,7,0,0.045086858506829315,4.77,0.42,3.82,0.55,1.26,0.41,0.61,0.2,Featherweight,39.0,0.4230769230769229,0.2758620689655172,0.7440258505492694,571.0,16.666666666666664,4.952666666666666,0.3333333333333333,1.665833333333333,22,0.6818181818181818,4.536363636363637
Mark De La Rosa,11,5,0,0.045086858506829315,3.13,0.35,5.0,0.48,0.54,0.13,0.4,0.2,Featherweight,30.0,0.26923076923076916,0.20689655172413768,0.5212141794617362,1705.0,14.285714285714285,3.7459285714285713,0.2857142857142857,0.8709285714285715,16,0.6875,3.3375000000000004
Sabina Mazo,9,4,0,0.030068956371833978,6.1,0.43,4.35,0.57,0.65,0.8,0.59,0.2,Flyweight,27.0,0.4615384615384617,0.24137931034482762,0.7329867282551232,1068.0,0.0,1.044,0.2857142857142857,1.1004285714285713,13,0.6923076923076923,2.7384615384615385
Rashid Magomedov,20,2,0,0.07518896698050656,4.4,0.49,3.05,0.54,0.67,0.57,0.89,0.2,Welterweight,40.0,0.4615384615384617,0.3103448275862067,0.8470722561051749,2860.0,16.666666666666664,4.988166666666666,0.0,1.0445,22,0.9090909090909091,4.581818181818182
Antonio Arroyo,9,5,0,0.12027582548733588,2.82,0.66,2.02,0.5,1.14,0.41,0.41,0.2,Light Heavyweight,35.0,0.5769230769230766,0.5172413793103448,1.2144402817207571,1243.0,33.33333333333333,8.94233333333333,0.0,1.4424999999999997,14,0.6428571428571429,2.928571428571429
Kiyoshi Tamura,32,13,3,0.12027582548733588,2.44,0.53,1.44,0.6,0.58,0.6,0.45,0.2,Light Heavyweight,55.0,0.6674641148325355,0.3793103448275862,1.1670502851474576,,0.0,0.59,0.0,0.915,48,0.6666666666666666,9.733333333333334
Justin Ledet,9,4,0,0.15037793396101312,3.35,0.39,4.82,0.49,0.23,0.5,0.42,0.2,Light Heavyweight,36.0,0.8461538461538458,0.5517241379310344,1.5482559180458932,1565.0,14.285714285714285,3.837428571428571,0.14285714285714285,0.5827142857142856,13,0.6923076923076923,2.7384615384615385
Josh Parisian,15,7,0,0.24058480307651503,4.54,0.48,4.81,0.41,0.99,0.33,0.46,0.2,Heavyweight,35.0,0.8076923076923075,0.5517241379310344,1.600001248699857,340.0,42.857142857142854,11.285285714285713,0.14285714285714285,1.321214285714286,22,0.6818181818181818,4.536363636363637
Vinc Pichel,14,3,0,0.07518896698050656,3.56,0.47,2.5,0.58,3.0,0.54,0.23,0.2,Welterweight,42.0,0.5384615384615383,0.34482758620689663,0.9584780916489415,284.0,9.090909090909092,2.968727272727273,0.18181818181818182,3.3494545454545457,17,0.8235294117647058,3.5647058823529414
James Te Huna,16,9,0,0.12027582548733588,4.04,0.51,2.99,0.62,2.75,0.37,0.58,0.2,Light Heavyweight,43.0,0.6538461538461537,0.48275862068965525,1.2568806000231447,3252.0,44.44444444444444,11.867611111111112,0.3333333333333333,3.1468333333333334,25,0.64,5.128
John Castaneda,21,6,0,0.045086858506829315,4.79,0.5,4.99,0.56,1.92,0.37,0.71,0.2,Featherweight,33.0,0.5,0.20689655172413768,0.751983410230967,249.0,14.285714285714285,4.204428571428571,0.14285714285714285,2.2822142857142858,27,0.7777777777777778,5.555555555555556
Belal Muhammad,23,3,0,0.09773239623392123,4.55,0.43,3.64,0.57,1.98,0.35,0.93,0.2,Middleweight,36.0,0.5384615384615383,0.3793103448275862,1.0155042795230458,200.0,16.666666666666664,4.929666666666666,0.05555555555555555,2.339388888888889,26,0.8846153846153846,5.376923076923077
Leonardo Santos,18,7,1,0.07518896698050656,2.82,0.46,3.4,0.54,0.88,0.25,0.86,0.2,Welterweight,45.0,0.6538461538461537,0.41379310344827575,1.1428282242749361,907.0,20.0,5.368,0.2,1.2535,26,0.6923076923076923,5.338461538461539
Luis Saldana,16,7,1,0.06013791274366793,5.16,0.5,3.65,0.6,0.64,0.17,0.44,0.2,Featherweight,34.0,0.5769230769230766,0.3793103448275862,1.0163713344943308,1054.0,0.0,0.9325000000000002,0.0,0.9095,24,0.6666666666666666,4.9333333333333345
Andre Soukhamthath,13,8,0,0.045086858506829315,2.77,0.44,4.31,0.49,1.25,0.53,0.58,0.2,Featherweight,36.0,0.4615384615384617,0.3103448275862067,0.8169701476314977,1992.0,14.285714285714285,3.778928571428571,0.0,1.5875,21,0.6190476190476191,4.323809523809524
Travis Browne,18,7,1,0.22556690094151968,2.93,0.41,4.31,0.42,1.21,0.68,0.75,0.2,Heavyweight,42.0,0.8076923076923075,0.6206896551724138,1.653948863806241,2776.0,68.75,17.4185,0.125,1.61825,26,0.6923076923076923,5.338461538461539
Marina Rodriguez,17,3,2,0.01501790213499534,4.77,0.48,2.89,0.56,0.25,0.42,0.66,0.2,Strawweight,37.0,0.26923076923076916,0.20689655172413768,0.49114522308990216,130.0,16.666666666666664,5.105666666666666,0.0,0.579,22,0.7727272727272727,4.554545454545455
Cyrille Diabate,19,10,1,0.15037793396101312,4.06,0.71,1.78,0.6,1.17,0.83,0.53,0.2,Light Heavyweight,51.0,0.8846153846153846,0.6206896551724138,1.6556829737488115,3994.0,12.5,4.1049999999999995,0.5,1.6724999999999999,30,0.6333333333333333,6.126666666666667
Abdul Razak Alhassan,12,6,0,0.12027582548733588,3.37,0.48,3.99,0.55,0.89,0.38,0.5,0.2,Light Heavyweight,39.0,0.5769230769230766,0.34482758620689663,1.0420264886173092,494.0,50.0,12.922500000000001,0.08333333333333333,1.2178333333333333,18,0.6666666666666666,3.7333333333333334
Elizabeth Phillips,6,6,0,0.045086858506829315,2.6,0.33,3.07,0.58,0.75,0.25,0.53,0.2,Featherweight,38.0,0.26923076923076916,0.20689655172413768,0.5212141794617362,3098.0,0.0,0.34249999999999997,0.0,1.0405,12,0.5,2.5000000000000004
Alexander Volkanovski,26,3,0,0.06013791274366793,6.19,0.57,3.42,0.58,1.84,0.37,0.7,0.2,Featherweight,36.0,0.5,0.20689655172413768,0.7670344644678055,361.0,43.75,12.173,0.0,2.1655,29,0.896551724137931,5.979310344827587
Damir Hadzovic,14,7,0,0.07518896698050656,3.36,0.48,3.26,0.62,0.78,0.55,0.34,0.2,Welterweight,38.0,0.4615384615384617,0.3103448275862067,0.8470722561051749,935.0,22.22222222222222,6.095555555555555,0.1111111111111111,1.1242777777777777,21,0.6666666666666666,4.333333333333334
Johnny Case,22,6,0,0.07518896698050656,3.95,0.38,2.66,0.61,1.7,0.45,0.72,0.2,Welterweight,35.0,0.5384615384615383,0.34482758620689663,0.9584780916489415,2789.0,16.666666666666664,4.922666666666666,0.3333333333333333,2.122833333333334,28,0.7857142857142857,5.757142857142858
Loma Lookboonmee,8,3,0,0.01501790213499534,4.14,0.58,2.58,0.52,2.04,0.5,0.74,0.2,Strawweight,29.0,0.11538461538461542,0.03448275862068955,0.1648852761403003,368.0,0.0,0.8419999999999999,0.125,2.4202500000000002,11,0.7272727272727273,2.3454545454545457
Cheick Kongo,27,10,2,0.20299031958626176,3.33,0.56,1.28,0.54,2.3,0.56,0.52,0.2,Heavyweight,49.0,0.9230769230769229,0.5517241379310344,1.677791380594219,4309.0,66.66666666666666,17.500166666666665,0.0,2.636,39,0.6923076923076923,7.93846153846154
Raulian Paiva,21,5,0,0.045086858506829315,4.14,0.42,5.01,0.48,0.65,0.23,0.77,0.2,Featherweight,29.0,0.4230769230769229,0.2758620689655172,0.7440258505492694,963.0,28.57142857142857,7.582357142857143,0.0,0.9615,26,0.8076923076923077,5.361538461538462
Brandon Vera,15,7,0,0.18797241745126642,3.03,0.56,2.81,0.52,0.7,0.53,0.59,0.2,Heavyweight,47.0,0.7692307692307692,0.5172413793103448,1.4744445659923804,4183.0,75.0,19.276000000000003,0.0,1.0385,22,0.6818181818181818,4.536363636363637
Song Yadong,20,7,1,0.045086858506829315,4.61,0.42,3.77,0.59,0.53,0.55,0.72,0.2,Featherweight,27.0,0.34615384615384626,0.2758620689655172,0.6671027736261927,340.0,38.46153846153847,10.374884615384616,0.07692307692307693,0.9037307692307693,28,0.7142857142857143,5.742857142857144
Marco Beltran,8,6,0,0.030068956371833978,2.07,0.37,1.93,0.63,0.7,0.5,0.46,0.2,Flyweight,38.0,0.4230769230769229,0.2758620689655172,0.7290079484142741,2685.0,0.0,0.39649999999999996,0.4,1.121,14,0.5714285714285714,2.9142857142857146
Sean Strickland,28,5,0,0.12027582548733588,5.82,0.41,4.24,0.63,0.92,0.64,0.84,0.2,Light Heavyweight,33.0,0.6923076923076921,0.4482758620689653,1.260859379863993,256.0,22.727272727272727,6.6773181818181815,0.0,1.3,33,0.8484848484848485,6.76969696969697
Patrick Cote,23,11,0,0.09773239623392123,2.81,0.48,3.21,0.48,0.68,0.2,0.43,0.2,Middleweight,44.0,0.6538461538461537,0.3793103448275862,1.1308888949076612,2867.0,25.0,6.639,0.08333333333333333,0.9738333333333334,34,0.6764705882352942,6.93529411764706
Austin Arnett,16,6,0,0.06013791274366793,4.52,0.41,6.38,0.62,0.44,0.18,0.57,0.2,Featherweight,33.0,0.5384615384615383,0.41379310344827575,1.012392554653482,2195.0,25.0,6.598,0.0,0.724,22,0.7272727272727273,4.545454545454546
Ricky Turcios,13,3,0,0.045086858506829315,5.08,0.37,3.7,0.55,1.0,0.25,0.45,0.2,Featherweight,31.0,0.5,0.3103448275862067,0.855431686093036,249.0,0.0,0.8715,0.25,1.345,16,0.8125,3.3625000000000003
Phil Hawes,12,5,0,0.12027582548733588,5.55,0.59,3.7,0.55,2.28,0.36,1.0,0.2,Light Heavyweight,36.0,0.7307692307692308,0.41379310344827575,1.2648381597048424,396.0,71.42857142857143,18.89014285714286,0.0,2.634,17,0.7058823529411765,3.5411764705882356
Jordan Mein,31,12,0,0.09773239623392123,3.35,0.44,2.55,0.69,1.56,0.58,0.66,0.2,Middleweight,35.0,0.5769230769230766,0.41379310344827575,1.0884485766052736,2391.0,44.44444444444444,11.75761111111111,0.0,1.913,43,0.7209302325581395,8.744186046511627
Ryan LaFlare,14,3,0,0.09773239623392123,2.89,0.4,1.86,0.63,2.13,0.44,0.58,0.2,Middleweight,41.0,0.6153846153846154,0.4482758620689653,1.161392873687502,2321.0,20.0,5.618,0.0,2.4539999999999997,17,0.8235294117647058,3.5647058823529414
Ronnie Lawrence,8,2,0,0.045086858506829315,2.78,0.56,1.75,0.52,6.75,0.77,0.45,0.2,Featherweight,32.0,0.3846153846153846,0.2758620689655172,0.7055643120877311,949.0,0.0,0.6224999999999998,0.0,7.1105,10,0.8,2.16
Albert Morales,7,4,1,0.045086858506829315,3.81,0.35,3.96,0.56,0.91,0.35,0.7,0.2,Featherweight,33.0,0.5384615384615383,0.3103448275862067,0.8938932245545743,2545.0,20.0,5.5125,0.2,1.2825,12,0.5833333333333334,2.516666666666667
Viviane Pereira,13,2,0,0.01501790213499534,2.7,0.3,4.48,0.58,0.25,1.0,0.28,0.2,Strawweight,31.0,0.1923076923076925,0.03448275862068955,0.2418083530633774,2426.0,0.0,0.15000000000000002,0.0,0.6280000000000001,15,0.8666666666666667,3.1733333333333333
Mateusz Gamrot,23,2,0,0.07518896698050656,2.97,0.5,3.17,0.6,4.36,0.3,0.9,0.2,Welterweight,34.0,0.4615384615384617,0.34482758620689663,0.8815550147258648,179.0,10.0,2.9570000000000003,0.1,4.720000000000001,25,0.92,5.184
Da Woon Jung,15,5,1,0.15037793396101312,3.49,0.43,3.89,0.51,1.9,0.5,0.77,0.2,Light Heavyweight,31.0,0.7692307692307692,0.5517241379310344,1.4713328411228166,137.0,40.0,10.4515,0.2,2.302,21,0.7142857142857143,4.342857142857143
Jamall Emmers,20,7,0,0.06013791274366793,5.1,0.48,3.79,0.57,1.96,0.4,0.9,0.2,Featherweight,35.0,0.6153846153846154,0.34482758620689663,1.02035011433518,319.0,28.57142857142857,8.030857142857142,0.14285714285714285,2.3457142857142856,27,0.7407407407407407,5.548148148148148
Alexander Volkov,37,10,0,0.21804137382310043,5.1,0.57,3.0,0.54,0.49,0.63,0.73,0.2,Heavyweight,36.0,0.8461538461538458,0.6551724137931033,1.7193676337700494,67.0,31.25,8.8325,0.125,0.8887499999999999,47,0.7872340425531915,9.557446808510639
Igor Pokrajac,28,13,0,0.15037793396101312,2.25,0.45,4.26,0.4,0.87,0.29,0.51,0.2,Light Heavyweight,46.0,0.6153846153846154,0.41379310344827575,1.1795556527939044,3230.0,20.0,5.0735,0.2,1.2145000000000001,41,0.6829268292682927,8.33658536585366
Eryk Anders,15,8,0,0.12027582548733588,3.56,0.47,4.39,0.5,1.54,0.24,0.79,0.1,Light Heavyweight,37.0,0.6538461538461537,0.4482758620689653,1.2223978414024548,67.0,29.411764705882355,7.753441176470588,0.058823529411764705,1.7697058823529412,23,0.6521739130434783,4.730434782608696
Sam Stout,20,12,1,0.07518896698050656,4.17,0.28,4.08,0.57,0.63,0.38,0.77,0.1,Welterweight,40.0,0.4615384615384617,0.3103448275862067,0.8470722561051749,3461.0,33.33333333333333,8.905333333333331,0.08333333333333333,0.8848333333333334,33,0.6060606060606061,6.721212121212122
George Roop,15,13,1,0.045086858506829315,3.43,0.34,2.47,0.6,1.05,0.57,0.59,0.1,Featherweight,43.0,0.5384615384615383,0.4482758620689653,1.031824259037333,3427.0,60.0,15.645,0.0,1.2945,29,0.5172413793103449,5.90344827586207
Alex Garcia,15,6,0,0.09773239623392123,1.81,0.31,3.03,0.59,3.72,0.52,0.66,0.1,Middleweight,37.0,0.5384615384615383,0.3103448275862067,0.9465387622816662,2300.0,30.0,7.648499999999999,0.1,3.989,21,0.7142857142857143,4.342857142857143
Matthew Semelsberger,11,6,0,0.09773239623392123,4.06,0.43,4.36,0.55,1.02,0.58,0.5,0.1,Middleweight,32.0,0.6538461538461537,0.4482758620689653,1.1998544121490404,95.0,27.27272727272727,7.347681818181817,0.0,1.2570000000000001,17,0.6470588235294118,3.5294117647058827
Aaron Riley,30,14,1,0.07518896698050656,3.45,0.34,3.78,0.61,1.18,0.34,0.6,0.1,Welterweight,44.0,0.4230769230769229,0.2758620689655172,0.7741279590229466,4218.0,0.0,0.45500000000000007,0.0,1.391,45,0.6666666666666666,9.133333333333333
Mizuto Hirota,18,10,2,0.07518896698050656,3.36,0.4,3.5,0.54,1.36,0.5,0.58,0.1,Welterweight,43.0,0.34615384615384626,0.24137931034482762,0.6627221234791805,2265.0,0.0,0.47599999999999987,0.0,1.5930000000000002,30,0.6,6.12
Tecia Torres,13,6,0,0.01501790213499534,4.74,0.48,3.59,0.61,0.66,0.14,0.61,0.1,Strawweight,35.0,0.0769230769230771,0.03448275862068955,0.12642373767876197,1040.0,0.0,0.8340000000000001,0.06666666666666667,0.8586666666666667,19,0.6842105263157895,3.936842105263158
Marcin Tybura,24,8,0,0.2165163771383106,3.55,0.48,3.35,0.55,1.39,0.33,0.79,0.1,Heavyweight,39.0,0.7692307692307692,0.5172413793103448,1.5029885256794246,88.0,33.33333333333333,8.896833333333332,0.09523809523809523,1.6423095238095238,32,0.75,6.550000000000001
Rustam Khabilov,24,4,0,0.07518896698050656,1.98,0.34,2.16,0.65,3.95,0.41,0.61,0.1,Welterweight,38.0,0.5769230769230766,0.2758620689655172,0.9279741128691004,1922.0,0.0,0.33649999999999997,0.15384615384615385,4.210961538461538,28,0.8571428571428571,5.771428571428572
Duane Ludwig,21,14,0,0.09773239623392123,4.62,0.44,3.05,0.57,0.43,0.25,0.59,0.1,Middleweight,46.0,0.4615384615384617,0.34482758620689663,0.9040984439792795,4519.0,16.666666666666664,5.0376666666666665,0.16666666666666666,0.6681666666666666,35,0.6,7.12
Frankie Saenz,13,7,0,0.045086858506829315,3.94,0.47,3.5,0.52,1.74,0.31,0.61,0.1,Featherweight,44.0,0.3076923076923075,0.20689655172413768,0.5596757179232745,1656.0,30.0,8.132,0.0,1.9475,20,0.65,4.13
Daniel Rodriguez,17,4,0,0.09773239623392123,7.3,0.5,5.28,0.56,0.62,0.5,0.63,0.1,Middleweight,38.0,0.6153846153846154,0.4482758620689653,1.161392873687502,123.0,25.0,7.4670000000000005,0.16666666666666666,0.8996666666666666,21,0.8095238095238095,4.361904761904762
Lorenz Larkin,18,6,0,0.09773239623392123,3.53,0.46,2.74,0.63,0.27,0.42,0.79,0.1,Middleweight,38.0,0.5384615384615383,0.3793103448275862,1.0155042795230458,3098.0,30.0,8.158,0.0,0.512,24,0.75,4.950000000000001
Blagoy Ivanov,19,6,0,0.21804137382310043,3.25,0.4,4.2,0.53,0.69,0.4,0.61,0.1,Heavyweight,38.0,0.5769230769230766,0.3793103448275862,1.1742747955737634,592.0,0.0,0.3420000000000001,0.0,0.9109999999999999,25,0.76,5.152
Eddie Wineland,24,16,1,0.045086858506829315,3.4,0.29,3.76,0.68,0.34,0.33,0.86,0.1,Featherweight,40.0,0.4230769230769229,0.24137931034482762,0.7095430919285799,970.0,50.0,12.946,0.0,0.5755,41,0.5853658536585366,8.317073170731708
Justine Kish,7,4,0,0.030068956371833978,4.51,0.48,4.59,0.57,0.87,0.33,0.5,0.1,Flyweight,36.0,0.23076923076923084,0.17241379310344812,0.43325198024451295,1397.0,0.0,0.6204999999999999,0.0,1.0695000000000001,11,0.6363636363636364,2.3272727272727276
Brian Ebersole,51,18,1,0.09773239623392123,2.32,0.49,2.14,0.56,1.7,0.23,0.61,0.1,Middleweight,44.0,0.5769230769230766,0.41379310344827575,1.0884485766052736,3539.0,12.5,3.566,0.0,1.8955,70,0.7285714285714285,14.145714285714286
Patrick Cummins,10,7,0,0.15037793396101312,4.26,0.5,3.35,0.55,4.49,0.41,0.28,0.1,Light Heavyweight,44.0,0.6923076923076921,0.48275862068965525,1.3254442469583605,2097.0,46.15384615384615,12.28346153846154,0.07692307692307693,4.698730769230768,17,0.5882352941176471,3.51764705882353
Holly Holm,15,6,0,0.045086858506829315,3.21,0.4,2.79,0.56,0.9,0.3,0.78,0.1,Featherweight,43.0,0.4230769230769229,0.2758620689655172,0.7440258505492694,305.0,20.0,5.548,0.13333333333333333,1.1563333333333337,21,0.7142857142857143,4.342857142857143
Israel Adesanya,24,3,0,0.12027582548733588,3.93,0.48,3.11,0.56,0.05,0.14,0.77,0.1,Light Heavyweight,35.0,0.8461538461538458,0.5517241379310344,1.518153809572216,179.0,29.411764705882355,8.048941176470588,0.058823529411764705,0.2627058823529412,27,0.8888888888888888,5.577777777777778
Uriah Hall,18,11,0,0.12027582548733588,3.23,0.48,3.85,0.54,0.54,0.38,0.64,0.1,Light Heavyweight,40.0,0.8076923076923075,0.41379310344827575,1.341761236627919,956.0,35.0,9.157,0.0,0.761,29,0.6206896551724138,5.924137931034483
Kelvin Gastelum,18,9,0,0.09773239623392123,3.55,0.41,3.23,0.58,0.96,0.3,0.59,0.1,Middleweight,33.0,0.5,0.3103448275862067,0.9080772238201279,235.0,9.090909090909092,2.844727272727273,0.22727272727272727,1.2208181818181818,27,0.6666666666666666,5.533333333333334
Maycee Barber,13,2,0,0.030068956371833978,4.6,0.52,2.72,0.54,1.14,0.35,0.45,0.1,Flyweight,26.0,0.26923076923076916,0.17241379310344812,0.47171351870605127,340.0,36.36363636363637,10.017909090909091,0.0,1.3375,15,0.8666666666666667,3.1733333333333333
Roxanne Modafferi,25,21,0,0.030068956371833978,3.35,0.3,5.7,0.51,1.35,0.23,0.3,0.1,Flyweight,42.0,0.4230769230769229,0.24137931034482762,0.6945251897935845,1096.0,8.333333333333332,2.2023333333333333,0.0,1.5145000000000002,46,0.5434782608695652,9.308695652173913
Jimmie Rivera,23,5,0,0.045086858506829315,4.03,0.4,3.9,0.6,0.88,0.27,0.92,0.1,Featherweight,35.0,0.3846153846153846,0.1379310344827586,0.5676332776049725,1446.0,18.181818181818183,5.137954545454546,0.0,1.1125,28,0.8214285714285714,5.764285714285715
Yana Santos,14,8,0,0.045086858506829315,4.16,0.56,3.03,0.5,1.11,0.53,0.42,0.1,Featherweight,35.0,0.3846153846153846,0.20689655172413768,0.6365987948463516,186.0,0.0,0.7725000000000002,0.0,1.3315000000000001,22,0.6363636363636364,4.527272727272727
Dominick Cruz,24,4,0,0.045086858506829315,3.91,0.33,2.61,0.7,2.82,0.42,0.83,0.1,Featherweight,39.0,0.3846153846153846,0.2758620689655172,0.7055643120877311,914.0,30.0,8.257,0.0,3.0660000000000003,28,0.8571428571428571,5.771428571428572
Jamie Mullarkey,17,6,0,0.07518896698050656,4.46,0.47,4.41,0.54,2.46,0.34,0.76,0.1,Welterweight,30.0,0.6153846153846154,0.41379310344827575,1.1043666858133978,284.0,45.45454545454545,11.992136363636362,0.0,2.6870000000000003,23,0.7391304347826086,4.747826086956522
Lauren Murphy,16,6,0,0.030068956371833978,4.05,0.39,5.25,0.55,1.03,0.25,0.69,0.1,Flyweight,41.0,0.34615384615384626,0.17241379310344812,0.5486365956291284,753.0,21.428571428571427,5.742642857142857,0.0,1.2365000000000002,22,0.7272727272727273,4.545454545454546
Jorge Rivera,20,9,0,0.12027582548733588,3.16,0.48,2.64,0.54,0.84,0.5,0.63,0.1,Light Heavyweight,52.0,0.5769230769230766,0.4482758620689653,1.1454747644793777,4772.0,75.0,19.320999999999998,0.0,1.078,29,0.6896551724137931,5.93793103448276
Jonathan Martinez,19,4,0,0.045086858506829315,4.64,0.5,3.76,0.58,0.44,0.41,0.69,0.1,Featherweight,30.0,0.4615384615384617,0.2758620689655172,0.7824873890108082,88.0,26.666666666666668,7.449666666666667,0.0,0.6704999999999999,23,0.8260869565217391,4.765217391304349
Volkan Oezdemir,19,7,0,0.15037793396101312,4.59,0.47,3.92,0.55,0.57,0.33,0.8,0.1,Light Heavyweight,35.0,0.6538461538461537,0.48275862068965525,1.2869827084968222,81.0,40.0,10.736,0.13333333333333333,0.8328333333333333,26,0.7307692307692307,5.346153846153847
Marc-Andre Barriault,16,6,0,0.12027582548733588,5.95,0.47,5.22,0.53,0.24,0.25,0.67,0.1,Light Heavyweight,34.0,0.6153846153846154,0.4482758620689653,1.1839363029409165,102.0,35.714285714285715,9.806571428571429,0.14285714285714285,0.4802142857142857,22,0.7272727272727273,4.545454545454546
Jared Rosholt,14,4,0,0.24058480307651503,2.08,0.46,1.52,0.59,1.83,0.41,0.66,0.1,Heavyweight,38.0,0.6538461538461537,0.48275862068965525,1.377189577612324,3294.0,25.0,6.7225,0.0,2.0575,18,0.7777777777777778,3.7555555555555555
Daniel Omielanczuk,19,8,1,0.21353268797241745,3.09,0.57,3.29,0.47,0.56,0.26,0.68,0.1,Heavyweight,42.0,0.6153846153846154,0.41379310344827575,1.2427104068053088,2776.0,22.22222222222222,6.019055555555555,0.1111111111111111,0.7947777777777778,28,0.6785714285714286,5.735714285714287
Thiago Santos,22,11,0,0.15037793396101312,3.72,0.48,2.57,0.53,0.88,0.33,0.65,0.1,Light Heavyweight,41.0,0.6923076923076921,0.48275862068965525,1.3254442469583605,921.0,54.166666666666664,14.261666666666665,0.08333333333333333,1.1153333333333333,33,0.6666666666666666,6.733333333333334
Pannie Kianzad,17,7,0,0.045086858506829315,4.87,0.49,3.75,0.53,0.35,0.3,0.71,0.1,Featherweight,33.0,0.3076923076923075,0.24137931034482762,0.5941584765439645,186.0,0.0,0.8325,0.18181818181818182,0.6114545454545454,24,0.7083333333333334,4.941666666666667
Calvin Kattar,23,7,0,0.06013791274366793,5.12,0.39,7.1,0.54,0.42,0.29,0.91,0.1,Featherweight,36.0,0.5384615384615383,0.3793103448275862,0.9779097960327925,305.0,30.76923076923077,8.066307692307694,0.0,0.6545,30,0.7666666666666667,6.153333333333333
Shamil Abdurakhimov,20,8,0,0.19546479246784249,2.41,0.44,3.02,0.55,1.01,0.23,0.45,0.1,Heavyweight,43.0,0.6923076923076921,0.5172413793103448,1.4050138640858794,753.0,63.63636363636363,16.22909090909091,0.0,1.1895,28,0.7142857142857143,5.742857142857144
Josh Emmett,18,4,0,0.06013791274366793,4.07,0.36,4.66,0.61,0.92,0.37,0.46,0.1,Featherweight,39.0,0.4615384615384617,0.20689655172413768,0.7285729260062672,424.0,35.714285714285715,9.410571428571428,0.07142857142857142,1.139357142857143,22,0.8181818181818182,4.563636363636364
Rafael Cavalcante,12,7,0,0.15037793396101312,2.71,0.53,3.62,0.49,0.6,0.4,0.63,0.1,Light Heavyweight,44.0,0.6153846153846154,0.4482758620689653,1.214038411414594,,0.0,0.31399999999999995,0.0,0.8229999999999998,19,0.631578947368421,3.9263157894736844
Dustin Ortiz,19,8,0,0.030068956371833978,2.94,0.44,2.17,0.56,3.01,0.36,0.52,0.1,Flyweight,36.0,0.26923076923076916,0.17241379310344812,0.47171351870605127,2216.0,21.428571428571427,5.938642857142857,0.07142857142857142,3.2338571428571425,27,0.7037037037037037,5.540740740740741
Drew Dober,27,12,0,0.07518896698050656,4.58,0.4,4.46,0.51,0.68,0.17,0.56,0.1,Welterweight,36.0,0.4615384615384617,0.2758620689655172,0.8125894974844854,214.0,43.47826086956522,11.502065217391305,0.17391304347826086,0.9049782608695652,39,0.6923076923076923,7.93846153846154
Alexander Hernandez,14,7,0,0.06013791274366793,4.63,0.41,4.9,0.56,1.2,0.31,0.6,0.1,Featherweight,32.0,0.5384615384615383,0.3103448275862067,0.9089442787914129,130.0,35.714285714285715,9.51707142857143,0.07142857142857142,1.4243571428571429,21,0.6666666666666666,4.333333333333334
Takeya Mizugaki,21,11,2,0.045086858506829315,3.37,0.37,3.27,0.57,1.46,0.57,0.7,0.1,Featherweight,41.0,0.4230769230769229,0.24137931034482762,0.7095430919285799,2979.0,28.57142857142857,7.654357142857143,0.07142857142857142,1.7333571428571428,34,0.6176470588235294,6.923529411764706
Jose Aldo,31,8,0,0.045086858506829315,3.57,0.46,3.74,0.6,0.49,0.54,0.91,0.1,Featherweight,38.0,0.4615384615384617,0.24137931034482762,0.7480046303901187,130.0,36.36363636363637,9.604409090909092,0.0,0.7619999999999999,39,0.7948717948717948,7.95897435897436
Darren Stewart,12,8,0,0.15037793396101312,3.05,0.45,3.29,0.48,1.75,0.45,0.67,0.1,Light Heavyweight,34.0,0.6153846153846154,0.41379310344827575,1.1795556527939044,1264.0,25.0,6.681,0.16666666666666666,2.0261666666666667,20,0.6,4.12
Walt Harris,13,10,0,0.21804137382310043,3.05,0.39,3.33,0.54,0.29,0.28,0.7,0.1,Heavyweight,41.0,0.7307692307692308,0.5862068965517243,1.5350175011440554,1348.0,66.66666666666666,17.088666666666665,0.06666666666666667,0.5186666666666667,23,0.5652173913043478,4.71304347826087
Alexander Yakovlev,24,10,1,0.07518896698050656,1.74,0.47,2.41,0.58,1.66,0.35,0.72,0.1,Welterweight,40.0,0.6153846153846154,0.5172413793103448,1.2078149616754668,1572.0,11.11111111111111,3.032277777777778,0.2222222222222222,1.9400555555555556,35,0.6857142857142857,7.137142857142857
Lina Lansberg,10,8,0,0.045086858506829315,2.69,0.55,3.87,0.44,0.52,0.27,0.47,0.1,Featherweight,42.0,0.26923076923076916,0.24137931034482762,0.5556969380824262,725.0,9.090909090909092,2.540727272727273,0.09090909090909091,0.7302272727272727,18,0.5555555555555556,3.7111111111111112
Ji Yeon Kim,9,7,2,0.030068956371833978,5.37,0.36,5.41,0.56,0.0,0.0,0.5,0.1,Flyweight,35.0,0.5384615384615383,0.24137931034482762,0.8099098051781999,641.0,10.0,3.187,0.0,0.15000000000000002,18,0.5,3.7
Andre Ewell,17,9,0,0.06013791274366793,4.28,0.4,4.87,0.51,0.36,0.75,0.72,0.1,Featherweight,37.0,0.6538461538461537,0.2758620689655172,0.9898461355553388,1152.0,22.22222222222222,6.051555555555555,0.1111111111111111,0.6722777777777778,26,0.6538461538461539,5.330769230769231
Tarec Saffiedine,16,7,0,0.09773239623392123,4.05,0.47,3.06,0.62,0.52,0.36,0.84,0.1,Middleweight,38.0,0.4615384615384617,0.34482758620689663,0.9040984439792795,2797.0,16.666666666666664,4.907166666666667,0.0,0.758,23,0.6956521739130435,4.739130434782609
Shawn Jordan,19,8,0,0.23305927595809578,2.87,0.5,3.3,0.47,1.97,0.38,0.76,0.1,Heavyweight,40.0,0.6538461538461537,0.41379310344827575,1.3006985332525254,3420.0,70.0,17.893,0.0,2.2030000000000003,27,0.7037037037037037,5.540740740740741
Chris Gutierrez,20,5,2,0.045086858506829315,5.04,0.57,2.73,0.65,0.34,0.37,0.71,0.1,Featherweight,33.0,0.34615384615384626,0.3103448275862067,0.7015855322468822,186.0,25.0,7.311999999999999,0.08333333333333333,0.5873333333333334,27,0.7407407407407407,5.548148148148148
Devin Clark,14,8,0,0.15037793396101312,2.99,0.55,2.95,0.43,2.35,0.33,0.6,0.1,Light Heavyweight,34.0,0.6538461538461537,0.41379310344827575,1.2180171912554427,368.0,23.52941176470588,6.36185294117647,0.17647058823529413,2.6036176470588237,22,0.6363636363636364,4.527272727272727
Yves Jabouin,20,11,0,0.045086858506829315,3.06,0.41,2.93,0.62,1.94,0.6,0.82,0.1,Featherweight,45.0,0.3846153846153846,0.24137931034482762,0.6710815534670416,3461.0,30.0,8.000499999999999,0.2,2.2619999999999996,31,0.6451612903225806,6.329032258064516
Brandon Davis,14,10,0,0.045086858506829315,4.68,0.35,4.62,0.58,0.74,0.42,0.57,0.1,Featherweight,34.0,0.5384615384615383,0.34482758620689663,0.9283759831752643,851.0,11.11111111111111,3.4117777777777776,0.2222222222222222,1.0155555555555553,24,0.5833333333333334,4.916666666666667
Nicolas Dalby,23,4,1,0.09773239623392123,4.03,0.43,3.43,0.52,1.11,0.3,0.6,0.1,Middleweight,40.0,0.6153846153846154,0.3793103448275862,1.0924273564461229,235.0,8.333333333333332,2.740333333333333,0.08333333333333333,1.3358333333333334,28,0.8214285714285714,5.764285714285715
Petr Yan,16,5,0,0.045086858506829315,5.03,0.53,4.26,0.59,1.71,0.52,0.85,0.1,Featherweight,32.0,0.34615384615384626,0.24137931034482762,0.6326200150055032,81.0,15.384615384615385,4.659153846153846,0.0,1.973,21,0.7619047619047619,4.352380952380953
Bill Algeo,18,7,0,0.06013791274366793,6.11,0.52,4.41,0.47,0.89,0.46,0.56,0.1,Featherweight,35.0,0.5769230769230766,0.41379310344827575,1.0508540931150203,207.0,20.0,6.0405,0.1,1.1400000000000001,25,0.72,5.144
David Loiseau,23,11,0,0.12027582548733588,1.59,0.44,3.64,0.43,0.43,0.42,0.36,0.1,Light Heavyweight,45.0,0.6923076923076921,0.41379310344827575,1.2263766212433036,5359.0,100.0,25.004,0.0,0.629,34,0.6764705882352942,6.93529411764706
Edson Barboza,24,11,0,0.06013791274366793,4.18,0.45,4.34,0.57,0.48,0.5,0.75,0.1,Featherweight,39.0,0.6538461538461537,0.3793103448275862,1.093294411417408,270.0,36.666666666666664,9.736166666666666,0.06666666666666667,0.7466666666666666,35,0.6857142857142857,7.137142857142857
Roy Nelson,22,14,0,0.23756796180877868,2.18,0.36,4.79,0.46,1.14,0.27,0.65,0.1,Heavyweight,48.0,0.5769230769230766,0.41379310344827575,1.2282841421801312,2860.0,33.33333333333333,8.300833333333332,0.0,1.3455,36,0.6111111111111112,7.322222222222223
Conor McGregor,22,6,0,0.07518896698050656,5.32,0.49,4.66,0.54,0.67,0.55,0.66,0.1,Welterweight,36.0,0.6153846153846154,0.3103448275862067,1.0009184099513286,1313.0,57.14285714285714,15.095714285714285,0.14285714285714285,0.9542142857142857,28,0.7857142857142857,5.757142857142858
Geoff Neal,15,5,0,0.09773239623392123,5.22,0.5,5.6,0.58,0.51,0.44,0.87,0.1,Middleweight,34.0,0.6538461538461537,0.3793103448275862,1.1308888949076612,109.0,33.33333333333333,8.985333333333333,0.16666666666666666,0.8046666666666666,20,0.75,4.15
Khalil Rountree Jr.,13,5,0,0.15037793396101312,3.73,0.38,4.16,0.5,0.0,0.0,0.56,0.1,Light Heavyweight,34.0,0.6923076923076921,0.4482758620689653,1.2909614883376705,130.0,66.66666666666666,17.126166666666666,0.06666666666666667,0.1726666666666667,18,0.7222222222222222,3.7444444444444445
Junior Dos Santos,21,9,0,0.1999734783185254,4.49,0.47,3.33,0.56,0.3,0.5,0.81,0.1,Heavyweight,41.0,0.7307692307692308,0.5517241379310344,1.4824668470187907,1523.0,63.1578947368421,16.590473684210526,0.0,0.556,30,0.7,6.14
Krzysztof Jotko,24,6,0,0.12027582548733588,2.98,0.42,2.23,0.57,1.33,0.39,0.82,0.1,Light Heavyweight,35.0,0.7307692307692308,0.4482758620689653,1.2993209183255319,865.0,18.75,5.2675,0.125,1.6017500000000002,30,0.8,6.16
Joanna Jedrzejczyk,16,5,0,0.01501790213499534,6.28,0.48,3.25,0.62,0.27,0.62,0.8,0.1,Strawweight,37.0,0.26923076923076916,0.20689655172413768,0.49114522308990216,977.0,26.666666666666668,7.938166666666667,0.0,0.543,21,0.7619047619047619,4.352380952380953
Quinton Jackson,37,12,0,0.15037793396101312,3.25,0.54,2.51,0.55,1.52,0.56,0.73,0.1,Light Heavyweight,46.0,0.5769230769230766,0.4482758620689653,1.1755768729530551,,0.0,0.6265,0.0,1.7770000000000001,49,0.7551020408163265,9.951020408163266
Sam Alvey,33,18,1,0.12027582548733588,3.28,0.44,3.63,0.52,0.06,0.14,0.82,0.1,Light Heavyweight,38.0,0.6538461538461537,0.48275862068965525,1.2568806000231447,921.0,39.130434782608695,10.224108695652175,0.08695652173913043,0.2847391304347826,52,0.6346153846153846,10.526923076923078
Angela Hill,16,13,0,0.01501790213499534,5.44,0.5,4.94,0.61,0.73,0.34,0.75,0.1,Strawweight,40.0,0.23076923076923084,0.10344827586206903,0.3492354087662952,172.0,7.6923076923076925,2.733576923076923,0.11538461538461539,0.9848461538461539,29,0.5517241379310345,5.910344827586208
Tim Sylvia,31,10,0,0.24058480307651503,4.23,0.41,2.61,0.61,0.11,1.0,0.75,0.1,Heavyweight,48.0,0.8461538461538458,0.6896551724137929,1.7763938216441537,,0.0,0.8395000000000001,0.0,0.43500000000000005,41,0.7560975609756098,8.351219512195122
Jennifer Maia,21,10,1,0.030068956371833978,4.35,0.38,4.52,0.55,0.42,0.27,0.58,0.1,Flyweight,36.0,0.23076923076923084,0.1379310344827586,0.39876922162382344,487.0,0.0,0.5680000000000001,0.08333333333333333,0.6393333333333333,32,0.65625,6.53125
Michael Johnson,22,19,0,0.07518896698050656,4.28,0.39,3.91,0.58,0.46,0.38,0.8,0.1,Welterweight,38.0,0.5769230769230766,0.34482758620689663,0.9969396301104798,368.0,27.586206896551722,7.54505172413793,0.1724137931034483,0.740103448275862,41,0.5365853658536586,8.307317073170733
Kamaru Usman,20,4,0,0.09773239623392123,4.36,0.52,2.74,0.54,2.82,0.45,0.89,0.1,Middleweight,37.0,0.6923076923076921,0.41379310344827575,1.203833191989889,480.0,16.666666666666664,5.030666666666667,0.05555555555555555,3.0903888888888886,24,0.8333333333333334,4.966666666666668
Vladimir Matyushenko,27,8,0,0.15037793396101312,1.9,0.44,1.62,0.59,3.25,0.46,0.7,0.1,Light Heavyweight,54.0,0.6153846153846154,0.41379310344827575,1.1795556527939044,4400.0,66.66666666666666,17.075166666666664,0.16666666666666666,3.5306666666666664,35,0.7714285714285715,7.154285714285714
Jamie Pickett,13,10,0,0.12027582548733588,2.84,0.48,3.92,0.49,1.44,0.4,0.69,0.1,Light Heavyweight,36.0,0.8461538461538458,0.48275862068965525,1.4491882923308368,347.0,11.11111111111111,3.0692777777777778,0.2222222222222222,1.7245555555555556,23,0.5652173913043478,4.71304347826087
Sean Santella,17,6,1,0.030068956371833978,0.0,0.0,0.0,0.0,0.0,0.0,0.0,0.0,Flyweight,33.27091633466136,0.34781884781884764,0.17241379310344812,0.5503015972941298,,0.0,0.0,0.0,0.0,24,0.7083333333333334,4.941666666666667
Kristof Midoux,6,10,0,0.1729213632144278,0.7,0.43,2.89,0.49,0.0,0.0,0.0,0.0,Heavyweight,50.0,0.7320261437908496,0.4482758620689653,1.3532233690742426,,0.0,-0.09899999999999998,0.0,0.0,16,0.375,3.2750000000000004
John Gunther,5,1,0,0.07518896698050656,1.65,0.37,3.72,0.46,7.08,0.42,0.0,0.0,Welterweight,39.0,0.5384615384615383,0.3103448275862067,0.9239953330282515,2286.0,0.0,-0.0025000000000000577,0.5,7.268,6,0.8333333333333334,1.366666666666667
Anatoly Tokov,25,2,0,0.12027582548733588,3.51,0.72,0.54,0.66,2.03,1.0,1.0,0.0,Light Heavyweight,41.277864992150704,0.6674641148325355,0.34482758620689663,1.132567526526768,,0.0,1.0394999999999999,0.0,2.28,27,0.9259259259259259,5.5851851851851855
Tom Tuggle,0,3,0,0.21804137382310043,0.0,0.0,2.14,0.0,32.14,1.0,0.0,0.0,Heavyweight,44.17465753424658,0.7320261437908496,0.48275862068965525,1.4328261383036054,,0.0,-0.321,0.0,32.29,3,0.0,0.6000000000000001
Iony Razafiarison,2,1,0,0.06013791274366793,1.2,0.42,1.4,0.53,2.0,0.5,0.75,0.0,Featherweight,35.8830242510699,0.4423076923076923,0.10344827586206903,0.6058938809134292,,0.0,0.25350000000000006,0.0,2.1500000000000004,3,0.6666666666666666,0.7333333333333334
Kiril Sidelnikov,11,4,0,0.18797241745126642,2.87,0.28,4.48,0.61,0.0,0.0,0.0,0.0,Heavyweight,44.17465753424658,0.7320261437908496,0.3793103448275862,1.2993089060697023,,0.0,0.19300000000000006,0.0,0.0,15,0.7333333333333333,3.1466666666666665
Michael Byrnes,5,3,0,0.07518896698050656,0.0,0.0,0.0,0.0,0.0,0.0,0.0,0.0,Welterweight,38.13361169102296,0.5218723584108196,0.3793103448275862,0.9763716702189124,,0.0,0.0,0.0,0.0,8,0.625,1.725
Geraldo de Freitas,12,6,0,0.045086858506829315,3.67,0.52,2.62,0.5,3.0,0.45,0.59,0.0,Featherweight,33.0,0.5384615384615383,0.24137931034482762,0.8249277073131953,1551.0,0.0,0.7035,0.0,3.1265,18,0.6666666666666666,3.7333333333333334
Buck Meredith,3,3,0,0.12027582548733588,0.0,0.0,0.0,0.0,0.0,0.0,0.0,0.0,Light Heavyweight,41.277864992150704,0.6674641148325355,0.48275862068965525,1.2704985610095267,,0.0,0.0,0.0,0.0,6,0.5,1.3000000000000003
Tony Bonello,16,3,1,0.12027582548733588,0.62,0.33,12.62,0.1,0.0,0.0,0.0,0.0,Light Heavyweight,41.277864992150704,0.6674641148325355,0.48275862068965525,1.2704985610095267,,0.0,-1.6569999999999998,0.0,0.0,20,0.8,4.16
Adam Khaliev,6,0,0,0.09773239623392123,0.0,0.0,0.0,0.0,0.0,0.0,0.0,0.0,Middleweight,40.0,0.5968489341983318,0.41379310344827575,1.1083744338805288,,0.0,0.0,0.0,0.0,6,1.0,1.4000000000000001
Dakota Cochrane,29,12,0,0.07518896698050656,2.66,0.75,2.66,0.3,4.43,0.33,0.0,0.0,Welterweight,38.13361169102296,0.5218723584108196,0.2758620689655172,0.8729233943568433,,0.0,0.4610000000000001,0.0,4.4795,41,0.7073170731707317,8.341463414634147
Donald Sanchez,31,17,0,0.06013791274366793,0.58,0.5,1.16,0.55,0.0,0.0,0.5,0.0,Featherweight,35.8830242510699,0.4423076923076923,0.34482758620689663,0.8472731912582568,,0.0,0.15350000000000003,0.0,0.05,48,0.6458333333333334,9.729166666666668
Felipe dos Santos,7,1,0,0.030068956371833978,6.6,0.32,7.47,0.38,0.0,0.0,0.0,0.0,Flyweight,24.0,0.4615384615384617,0.24137931034482762,0.7329867282551232,158.0,0.0,0.6505000000000001,0.0,0.0,8,0.875,1.7750000000000001
Eric Schwartz,2,0,0,0.15037793396101312,0.0,0.0,0.0,0.0,0.0,0.0,0.0,0.0,Light Heavyweight,41.277864992150704,0.6674641148325355,0.43297262375837825,1.250814672551927,,0.0,0.0,0.0,0.0,2,1.0,0.6000000000000001
Matt Lee,14,10,1,0.07518896698050656,0.0,0.0,9.68,0.21,0.0,0.0,0.0,0.0,Welterweight,38.13361169102296,0.5218723584108196,0.3793103448275862,0.9763716702189124,,0.0,-1.4204999999999999,0.0,0.0,25,0.56,5.112
Antwain Britt,11,6,0,0.15037793396101312,1.46,0.39,2.81,0.44,1.56,0.4,0.5,0.0,Light Heavyweight,41.277864992150704,0.7307692307692308,0.4482758620689653,1.3294230267992093,,0.0,0.08750000000000002,0.0,1.6700000000000002,17,0.6470588235294118,3.5294117647058827
Chris Barnett,23,8,0,0.24058480307651503,4.41,0.48,5.87,0.4,0.0,0.0,0.33,0.0,Heavyweight,38.0,0.6538461538461537,0.3103448275862067,1.2047757845088753,109.0,60.0,15.378000000000002,0.0,0.033,31,0.7419354838709677,6.348387096774194
Ray Seraille,8,9,0,0.21200769128762764,5.29,0.27,17.65,0.41,0.0,0.0,0.0,0.0,Heavyweight,44.17465753424658,0.7320261437908496,0.5172413793103448,1.461275214388822,,0.0,-1.2094999999999996,0.0,0.0,17,0.47058823529411764,3.494117647058824
Jason Sharp,3,3,0,0.15037793396101312,0.0,0.0,0.0,0.0,0.0,0.0,0.0,0.0,Light Heavyweight,41.277864992150704,0.6674641148325355,0.43297262375837825,1.250814672551927,,0.0,0.0,0.0,0.0,6,0.5,1.3000000000000003
Adam Yandiev,9,1,0,0.12027582548733588,0.18,0.08,6.14,0.36,0.0,0.0,0.25,0.0,Light Heavyweight,36.0,0.6153846153846154,0.3103448275862067,1.046005268458158,2342.0,0.0,-0.8059999999999999,1.0,0.275,10,0.9,2.18
Andrew Valladerez,5,7,0,0.045086858506829315,0.0,0.0,0.0,0.0,0.0,0.0,0.0,0.0,Featherweight,35.8830242510699,0.4423076923076923,0.2688069758224335,0.7562015266369551,,0.0,0.0,0.0,0.0,12,0.4166666666666667,2.483333333333334
Bahatebole Batebolati,8,1,1,0.07518896698050656,4.34,0.47,4.62,0.64,2.04,1.0,1.0,0.0,Welterweight,27.0,0.5,0.3793103448275862,0.9544993118080928,,0.0,0.5820000000000002,0.0,2.29,10,0.8,2.16
Andre Mussi,11,5,0,0.20600716085399814,0.0,0.0,10.59,0.35,0.0,0.0,0.0,0.0,Heavyweight,44.17465753424658,0.7320261437908496,0.5172413793103448,1.4552746839551927,,0.0,-1.536,0.0,0.0,16,0.6875,3.3375000000000004
Al Matavao,8,3,0,0.15037793396101312,7.84,0.46,6.7,0.58,0.0,0.0,0.0,0.0,Light Heavyweight,30.0,0.34615384615384626,0.2758620689655172,0.7723938490803766,,0.0,1.1340000000000003,0.0,0.0,11,0.7272727272727273,2.3454545454545457
Thomas Longacre,6,1,0,0.06013791274366793,0.0,0.0,0.0,0.0,0.0,0.0,0.0,0.0,Featherweight,35.8830242510699,0.4423076923076923,0.3103448275862067,0.8127904326375669,,0.0,0.0,0.0,0.0,7,0.8571428571428571,1.5714285714285716
Marcus Kowal,3,1,1,0.045086858506829315,0.0,0.0,0.0,0.0,0.0,0.0,0.0,0.0,Featherweight,35.8830242510699,0.4423076923076923,0.2688069758224335,0.7562015266369551,,0.0,0.0,0.0,0.0,5,0.6,1.12
Joey Gilbert,2,3,0,0.07518896698050656,0.61,0.42,4.44,0.31,0.0,0.0,0.0,0.0,Welterweight,48.0,0.5218723584108196,0.3793103448275862,0.9763716702189124,,0.0,-0.38300000000000006,0.0,0.0,5,0.4,1.08
Lucrezia Ria,8,2,0,0.030068956371833978,4.07,0.46,4.4,0.45,1.0,0.33,0.0,0.0,Flyweight,32.0,0.34781884781884764,0.20689655172413768,0.5847843559148194,,0.0,0.517,0.0,1.0495,10,0.8,2.16
Sean Bassett,0,4,0,0.07518896698050656,0.0,0.0,0.0,0.0,0.0,0.0,0.0,0.0,Welterweight,38.13361169102296,0.5218723584108196,0.3329867729451857,0.9300480983365118,,0.0,0.0,0.0,0.0,4,0.0,0.8
Jonathan  Mix,7,4,0,0.09471555496618486,0.0,0.0,0.0,0.0,0.0,0.0,0.0,0.0,Welterweight,38.13361169102296,0.5218723584108196,0.41379310344827575,1.03038101682528,,0.0,0.0,0.0,0.0,11,0.6363636363636364,2.3272727272727276
Chad Laprise,13,4,0,0.09773239623392123,4.78,0.42,3.59,0.65,1.05,0.54,0.78,0.0,Middleweight,38.0,0.5,0.34482758620689663,0.9425599824408178,2258.0,60.0,15.838000000000001,0.0,1.209,17,0.7647058823529411,3.5529411764705885
Quillan Salkilld,4,1,0,0.07518896698050656,0.0,0.0,0.0,0.0,0.0,0.0,0.0,0.0,Welterweight,25.0,0.6923076923076921,0.41379310344827575,1.1812897627364745,,0.0,0.0,0.0,0.0,5,0.8,1.1600000000000001
Reza Arianto,5,0,0,0.07518896698050656,0.0,0.0,0.0,0.0,0.0,0.0,0.0,0.0,Welterweight,38.13361169102296,0.5218723584108196,0.3329867729451857,0.9300480983365118,,0.0,0.0,0.0,0.0,5,1.0,1.2
Ryan Jimmo,19,5,0,0.15037793396101312,3.12,0.66,2.77,0.46,0.45,0.28,0.87,0.0,Light Heavyweight,43.0,0.5769230769230766,0.4482758620689653,1.1755768729530551,3546.0,28.57142857142857,7.7083571428571425,0.0,0.579,24,0.7916666666666666,4.958333333333334
Jean Silva,11,2,0,0.06013791274366793,5.8,0.48,4.73,0.55,1.0,0.33,1.0,0.0,Featherweight,28.0,0.4230769230769229,0.24137931034482762,0.7245941461654184,214.0,66.66666666666666,17.585666666666665,0.0,1.1495000000000002,13,0.8461538461538461,2.769230769230769
Larry Cureton,0,2,0,0.20299031958626176,0.0,0.0,0.0,0.0,0.0,0.0,0.0,0.0,Heavyweight,44.17465753424658,0.7320261437908496,0.48275862068965525,1.4177750840667667,,0.0,0.0,0.0,0.0,2,0.0,0.4
Jansey Silva,7,2,0,0.12027582548733588,0.46,0.4,2.32,0.33,0.0,0.0,0.0,0.0,Light Heavyweight,29.0,0.34615384615384626,0.48275862068965525,0.9491882923308373,,0.0,-0.10349999999999998,0.0,0.0,9,0.7777777777777778,1.9555555555555557
Brad Tavares,20,9,0,0.12027582548733588,3.38,0.43,3.03,0.56,0.81,0.26,0.82,0.0,Light Heavyweight,37.0,0.6153846153846154,0.4482758620689653,1.1839363029409165,123.0,28.000000000000004,7.5605,0.0,0.931,29,0.6896551724137931,5.93793103448276
Sumit Kumar,8,1,0,0.030068956371833978,2.8,0.24,4.67,0.46,6.0,0.3,0.6,0.0,Flyweight,24.0,0.3076923076923075,0.17241379310344812,0.5101750571675896,,0.0,0.11649999999999994,0.0,6.1049999999999995,9,0.8888888888888888,1.9777777777777779
Yuhi Sano,0,4,0,0.2074990054369447,0.0,0.0,0.0,0.0,0.0,0.0,0.0,0.0,Heavyweight,60.0,0.7320261437908496,0.3793103448275862,1.3188354940553806,,0.0,0.0,0.0,0.0,4,0.0,0.8
Chris Brown,10,1,0,0.09773239623392123,0.0,0.0,0.0,0.0,0.0,0.0,0.0,0.0,Middleweight,39.515151515151516,0.5968489341983318,0.3835561420620804,1.0781374724943333,,0.0,0.0,0.0,0.0,11,0.9090909090909091,2.381818181818182
Nick Fiore,6,2,0,0.07518896698050656,2.83,0.46,7.93,0.42,2.5,0.45,0.71,0.0,Welterweight,27.0,0.5384615384615383,0.34482758620689663,0.9584780916489415,634.0,0.0,-0.32699999999999996,0.0,2.6385,8,0.75,1.75
Andy Anderson,0,1,0,0.20299031958626176,0.0,0.0,0.0,0.0,0.0,0.0,0.0,0.0,Heavyweight,44.17465753424658,0.7320261437908496,0.20689655172413768,1.141913015101249,,0.0,0.0,0.0,0.0,1,0.0,0.2
Fabiola Pidroni,5,0,0,0.01501790213499534,0.0,0.0,0.0,0.0,0.0,0.0,0.0,0.0,Strawweight,33.46363636363636,0.21923076923076928,0.11741236819606739,0.35166103956183203,,0.0,0.0,0.0,0.0,5,1.0,1.2
Satoshi Honma,4,6,3,0.15037793396101312,0.0,0.0,0.0,0.0,0.0,0.0,0.0,0.0,Light Heavyweight,56.0,0.6674641148325355,0.4482758620689653,1.266117910862514,,0.0,0.0,0.0,0.0,13,0.3076923076923077,2.661538461538462
Eduardo Garagorri,13,2,0,0.06013791274366793,3.42,0.51,2.36,0.58,0.48,1.0,0.61,0.0,Featherweight,35.0,0.4615384615384617,0.3103448275862067,0.8320212018683363,1558.0,0.0,0.6900000000000001,0.5,0.8160000000000001,15,0.8666666666666667,3.1733333333333333
Bruno Oliveira,8,2,0,0.15037793396101312,3.44,0.33,4.92,0.54,0.0,0.0,0.0,0.0,Light Heavyweight,40.0,0.8461538461538458,0.5517241379310344,1.5482559180458932,,0.0,0.2689999999999999,0.0,0.0,10,0.8,2.16
Rolles Gracie,8,4,0,0.20600716085399814,2.3,0.32,3.38,0.55,2.3,0.1,0.0,0.0,Heavyweight,46.0,0.7320261437908496,0.5517241379310344,1.4897574425758822,,0.0,0.21450000000000002,0.0,2.315,12,0.6666666666666666,2.5333333333333337
Lacey Schuckman,11,10,0,0.030068956371833978,0.0,0.0,0.0,0.0,0.0,0.0,0.0,0.0,Flyweight,33.27091633466136,0.34781884781884764,0.10344827586206903,0.48133608005275064,,0.0,0.0,0.0,0.0,21,0.5238095238095238,4.304761904761905
Ottman Azaitar,13,2,0,0.07518896698050656,5.73,0.51,4.96,0.48,0.0,0.0,1.0,0.0,Welterweight,34.0,0.5,0.2758620689655172,0.8510510359460237,578.0,75.0,19.6125,0.0,0.1,15,0.8666666666666667,3.1733333333333333
Mike Campbell,13,4,0,0.07518896698050656,1.4,0.26,1.4,0.63,5.26,1.0,0.0,0.0,Welterweight,38.13361169102296,0.5218723584108196,0.3103448275862067,0.9074061529775328,,0.0,0.2865,0.0,5.41,17,0.7647058823529411,3.5529411764705885
Chad Corvin,5,0,0,0.22556690094151968,0.0,0.0,0.0,0.0,0.0,0.0,0.0,0.0,Heavyweight,44.17465753424658,0.7320261437908496,0.5862068965517243,1.5437999412840937,,0.0,0.0,0.0,0.0,5,1.0,1.2
Ray Perales,13,22,0,0.09773239623392123,0.18,0.25,2.39,0.32,0.0,0.0,0.33,0.0,Middleweight,39.515151515151516,0.5968489341983318,0.34482758620689663,1.0394089166391498,,0.0,-0.21549999999999997,0.0,0.033,35,0.37142857142857144,7.074285714285715
Anvar Boynazarov,3,1,0,0.06013791274366793,0.0,0.0,7.83,0.29,0.0,0.0,0.0,0.0,Featherweight,36.0,0.4423076923076923,0.3103448275862067,0.8127904326375669,,0.0,-1.1309999999999998,0.0,0.0,4,0.75,0.9500000000000001
Anthony Morrison,20,12,0,0.06013791274366793,1.7,0.33,0.49,0.8,0.0,0.0,0.5,0.0,Featherweight,40.0,0.4423076923076923,0.24137931034482762,0.7438249153961878,,0.0,0.5375,0.0,0.05,32,0.625,6.525
David Douglas,9,7,0,0.07518896698050656,0.0,0.0,0.0,0.0,0.0,0.0,0.0,0.0,Welterweight,38.13361169102296,0.5218723584108196,0.3793103448275862,0.9763716702189124,,0.0,0.0,0.0,0.0,16,0.5625,3.3125
Tyson Nam,21,14,1,0.030068956371833978,3.87,0.33,4.97,0.65,0.0,0.0,0.87,0.0,Flyweight,41.0,0.3846153846153846,0.24137931034482762,0.6560636513320461,578.0,25.0,6.6355,0.125,0.11825000000000001,36,0.5833333333333334,7.316666666666666
Peter Danesoe,6,3,0,0.030068956371833978,4.98,0.54,7.02,0.37,0.0,0.0,0.62,0.0,Flyweight,24.0,0.3846153846153846,0.3103448275862067,0.7250291685734253,,0.0,0.35550000000000037,0.0,0.062,9,0.6666666666666666,1.9333333333333333
Hamdy Abdelwahab,5,0,0,0.2390929584935685,3.87,0.52,3.13,0.59,3.0,0.75,0.0,0.0,Heavyweight,32.0,0.5384615384615383,0.48275862068965525,1.260313117644762,,0.0,0.6905000000000001,0.0,3.1125,5,1.0,1.2
Juan Andres Luna,12,1,0,0.030068956371833978,3.27,0.31,3.0,0.65,0.0,0.0,0.0,0.0,Flyweight,29.0,0.5384615384615383,0.24137931034482762,0.8099098051781999,,0.0,0.527,0.0,0.0,13,0.9230769230769231,2.7846153846153845
Leon Shahbazyan,7,2,0,0.09773239623392123,6.33,0.52,8.18,0.32,1.46,0.5,0.0,0.0,Middleweight,29.0,0.6153846153846154,0.5517241379310344,1.264841149549571,,0.0,0.5075000000000003,0.0,1.535,9,0.7777777777777778,1.9555555555555557
Gokhan Saki,1,2,0,0.15037793396101312,7.09,0.58,4.57,0.53,0.0,0.0,1.0,0.0,Light Heavyweight,41.0,0.5769230769230766,0.41379310344827575,1.1410941143323656,2412.0,100.0,26.2825,0.0,0.1,3,0.3333333333333333,0.6666666666666667
Justin Smitley,10,7,1,0.06013791274366793,0.0,0.0,0.0,0.0,0.0,0.0,0.0,0.0,Featherweight,35.8830242510699,0.4423076923076923,0.2688069758224335,0.7712525808737938,,0.0,0.0,0.0,0.0,18,0.5555555555555556,3.7111111111111112
Steve Ramirez,5,2,0,0.030068956371833978,0.0,0.0,0.0,0.0,0.0,0.0,0.0,0.0,Flyweight,33.27091633466136,0.34781884781884764,0.24137931034482762,0.6192671145355093,,0.0,0.0,0.0,0.0,7,0.7142857142857143,1.542857142857143
Bill Cooper,2,1,0,0.07518896698050656,0.0,0.0,0.0,0.0,0.0,0.0,0.0,0.0,Welterweight,38.13361169102296,0.5218723584108196,0.3329867729451857,0.9300480983365118,,0.0,0.0,0.0,0.0,3,0.6666666666666666,0.7333333333333334
Scott Graham,3,1,0,0.12027582548733588,0.91,0.42,2.27,0.28,0.0,0.0,0.0,0.0,Light Heavyweight,41.277864992150704,0.6674641148325355,0.5517241379310344,1.3394640782509057,,0.0,0.013000000000000012,0.0,0.0,4,0.75,0.9500000000000001
Enson Inoue,12,8,0,0.1578703089775892,1.7,0.63,1.88,0.3,0.0,0.0,0.33,0.0,Heavyweight,57.0,0.7320261437908496,0.34482758620689663,1.2347240389753353,,0.0,0.314,0.0,0.033,20,0.6,4.12
Antonio McKee,29,6,2,0.07518896698050656,1.37,0.45,0.74,0.74,1.47,0.33,0.57,0.0,Welterweight,54.0,0.5218723584108196,0.2758620689655172,0.8729233943568433,5156.0,0.0,0.4325000000000001,0.0,1.5765,37,0.7837837837837838,7.556756756756757
Brandon Saling,8,6,0,0.09773239623392123,2.88,0.4,6.08,0.2,0.0,0.0,0.57,0.0,Middleweight,39.515151515151516,0.5968489341983318,0.34482758620689663,1.0394089166391498,,0.0,-0.08199999999999985,0.0,0.056999999999999995,14,0.5714285714285714,2.9142857142857146
Bertrand Amoussou,1,1,0,0.12780135260575523,6.75,0.39,2.01,0.83,0.0,0.0,0.0,0.0,Light Heavyweight,41.277864992150704,0.6674641148325355,0.2758620689655172,1.071127536403808,,0.0,1.5885000000000002,0.0,0.0,2,0.5,0.5
Razak Al-Hassan,13,5,0,0.15037793396101312,3.27,0.39,3.14,0.6,0.65,0.14,0.57,0.0,Light Heavyweight,42.0,0.6674641148325355,0.48275862068965525,1.300600669483204,,0.0,0.5145,0.0,0.728,18,0.7222222222222222,3.7444444444444445
Israel Albuquerque,0,3,0,0.12027582548733588,0.32,0.13,3.34,0.25,0.0,0.0,0.0,0.0,Light Heavyweight,41.277864992150704,0.6674641148325355,0.43297262375837825,1.2207125640782497,,0.0,-0.3575,0.0,0.0,3,0.0,0.6000000000000001
Helio Dipp,6,3,0,0.12027582548733588,0.6,0.25,1.8,0.62,0.0,0.0,0.5,0.0,Light Heavyweight,41.277864992150704,0.6674641148325355,0.5862068965517243,1.3739468368715957,,0.0,0.02300000000000002,0.0,0.05,9,0.6666666666666666,1.9333333333333333
Brad Katona,15,2,0,0.045086858506829315,4.8,0.51,4.57,0.5,1.0,0.2,0.5,0.0,Featherweight,33.0,0.23076923076923084,0.20689655172413768,0.4827526410001978,116.0,0.0,0.6915,0.0,1.08,17,0.8823529411764706,3.5764705882352943
Santo Curatolo,6,2,0,0.030068956371833978,1.4,0.39,6.07,0.34,2.0,0.33,1.0,0.0,Flyweight,30.0,0.15384615384615374,0.10344827586206903,0.28736338608005674,,0.0,-0.4315,0.0,2.1495,8,0.75,1.75
Houston Dorr,1,2,0,0.1578703089775892,0.0,0.0,0.0,0.0,0.0,0.0,0.0,0.0,Heavyweight,44.17465753424658,0.7320261437908496,0.4482758620689653,1.3381723148374043,,0.0,0.0,0.0,0.0,3,0.3333333333333333,0.6666666666666667
Alan Omer,20,5,0,0.06013791274366793,3.49,0.55,2.21,0.64,1.69,0.42,0.66,0.0,Featherweight,36.0,0.4423076923076923,0.34482758620689663,0.8472731912582568,3525.0,0.0,0.7470000000000001,0.5,1.944,25,0.8,5.16
John Reedy,11,6,0,0.07518896698050656,0.0,0.0,0.0,0.0,0.0,0.0,0.0,0.0,Welterweight,38.13361169102296,0.5218723584108196,0.2758620689655172,0.8729233943568433,,0.0,0.0,0.0,0.0,17,0.6470588235294118,3.5294117647058827
Fernando Padilla,15,5,0,0.06013791274366793,5.51,0.38,5.81,0.53,0.0,0.0,1.0,0.0,Featherweight,28.0,0.6923076923076921,0.4482758620689653,1.2007214671203252,326.0,33.33333333333333,8.994833333333332,0.3333333333333333,0.18333333333333335,20,0.75,4.15
Brandon Jenkins,15,9,0,0.07518896698050656,2.93,0.41,8.05,0.33,0.0,0.0,0.27,0.0,Welterweight,33.0,0.5,0.41379310344827575,0.9889820704287823,1033.0,100.0,24.6565,0.0,0.027000000000000003,24,0.625,4.925000000000001
Muin Gafurov,18,6,0,0.045086858506829315,2.98,0.41,2.95,0.48,2.4,0.26,0.62,0.0,Featherweight,28.0,0.3846153846153846,0.24137931034482762,0.6710815534670416,235.0,0.0,0.4564999999999999,0.3333333333333333,2.5843333333333334,24,0.75,4.950000000000001
Dashawn Boatwright,3,1,0,0.15037793396101312,0.0,0.0,52.5,0.12,0.0,0.0,0.0,0.0,Light Heavyweight,36.0,0.6674641148325355,0.41379310344827575,1.2316351522418243,,0.0,-7.857,0.0,0.0,4,0.75,0.9500000000000001
Shane Campbell,14,6,0,0.07518896698050656,3.99,0.59,3.19,0.55,1.36,0.28,0.82,0.0,Welterweight,38.0,0.5,0.41379310344827575,0.9889820704287823,3091.0,40.0,10.7195,0.2,1.5340000000000003,20,0.7,4.14
Justin Patterson,9,3,0,0.09773239623392123,0.0,0.0,0.0,0.0,0.0,0.0,0.0,0.0,Middleweight,39.515151515151516,0.5968489341983318,0.34482758620689663,1.0394089166391498,,0.0,0.0,0.0,0.0,12,0.75,2.5500000000000003
Roger Carroll,16,14,0,0.09773239623392123,7.62,0.61,10.48,0.43,0.0,0.0,1.0,0.0,Middleweight,39.515151515151516,0.5968489341983318,0.34482758620689663,1.0394089166391498,,0.0,0.5194999999999999,0.0,0.1,30,0.5333333333333333,6.1066666666666665
Todd Moore,16,7,0,0.09773239623392123,1.83,0.26,2.3,0.57,0.78,0.14,0.54,0.0,Middleweight,41.0,0.5,0.3103448275862067,0.9080772238201279,,0.0,0.2500000000000001,0.0,0.8550000000000001,23,0.6956521739130435,4.739130434782609
Jeremy Larsen,8,5,0,0.06013791274366793,4.87,0.48,5.75,0.57,2.49,0.33,0.0,0.0,Featherweight,40.0,0.4615384615384617,0.34482758620689663,0.8665039604890262,4134.0,100.0,25.5365,0.0,2.5395000000000003,13,0.6153846153846154,2.723076923076923
Zach Zane,10,7,0,0.06013791274366793,0.87,0.56,6.67,0.2,0.0,0.0,0.26,0.0,Featherweight,35.0,0.4230769230769229,0.24137931034482762,0.7245941461654184,,0.0,-0.6409999999999999,0.0,0.026000000000000002,17,0.5882352941176471,3.51764705882353
Jared Chaffee,5,2,0,0.07518896698050656,0.0,0.0,0.0,0.0,0.0,0.0,0.0,0.0,Welterweight,38.13361169102296,0.5218723584108196,0.34482758620689663,0.9418889115982227,,0.0,0.0,0.0,0.0,7,0.7142857142857143,1.542857142857143
Takafumi Otsuka,22,13,2,0.05112054104230206,1.29,0.27,2.12,0.67,1.64,0.27,0.65,0.0,Featherweight,35.8830242510699,0.4423076923076923,0.20689655172413768,0.7003247850741321,,0.0,0.15899999999999997,0.0,1.7454999999999998,37,0.5945945945945946,7.518918918918919
Anthony Taylor,1,3,0,0.06013791274366793,0.0,0.0,0.0,0.0,0.0,0.0,0.0,0.0,Featherweight,35.8830242510699,0.4423076923076923,0.24137931034482762,0.7438249153961878,,0.0,0.0,0.0,0.0,4,0.25,0.8500000000000001
Adam Antolin,12,3,0,0.030068956371833978,5.73,0.52,5.0,0.69,0.0,0.0,1.0,0.0,Flyweight,42.0,0.1923076923076925,0.17241379310344812,0.3947904417829746,,0.0,0.8900000000000001,0.0,0.1,15,0.8,3.16
Todd Lally,2,1,0,0.06013791274366793,0.0,0.0,0.0,0.0,0.0,0.0,0.0,0.0,Featherweight,35.8830242510699,0.4423076923076923,0.24137931034482762,0.7438249153961878,,0.0,0.0,0.0,0.0,3,0.6666666666666666,0.7333333333333334
James Wallace,5,2,0,0.07518896698050656,0.52,0.28,3.41,0.35,0.0,0.0,0.0,0.0,Welterweight,32.0,0.4230769230769229,0.34482758620689663,0.8430934762643261,,0.0,-0.27299999999999996,0.0,0.0,7,0.7142857142857143,1.542857142857143
CM Punk,0,1,0,0.09773239623392123,1.1,0.23,4.87,0.4,0.87,0.11,0.0,0.0,Middleweight,46.0,0.5769230769230766,0.4482758620689653,1.1229313352259633,2440.0,0.0,-0.34950000000000003,0.5,1.0114999999999998,1,0.0,0.2
Cleber Luciano,14,6,0,0.07518896698050656,0.0,0.0,0.0,0.0,0.0,0.0,0.0,0.0,Welterweight,38.13361169102296,0.5218723584108196,0.20689655172413768,0.8039578771154638,,0.0,0.0,0.0,0.0,20,0.7,4.14
Denis Tiuliulin,10,9,0,0.12027582548733588,4.5,0.41,6.15,0.36,0.0,0.0,0.73,0.0,Light Heavyweight,36.0,0.7307692307692308,0.4482758620689653,1.2993209183255319,193.0,50.0,12.8385,0.3333333333333333,0.15633333333333332,19,0.5263157894736842,3.905263157894737
Daniel Marcos,15,0,0,0.045086858506829315,4.88,0.46,3.7,0.69,0.4,0.5,0.89,0.0,Featherweight,31.0,0.4230769230769229,0.24137931034482762,0.7095430919285799,249.0,33.33333333333333,9.193833333333332,0.0,0.5640000000000001,15,1.0,3.2
Austen Lane,12,4,0,0.21051584670468107,4.48,0.47,2.85,0.48,0.0,0.0,0.0,0.0,Heavyweight,37.0,0.8461538461538458,0.6206896551724138,1.6773593480309406,116.0,66.66666666666666,17.525166666666667,0.0,0.0,16,0.75,3.35
Carli Judice,3,1,0,0.030068956371833978,11.2,0.57,12.27,0.54,0.0,0.0,0.5,0.0,Flyweight,25.0,0.3846153846153846,0.24137931034482762,0.6560636513320461,242.0,0.0,1.1544999999999999,0.0,0.05,4,0.75,0.9500000000000001
Juan Mott,3,4,0,0.12780135260575523,0.0,0.0,0.0,0.0,0.0,0.0,0.0,0.0,Light Heavyweight,41.277864992150704,0.6674641148325355,0.41379310344827575,1.2090585708865667,,0.0,0.0,0.0,0.0,7,0.42857142857142855,1.4857142857142858
Kevin Aguilar,17,5,0,0.07518896698050656,3.96,0.4,4.81,0.52,0.16,0.16,0.78,0.0,Welterweight,36.0,0.5769230769230766,0.24137931034482762,0.8934913542484109,1369.0,16.666666666666664,4.593166666666666,0.0,0.262,22,0.7727272727272727,4.554545454545455
Elise Reed,7,4,0,0.01501790213499534,2.66,0.49,3.06,0.52,0.58,0.6,0.42,0.0,Strawweight,32.0,0.1923076923076925,0.10344827586206903,0.3107738703047569,116.0,25.0,6.632000000000001,0.25,0.7745,11,0.6363636363636364,2.3272727272727276
Rashad Evans,19,8,1,0.15037793396101312,2.14,0.37,2.42,0.63,2.98,0.44,0.73,0.0,Light Heavyweight,45.0,0.6538461538461537,0.41379310344827575,1.2180171912554427,2440.0,33.33333333333333,8.673833333333333,0.0,3.1189999999999998,28,0.6785714285714286,5.735714285714287
Lionel Lanham,5,1,0,0.15037793396101312,0.0,0.0,0.0,0.0,0.0,0.0,0.0,0.0,Light Heavyweight,41.277864992150704,0.6674641148325355,0.43297262375837825,1.250814672551927,,0.0,0.0,0.0,0.0,6,0.8333333333333334,1.366666666666667
Mike de la Torre,14,7,0,0.06013791274366793,3.21,0.39,4.75,0.51,0.36,0.16,0.83,0.0,Featherweight,38.0,0.5,0.3793103448275862,0.9394482575712542,2867.0,33.33333333333333,8.577833333333333,0.16666666666666666,0.5086666666666667,21,0.6666666666666666,4.333333333333334
Alberto Uda,12,2,0,0.12027582548733588,1.79,0.52,3.49,0.45,2.83,0.5,0.66,0.0,Light Heavyweight,40.0,0.6674641148325355,0.5172413793103448,1.3049813196302162,3098.0,50.0,12.5955,0.5,3.096,14,0.8571428571428571,2.9714285714285715
Chase Gibson,9,5,0,0.07518896698050656,3.13,0.54,6.4,0.52,0.0,0.0,0.0,0.0,Welterweight,35.0,0.5384615384615383,0.34482758620689663,0.9584780916489415,,0.0,0.008499999999999952,0.0,0.0,14,0.6428571428571429,2.928571428571429
Jose Augusto,6,2,0,0.21953321840604695,0.0,0.0,0.0,0.0,0.0,0.0,0.0,0.0,Heavyweight,44.17465753424658,0.7320261437908496,0.5172413793103448,1.4688007415072413,,0.0,0.0,0.0,0.0,8,0.75,1.75
Joao Elias,17,4,1,0.030068956371833978,0.4,0.5,6.47,0.2,0.0,0.0,0.5,0.0,Flyweight,30.0,0.23076923076923084,0.10344827586206903,0.36428646300313383,,0.0,-0.7404999999999999,0.0,0.05,22,0.7727272727272727,4.554545454545455
Joe Giannetti,6,1,0,0.07518896698050656,1.93,0.38,2.8,0.4,1.0,0.16,0.0,0.0,Welterweight,29.0,0.6153846153846154,0.41379310344827575,1.1043666858133978,2413.0,0.0,0.19850000000000007,0.0,1.024,7,0.8571428571428571,1.5714285714285716
Marcos Bonilla,4,4,0,0.06013791274366793,0.47,0.12,0.47,0.94,0.0,0.0,0.0,0.0,Featherweight,35.8830242510699,0.4423076923076923,0.34482758620689663,0.8472731912582568,,0.0,0.21199999999999997,0.0,0.0,8,0.5,1.7000000000000002
Arman Ashimov,11,3,1,0.030068956371833978,0.0,0.0,0.0,0.0,0.0,0.0,0.0,0.0,Flyweight,33.27091633466136,0.34781884781884764,0.20689655172413768,0.5847843559148194,,0.0,0.0,0.0,0.0,15,0.7333333333333333,3.1466666666666665
Daniel Allen,5,0,0,0.07518896698050656,7.6,0.51,5.87,0.53,2.0,0.66,1.0,0.0,Welterweight,32.0,0.6538461538461537,0.41379310344827575,1.1428282242749361,,0.0,1.2009999999999996,0.0,2.1990000000000003,5,1.0,1.2
Rana Rudra Pratap Singh,11,2,0,0.045086858506829315,0.0,0.0,9.05,0.27,0.0,0.0,0.0,0.0,Featherweight,27.0,0.4230769230769229,0.34482758620689663,0.8129913677906488,,0.0,-1.3170000000000002,0.0,0.0,13,0.8461538461538461,2.769230769230769
Cindy Dandois,8,3,0,0.045086858506829315,3.13,0.32,3.4,0.58,5.0,0.55,0.0,0.0,Featherweight,40.0,0.4423076923076923,0.24137931034482762,0.7287738611593493,2853.0,0.0,0.4235,0.0,5.0825,11,0.7272727272727273,2.3454545454545457
Errol Zimmerman,0,1,0,0.12027582548733588,2.95,0.42,0.0,0.0,0.0,0.0,0.0,0.0,Light Heavyweight,38.0,0.6674641148325355,0.5172413793103448,1.3049813196302162,,0.0,0.8215,0.0,0.0,1,0.0,0.2
Kyle Sturgeon,0,1,0,0.1804468903328471,0.0,0.0,0.0,0.0,0.0,0.0,0.0,0.0,Heavyweight,44.17465753424658,0.7320261437908496,0.5172413793103448,1.4297144134340414,,0.0,0.0,0.0,0.0,1,0.0,0.2
Jorge Gonzalez,16,4,0,0.15037793396101312,0.0,0.0,0.0,0.0,0.0,0.0,0.0,0.0,Light Heavyweight,40.0,0.6923076923076921,0.48275862068965525,1.3254442469583605,,0.0,0.0,0.0,0.0,20,0.8,4.16
Philipe Lins,17,5,0,0.15037793396101312,3.59,0.46,3.73,0.44,1.55,0.35,1.0,0.0,Light Heavyweight,39.0,0.7692307692307692,0.48275862068965525,1.4023673238814376,340.0,33.33333333333333,8.829333333333333,0.0,1.7025000000000001,22,0.7727272727272727,4.554545454545455
Yao Zhikui,2,4,0,0.030068956371833978,1.44,0.21,2.82,0.48,0.66,0.16,0.58,0.0,Flyweight,34.0,0.23076923076923084,0.17241379310344812,0.43325198024451295,3000.0,0.0,0.05099999999999999,0.0,0.742,6,0.3333333333333333,1.2666666666666668
Andrei Kopylov,6,11,0,0.24058480307651503,0.33,0.66,4.31,0.4,0.0,0.0,0.0,0.0,Heavyweight,59.0,0.7320261437908496,0.48275862068965525,1.4553695675570197,,0.0,-0.37199999999999994,0.0,0.0,17,0.35294117647058826,3.470588235294118
Larissa Pacheco,10,2,0,0.045086858506829315,1.21,0.19,4.14,0.55,0.0,0.0,0.0,0.0,Featherweight,30.0,0.4423076923076923,0.24137931034482762,0.7287738611593493,3623.0,50.0,12.302,0.5,0.125,12,0.8333333333333334,2.566666666666667
Chad Sutton,2,2,0,0.12027582548733588,0.0,0.0,0.0,0.0,0.0,0.0,0.0,0.0,Light Heavyweight,41.277864992150704,0.6674641148325355,0.4482758620689653,1.2360158023888368,,0.0,0.0,0.0,0.0,4,0.5,0.9
Anna Elmose,3,2,0,0.01501790213499534,3.68,0.49,4.64,0.56,0.0,0.0,0.33,0.0,Strawweight,40.0,0.21923076923076928,0.10344827586206903,0.33769694722783367,3007.0,50.0,12.906,0.0,0.033,5,0.6,1.12
Merritt Warren,3,3,0,0.07518896698050656,0.0,0.0,0.0,0.0,0.0,0.0,0.0,0.0,Welterweight,38.13361169102296,0.5218723584108196,0.34482758620689663,0.9418889115982227,,0.0,0.0,0.0,0.0,6,0.5,1.3000000000000003
Chris Yee,4,6,0,0.12027582548733588,0.0,0.0,0.0,0.0,0.0,0.0,0.0,0.0,Light Heavyweight,41.277864992150704,0.6674641148325355,0.3103448275862067,1.0980847679060781,,0.0,0.0,0.0,0.0,10,0.4,2.08
Johnny Bedford,21,13,1,0.045086858506829315,4.53,0.5,1.75,0.63,1.83,0.62,0.62,0.0,Featherweight,42.0,0.5,0.34482758620689663,0.8899144447137259,3805.0,60.0,16.064500000000002,0.4,2.085,35,0.6,7.12
Josh Hendricks,19,11,0,0.19546479246784249,0.98,0.2,11.8,0.29,0.0,0.0,0.0,0.0,Heavyweight,48.0,0.7320261437908496,0.48275862068965525,1.4102495569483473,,0.0,-1.4415,0.0,0.0,30,0.6333333333333333,6.126666666666667
Fabian Gonzalez,2,1,0,0.045086858506829315,3.9,0.48,4.39,0.51,0.0,0.0,0.66,0.0,Featherweight,35.8830242510699,0.4423076923076923,0.34482758620689663,0.8322221370214182,,0.0,0.489,0.0,0.066,3,0.6666666666666666,0.7333333333333334
Leonardo Silva de Oliveira,12,4,0,0.12027582548733588,1.07,0.4,0.54,0.5,24.11,0.5,0.0,0.0,Light Heavyweight,32.0,0.6674641148325355,0.48275862068965525,1.2704985610095267,,0.0,0.3415,0.0,24.185,16,0.75,3.35
Garrett Armfield,9,3,0,0.045086858506829315,5.29,0.44,3.52,0.57,0.0,0.0,0.75,0.0,Featherweight,28.0,0.4615384615384617,0.20689655172413768,0.7135218717694287,102.0,20.0,5.968,0.4,0.17500000000000002,12,0.75,2.5500000000000003
Joey Gomez,6,2,0,0.045086858506829315,2.44,0.28,4.46,0.55,0.62,1.0,0.5,0.0,Featherweight,38.0,0.5769230769230766,0.34482758620689663,0.9668375216368026,3070.0,50.0,12.5795,0.0,0.8200000000000001,8,0.75,1.75
Takahiro Oba,5,7,1,0.14285240684259382,0.23,0.25,1.82,0.69,0.0,0.0,0.0,0.0,Light Heavyweight,41.277864992150704,0.6674641148325355,0.2758620689655172,1.0861785906406465,,0.0,-0.062,0.0,0.0,13,0.38461538461538464,2.676923076923077
Toby Misech,9,5,0,0.06013791274366793,3.27,0.4,7.73,0.46,0.0,0.0,0.0,0.0,Featherweight,36.0,0.4423076923076923,0.2758620689655172,0.7783076740168774,,0.0,-0.19300000000000006,0.0,0.0,14,0.6428571428571429,2.928571428571429
Manon Fiorot,11,1,0,0.030068956371833978,6.05,0.39,3.31,0.69,1.36,0.46,0.91,0.0,Flyweight,34.0,0.26923076923076916,0.24137931034482762,0.5406790359474307,319.0,14.285714285714285,4.768928571428571,0.0,1.52,12,0.9166666666666666,2.583333333333334
Tai Bowden,1,1,0,0.18797241745126642,0.0,0.0,0.0,0.0,0.0,0.0,0.0,0.0,Heavyweight,44.17465753424658,0.7320261437908496,0.3793103448275862,1.2993089060697023,,0.0,0.0,0.0,0.0,2,0.5,0.5
Zach Underwood,13,7,0,0.12027582548733588,0.0,0.0,0.0,0.0,0.0,0.0,0.0,0.0,Light Heavyweight,41.277864992150704,0.6674641148325355,0.48275862068965525,1.2704985610095267,,0.0,0.0,0.0,0.0,20,0.65,4.13
Josh Bumgarner,6,4,0,0.09773239623392123,0.0,0.0,0.0,0.0,0.0,0.0,0.0,0.0,Middleweight,39.515151515151516,0.5968489341983318,0.4482758620689653,1.1428571925012183,,0.0,0.0,0.0,0.0,10,0.6,2.12
Jonathan Santa Maria,3,4,0,0.030068956371833978,3.6,0.51,2.53,0.74,0.0,0.0,0.8,0.0,Flyweight,33.27091633466136,0.34781884781884764,0.3103448275862067,0.6882326317768883,,0.0,0.7335,0.0,0.08000000000000002,7,0.42857142857142855,1.4857142857142858
Falaniko Vitale,30,11,0,0.12027582548733588,1.88,0.49,3.68,0.47,0.72,0.33,0.86,0.0,Light Heavyweight,50.0,0.6674641148325355,0.34482758620689663,1.132567526526768,,0.0,0.08649999999999991,0.0,0.8554999999999999,41,0.7317073170731707,8.346341463414635
Tom Duquesnoy,16,2,0,0.045086858506829315,3.83,0.45,5.3,0.62,0.42,0.25,0.46,0.0,Featherweight,31.0,0.3846153846153846,0.24137931034482762,0.6710815534670416,2524.0,33.33333333333333,8.678833333333332,0.0,0.5035,18,0.8888888888888888,3.7777777777777777
Jim Wallhead,29,11,0,0.09773239623392123,3.19,0.26,6.65,0.49,0.0,0.0,1.0,0.0,Middleweight,40.0,0.5968489341983318,0.34482758620689663,1.0394089166391498,,0.0,-0.07450000000000001,0.0,0.1,40,0.725,8.145
Darryl Cobb,6,8,0,0.12027582548733588,0.0,0.0,0.0,0.0,0.0,0.0,0.0,0.0,Light Heavyweight,41.277864992150704,0.6674641148325355,0.3103448275862067,1.0980847679060781,,0.0,0.0,0.0,0.0,14,0.42857142857142855,2.885714285714286
Moise Rimbon,23,11,3,0.15037793396101312,0.8,0.34,1.0,0.71,1.0,0.5,0.37,0.0,Light Heavyweight,47.0,0.6674641148325355,0.34482758620689663,1.1626696350004453,,0.0,0.2245,0.0,1.1119999999999999,37,0.6216216216216216,7.524324324324325
Alfonso Alcarez,1,3,1,0.06013791274366793,0.0,0.0,0.0,0.0,0.0,0.0,0.0,0.0,Featherweight,35.8830242510699,0.4423076923076923,0.10344827586206903,0.6058938809134292,,0.0,0.0,0.0,0.0,5,0.2,1.04
Ben Lagman,6,5,0,0.12027582548733588,0.0,0.0,0.0,0.0,0.0,0.0,0.0,0.0,Light Heavyweight,41.277864992150704,0.6674641148325355,0.48275862068965525,1.2704985610095267,,0.0,0.0,0.0,0.0,11,0.5454545454545454,2.309090909090909
John Renken,18,28,4,0.12780135260575523,0.0,0.0,0.0,0.0,0.0,0.0,0.0,0.0,Light Heavyweight,41.277864992150704,0.6674641148325355,0.41379310344827575,1.2090585708865667,,0.0,0.0,0.0,0.0,50,0.36,10.072
Brandon Sene,2,2,0,0.15037793396101312,0.0,0.0,0.0,0.0,0.0,0.0,0.0,0.0,Light Heavyweight,41.277864992150704,0.6674641148325355,0.3793103448275862,1.1971523936211348,,0.0,0.0,0.0,0.0,4,0.5,0.9
James Llontop,14,2,0,0.07518896698050656,4.93,0.54,1.93,0.74,0.0,0.0,0.71,0.0,Welterweight,25.0,0.5769230769230766,0.41379310344827575,1.065905147351859,88.0,0.0,1.162,0.3333333333333333,0.15433333333333332,16,0.875,3.375
Scott Fiedler,0,1,0,0.19546479246784249,0.0,0.0,0.0,0.0,0.0,0.0,0.0,0.0,Heavyweight,44.17465753424658,0.7320261437908496,0.5517241379310344,1.4792150741897263,,0.0,0.0,0.0,0.0,1,0.0,0.2
Liliya Shakirova,8,2,0,0.030068956371833978,2.7,0.3,2.58,0.74,0.0,0.0,0.0,0.0,Flyweight,33.0,0.26923076923076916,0.1379310344827586,0.43723076008536177,1572.0,0.0,0.4590000000000001,0.0,0.0,10,0.8,2.16
Kaue Fernandes,8,2,0,0.07518896698050656,1.53,0.54,0.87,0.59,1.0,1.0,0.62,0.0,Welterweight,29.0,0.5769230769230766,0.3103448275862067,0.9624568714897899,193.0,50.0,12.948500000000001,0.0,1.212,10,0.8,2.16
Andre Walker,1,5,0,0.15037793396101312,2.28,0.31,4.36,0.34,0.0,0.0,0.0,0.0,Light Heavyweight,41.277864992150704,0.6674641148325355,0.3793103448275862,1.1971523936211348,,0.0,0.028999999999999915,0.0,0.0,6,0.16666666666666666,1.2333333333333336
Leiticia Pestova,0,2,0,0.045086858506829315,0.0,0.0,24.62,0.44,0.0,0.0,0.0,0.0,Featherweight,41.0,0.4423076923076923,0.20689655172413768,0.6942911025386593,,0.0,-3.6270000000000002,0.0,0.0,2,0.0,0.4
Kelly Velasco,2,1,0,0.045086858506829315,2.27,0.35,5.67,0.47,0.0,0.0,1.0,0.0,Featherweight,29.0,0.4423076923076923,0.3103448275862067,0.7977393784007283,,0.0,-0.14249999999999996,0.0,0.1,3,0.6666666666666666,0.7333333333333334
Sheldon Westcott,10,3,1,0.09773239623392123,2.26,0.4,3.73,0.37,3.23,0.37,0.14,0.0,Middleweight,40.0,0.5,0.4482758620689653,1.0460082583028867,3329.0,66.66666666666666,16.807666666666666,0.0,3.2994999999999997,14,0.7142857142857143,2.942857142857143
Anthony Leone,15,8,0,0.045086858506829315,1.94,0.53,2.52,0.56,1.72,0.18,0.0,0.0,Featherweight,37.0,0.4423076923076923,0.20689655172413768,0.6942911025386593,,0.0,0.29699999999999993,0.0,1.7469999999999999,23,0.6521739130434783,4.730434782608696
Darko Stosic,13,4,0,0.15037793396101312,2.61,0.45,4.04,0.58,3.42,0.5,0.83,0.0,Light Heavyweight,33.0,0.6923076923076921,0.41379310344827575,1.256478729716981,1845.0,25.0,6.4735,0.0,3.5780000000000003,17,0.7647058823529411,3.5529411764705885
Melissa Martinez,7,1,0,0.01501790213499534,3.0,0.57,2.53,0.45,1.0,0.5,0.0,0.0,Strawweight,27.0,0.3076923076923075,0.0689655172413791,0.3916757270686819,116.0,0.0,0.552,0.0,1.075,8,0.875,1.7750000000000001
Ben Jones,4,4,0,0.12027582548733588,0.0,0.0,0.0,0.0,0.0,0.0,0.0,0.0,Light Heavyweight,41.277864992150704,0.6674641148325355,0.43297262375837825,1.2207125640782497,,0.0,0.0,0.0,0.0,8,0.5,1.7000000000000002
Jason Medina,21,15,1,0.11278345047075986,0.0,0.0,0.0,0.0,0.0,0.0,0.0,0.0,Middleweight,39.515151515151516,0.5968489341983318,0.3103448275862067,1.0199772122552984,,0.0,0.0,0.0,0.0,37,0.5675675675675675,7.513513513513514
Nandor Guelmino,11,5,1,0.18797241745126642,3.62,0.56,3.16,0.33,0.0,0.0,0.42,0.0,Heavyweight,44.17465753424658,0.7320261437908496,0.5172413793103448,1.4372399405524607,4162.0,100.0,25.5925,0.0,0.042,17,0.6470588235294118,3.5294117647058827
Nick Gibbons,2,1,0,0.07518896698050656,0.0,0.0,0.0,0.0,0.0,0.0,0.0,0.0,Welterweight,38.13361169102296,0.5218723584108196,0.34482758620689663,0.9418889115982227,,0.0,0.0,0.0,0.0,3,0.6666666666666666,0.7333333333333334
Andy Ogle,9,6,0,0.06013791274366793,2.24,0.44,2.23,0.5,1.44,0.26,0.58,0.0,Featherweight,35.0,0.4230769230769229,0.2758620689655172,0.759076904786108,3672.0,16.666666666666664,4.555166666666666,0.16666666666666666,1.5786666666666667,15,0.6,3.12
Askar Askar,11,1,0,0.06013791274366793,0.0,0.0,0.0,0.0,0.0,0.0,0.0,0.0,Featherweight,30.0,0.4230769230769229,0.24137931034482762,0.7245941461654184,,0.0,0.0,0.0,0.0,12,0.9166666666666666,2.583333333333334
Paul Redmond,12,7,0,0.06013791274366793,0.72,0.34,2.99,0.41,0.0,0.0,0.5,0.0,Featherweight,38.0,0.4423076923076923,0.34482758620689663,0.8472731912582568,3497.0,0.0,-0.139,0.0,0.05,19,0.631578947368421,3.9263157894736844
Alex Torres,5,4,0,0.06013791274366793,2.47,0.37,2.73,0.69,2.0,0.22,0.5,0.0,Featherweight,36.0,0.4423076923076923,0.34482758620689663,0.8472731912582568,3637.0,0.0,0.38550000000000006,0.0,2.0829999999999997,9,0.5555555555555556,1.9111111111111112
Ednaldo Oliveira,17,3,1,0.15037793396101312,1.03,0.22,1.8,0.52,0.0,0.0,0.42,0.0,Light Heavyweight,40.0,0.6674641148325355,0.5862068965517243,1.404048945345273,4211.0,0.0,0.10949999999999999,0.5,0.167,21,0.8095238095238095,4.361904761904762
Rudyard Moncayo,0,3,0,0.1353268797241745,0.0,0.0,0.0,0.0,0.0,0.0,0.0,0.0,Light Heavyweight,41.277864992150704,0.6674641148325355,0.34482758620689663,1.1476185807636066,,0.0,0.0,0.0,0.0,3,0.0,0.6000000000000001
Desmond Torres,7,2,0,0.045086858506829315,4.8,0.64,11.78,0.48,0.0,0.0,1.0,0.0,Featherweight,28.0,0.4230769230769229,0.20689655172413768,0.67506033330789,,0.0,-0.367,0.0,0.1,9,0.7777777777777778,1.9555555555555557
Ronal Siahaan,7,1,0,0.030068956371833978,0.63,0.66,6.17,0.25,0.0,0.0,0.25,0.0,Flyweight,28.0,0.5,0.24137931034482762,0.7714482667166616,,0.0,-0.5985,0.0,0.025,8,0.875,1.7750000000000001
Masanori Tonooka,1,2,0,0.12027582548733588,0.16,0.05,1.09,0.36,0.0,0.0,0.0,0.0,Light Heavyweight,41.277864992150704,0.6674641148325355,0.2758620689655172,1.0636020092853886,,0.0,-0.0595,0.0,0.0,3,0.3333333333333333,0.6666666666666667
Hidehiko Hasegawa,19,20,6,0.09773239623392123,0.0,0.0,0.0,0.0,0.0,0.0,0.0,0.0,Middleweight,39.515151515151516,0.5968489341983318,0.3103448275862067,1.0049261580184599,,0.0,0.0,0.0,0.0,45,0.4222222222222222,9.084444444444445
Lodune Sincaid,15,9,0,0.12027582548733588,2.72,0.42,6.17,0.57,0.0,0.0,0.75,0.0,Light Heavyweight,51.0,0.6674641148325355,0.3103448275862067,1.0980847679060781,,0.0,-0.07599999999999996,0.0,0.07500000000000001,24,0.625,4.925000000000001
Sarah Kaufman,18,4,0,0.045086858506829315,6.65,0.46,4.0,0.62,0.38,0.57,0.81,0.0,Featherweight,39.0,0.3076923076923075,0.17241379310344812,0.5251929593025849,3343.0,0.0,1.2475,0.3333333333333333,0.6298333333333334,22,0.8181818181818182,4.563636363636364
Gideon Ray,17,15,1,0.12027582548733588,2.08,0.4,2.58,0.53,1.49,1.0,0.0,0.0,Light Heavyweight,51.0,0.6674641148325355,0.34482758620689663,1.132567526526768,,0.0,0.2925000000000001,0.0,1.64,33,0.5151515151515151,6.703030303030303
Gary Padilla,12,6,0,0.15037793396101312,2.2,0.27,2.0,0.76,0.0,0.0,0.5,0.0,Light Heavyweight,41.277864992150704,0.6674641148325355,0.3793103448275862,1.1971523936211348,,0.0,0.4180000000000001,0.0,0.05,18,0.6666666666666666,3.7333333333333334
Kwan Ho Kwak,9,2,0,0.045086858506829315,3.29,0.41,3.45,0.47,0.78,1.0,0.26,0.0,Featherweight,35.0,0.4423076923076923,0.17241379310344812,0.6598083439179697,2797.0,50.0,12.9575,0.0,0.9560000000000001,11,0.8181818181818182,2.3636363636363638
Mark Robinson,1,0,0,0.24058480307651503,0.0,0.0,5.8,0.13,0.0,0.0,0.0,0.0,Heavyweight,44.17465753424658,0.7320261437908496,0.41379310344827575,1.3864040503156403,,0.0,-0.8505,0.0,0.0,1,1.0,0.4
David Blanco,2,0,0,0.06013791274366793,0.0,0.0,0.0,0.0,0.0,0.0,0.0,0.0,Featherweight,35.8830242510699,0.4423076923076923,0.24137931034482762,0.7438249153961878,,0.0,0.0,0.0,0.0,2,1.0,0.6000000000000001
Alessio Sakara,19,11,0,0.12027582548733588,3.96,0.47,2.8,0.59,2.18,0.78,0.62,0.0,Light Heavyweight,43.0,0.5384615384615383,0.41379310344827575,1.0725304673971499,4127.0,20.0,5.7525,0.0,2.359,30,0.6333333333333333,6.126666666666667
Jesse Finney,5,1,0,0.09773239623392123,0.0,0.0,0.0,0.0,0.0,0.0,0.0,0.0,Middleweight,39.515151515151516,0.5968489341983318,0.41379310344827575,1.1083744338805288,,0.0,0.0,0.0,0.0,6,0.8333333333333334,1.366666666666667
Joe Vedepo,18,9,0,0.12027582548733588,1.43,0.42,5.71,0.38,1.07,0.2,0.0,0.0,Light Heavyweight,41.277864992150704,0.6674641148325355,0.41379310344827575,1.2015330437681473,,0.0,-0.35799999999999993,0.0,1.1,27,0.6666666666666666,5.533333333333334
John Phillips,22,11,0,0.12027582548733588,1.72,0.34,4.03,0.49,0.0,0.0,0.07,0.0,Light Heavyweight,39.0,0.6538461538461537,0.3793103448275862,1.1534323241610758,1579.0,16.666666666666664,4.133666666666667,0.5,0.132,33,0.6666666666666666,6.733333333333334
Neal Ewing,6,0,0,0.12027582548733588,2.27,0.6,1.93,0.48,5.0,0.62,0.0,0.0,Light Heavyweight,41.277864992150704,0.6674641148325355,0.43297262375837825,1.2207125640782497,,0.0,0.47,0.0,5.093,6,1.0,1.4000000000000001
Remco Pardoel,9,6,1,0.23305927595809578,0.0,0.0,0.0,0.0,0.0,0.0,0.0,0.0,Heavyweight,44.17465753424658,0.7320261437908496,0.5172413793103448,1.4823267990592903,,0.0,0.0,0.0,0.0,16,0.5625,3.3125
Alexandre Ferreira,18,6,0,0.15037793396101312,2.57,0.6,8.14,0.42,0.0,0.0,0.0,0.0,Light Heavyweight,45.0,0.6674641148325355,0.24137931034482762,1.0592213591383763,5205.0,100.0,24.604499999999998,0.0,0.0,24,0.75,4.950000000000001
Vernon Ramos Ho,3,1,0,0.09773239623392123,4.0,0.25,8.0,0.55,0.0,0.0,0.0,0.0,Middleweight,32.0,0.5968489341983318,0.20689655172413768,0.9014778821563907,,0.0,-0.0674999999999999,0.0,0.0,4,0.75,0.9500000000000001
Angelo Trevino,7,3,0,0.09773239623392123,5.19,0.54,3.9,0.47,0.0,0.0,1.0,0.0,Middleweight,31.0,0.5968489341983318,0.3793103448275862,1.0738916752598393,,0.0,0.8910000000000002,0.0,0.1,10,0.7,2.14
Stanislav Nedkov,12,2,0,0.15037793396101312,3.33,0.43,5.39,0.43,2.77,0.41,0.0,0.0,Light Heavyweight,43.0,0.5,0.3793103448275862,1.0296882787885993,3672.0,66.66666666666666,16.841166666666666,0.3333333333333333,2.9148333333333336,14,0.8571428571428571,2.9714285714285715
Mike Breeden,11,6,0,0.07518896698050656,5.75,0.45,7.28,0.42,0.98,0.3,0.67,0.0,Welterweight,35.0,0.4615384615384617,0.34482758620689663,0.8815550147258648,480.0,75.0,19.2485,0.0,1.0919999999999999,17,0.6470588235294118,3.5294117647058827
Melsik Baghdasaryan,8,2,0,0.06013791274366793,5.28,0.61,3.06,0.58,0.0,0.0,0.72,0.0,Featherweight,33.0,0.4615384615384617,0.3103448275862067,0.8320212018683363,578.0,25.0,7.32,0.25,0.1345,10,0.8,2.16
Gabriel Miglioli,9,9,0,0.09773239623392123,0.0,0.0,0.0,0.0,0.0,0.0,0.0,0.0,Middleweight,39.515151515151516,0.5968489341983318,0.2758620689655172,0.9704433993977702,,0.0,0.0,0.0,0.0,18,0.5,3.7
Wendell Oliveira Marques,29,10,0,0.09773239623392123,3.77,0.47,4.4,0.47,0.0,0.0,1.0,0.0,Middleweight,41.0,0.5968489341983318,0.34482758620689663,1.0394089166391498,,0.0,0.44699999999999995,0.0,0.1,39,0.7435897435897436,7.94871794871795
Artem Lobov,13,15,1,0.06013791274366793,3.52,0.41,4.82,0.5,0.39,0.25,0.52,0.0,Featherweight,38.0,0.26923076923076916,0.3103448275862067,0.6397135095606438,2300.0,0.0,0.31399999999999995,0.0,0.4795,29,0.4482758620689655,5.889655172413794
Sai Wang,20,6,1,0.09773239623392123,3.17,0.46,2.27,0.53,0.0,0.0,0.77,0.0,Middleweight,39.0,0.5968489341983318,0.41379310344827575,1.1083744338805288,3826.0,0.0,0.6234999999999999,0.0,0.07700000000000001,27,0.7407407407407407,5.548148148148148
Alen Amedovski,8,4,0,0.12027582548733588,0.99,0.3,3.85,0.46,0.0,0.0,0.0,0.0,Light Heavyweight,36.0,0.6153846153846154,0.34482758620689663,1.080488027078848,879.0,50.0,12.299,0.25,0.0625,12,0.6666666666666666,2.5333333333333337
Dalcha Lungiambula,11,6,0,0.12027582548733588,3.07,0.45,3.93,0.52,2.14,0.45,0.77,0.0,Light Heavyweight,37.0,0.6923076923076921,0.2758620689655172,1.0884455867605451,795.0,57.14285714285714,14.631714285714285,0.14285714285714285,2.3202142857142856,17,0.6470588235294118,3.5294117647058827
Irwin Rivera,10,6,0,0.045086858506829315,3.36,0.44,5.07,0.57,1.0,0.16,0.7,0.0,Featherweight,35.0,0.34615384615384626,0.20689655172413768,0.5981372563848133,1607.0,0.0,0.2529999999999998,0.0,1.094,16,0.625,3.325
Adam Lynn,17,10,0,0.07518896698050656,1.47,0.63,6.95,0.1,0.0,0.0,0.5,0.0,Welterweight,38.13361169102296,0.5218723584108196,0.34482758620689663,0.9418889115982227,,0.0,-0.534,0.0,0.05,27,0.6296296296296297,5.525925925925926
Chad Vance,7,5,0,0.12027582548733588,0.0,0.0,0.0,0.0,0.0,0.0,0.0,0.0,Light Heavyweight,41.277864992150704,0.6674641148325355,0.41379310344827575,1.2015330437681473,,0.0,0.0,0.0,0.0,12,0.5833333333333334,2.516666666666667
Igor Zinoviev,4,1,2,0.141327410157804,0.0,0.0,0.0,0.0,0.0,0.0,0.0,0.0,Light Heavyweight,41.277864992150704,0.6674641148325355,0.4482758620689653,1.2570673870593048,,0.0,0.0,0.0,0.0,7,0.5714285714285714,1.5142857142857145
Sam Hughes,8,5,0,0.01501790213499534,3.79,0.46,4.23,0.54,1.12,0.41,0.57,0.0,Strawweight,32.0,0.23076923076923084,0.17241379310344812,0.41820092600767433,193.0,11.11111111111111,3.2637777777777774,0.0,1.2385,13,0.6153846153846154,2.723076923076923
Pawel Pawlak,12,3,0,0.09773239623392123,1.67,0.33,2.22,0.53,1.0,0.37,0.7,0.0,Middleweight,36.0,0.5769230769230766,0.41379310344827575,1.0884485766052736,3497.0,0.0,0.22999999999999993,0.0,1.1255000000000002,15,0.8,3.16
Ricky Johnson,10,6,0,0.06013791274366793,1.83,0.25,6.3,0.36,0.0,0.0,0.0,0.0,Featherweight,35.8830242510699,0.4423076923076923,0.2758620689655172,0.7783076740168774,,0.0,-0.38349999999999984,0.0,0.0,16,0.625,3.325
Oumar Sy,6,0,0,0.15037793396101312,0.0,0.0,0.0,0.0,0.0,0.0,0.0,0.0,Light Heavyweight,41.277864992150704,0.6674641148325355,0.43297262375837825,1.250814672551927,137.0,0.0,0.0,0.5,0.125,6,1.0,1.4000000000000001
Jong Wang Kim,13,23,0,0.20299031958626176,0.0,0.0,0.0,0.0,0.0,0.0,0.0,0.0,Heavyweight,44.17465753424658,0.7320261437908496,0.4482758620689653,1.3832923254460767,,0.0,0.0,0.0,0.0,36,0.3611111111111111,7.272222222222222
Dan Charles,10,6,1,0.18495557618353003,2.82,0.45,3.51,0.44,0.0,0.0,0.31,0.0,Heavyweight,44.17465753424658,0.7320261437908496,0.48275862068965525,1.3997403406640347,,0.0,0.3345,0.0,0.031,17,0.5882352941176471,3.51764705882353
Mike Aina,14,6,1,0.07518896698050656,2.87,0.33,6.33,0.59,0.0,0.0,0.71,0.0,Welterweight,38.13361169102296,0.5218723584108196,0.3103448275862067,0.9074061529775328,,0.0,-0.0774999999999999,0.0,0.071,21,0.6666666666666666,4.333333333333334
Jeremiah Labiano,11,5,0,0.045086858506829315,0.0,0.0,0.0,0.0,0.0,0.0,0.0,0.0,Featherweight,35.8830242510699,0.4423076923076923,0.34482758620689663,0.8322221370214182,,0.0,0.0,0.0,0.0,16,0.6875,3.3375000000000004
Cyrillo Padilha,3,3,0,0.07518896698050656,0.0,0.0,0.0,0.0,0.0,0.0,0.0,0.0,Welterweight,38.13361169102296,0.5218723584108196,0.3793103448275862,0.9763716702189124,,0.0,0.0,0.0,0.0,6,0.5,1.3000000000000003
Darrel Gholar,5,6,0,0.13383503514122796,0.0,0.0,0.0,0.0,0.0,0.0,0.0,0.0,Light Heavyweight,41.277864992150704,0.6674641148325355,0.2758620689655172,1.0771612189392807,,0.0,0.0,0.0,0.0,11,0.45454545454545453,2.290909090909091
Dennis Reed,45,62,1,0.15037793396101312,0.0,0.0,0.0,0.0,0.0,0.0,0.0,0.0,Light Heavyweight,41.277864992150704,0.6674641148325355,0.43297262375837825,1.250814672551927,,0.0,0.0,0.0,0.0,108,0.4166666666666667,21.683333333333334
Logan Nail,1,1,0,0.12027582548733588,1.93,0.51,2.27,0.39,0.0,0.0,0.37,0.0,Light Heavyweight,41.277864992150704,0.6674641148325355,0.43297262375837825,1.2207125640782497,,0.0,0.30250000000000005,0.0,0.037,2,0.5,0.5
Armando Villarreal,5,2,0,0.045086858506829315,3.23,0.55,4.3,0.52,3.23,0.25,0.0,0.0,Featherweight,35.0,0.3076923076923075,0.24137931034482762,0.5941584765439645,,0.0,0.35050000000000003,0.0,3.2675,7,0.7142857142857143,1.542857142857143
Joaquin Buckley,17,6,0,0.09773239623392123,3.87,0.33,3.31,0.57,1.51,0.36,0.65,0.0,Middleweight,30.0,0.6923076923076921,0.34482758620689663,1.1348676747485098,130.0,35.714285714285715,9.55107142857143,0.0,1.629,23,0.7391304347826086,4.747826086956522
Robert Bryczek,17,5,0,0.12027582548733588,0.0,0.0,0.0,0.0,0.0,0.0,0.0,0.0,Light Heavyweight,41.277864992150704,0.6674641148325355,0.43297262375837825,1.2207125640782497,368.0,0.0,0.0,0.0,0.0,22,0.7727272727272727,4.554545454545455
Derek Anderson,14,3,0,0.07518896698050656,3.97,0.37,3.08,0.61,0.34,0.14,0.6,0.0,Welterweight,38.13361169102296,0.5218723584108196,0.41379310344827575,1.0108544288396017,,0.0,0.696,0.0,0.42100000000000004,17,0.8235294117647058,3.5647058823529414
Bethe Correia,11,6,1,0.045086858506829315,4.37,0.43,4.93,0.56,0.39,0.18,0.85,0.0,Featherweight,41.0,0.23076923076923084,0.17241379310344812,0.44826988237950827,1229.0,27.27272727272727,7.341181818181818,0.09090909090909091,0.5247272727272727,18,0.6111111111111112,3.7222222222222223
Shannon Ross,13,8,0,0.030068956371833978,6.58,0.38,8.93,0.52,0.0,0.0,1.0,0.0,Flyweight,35.0,0.3076923076923075,0.20689655172413768,0.5446578157882791,431.0,100.0,25.4595,0.0,0.1,21,0.6190476190476191,4.323809523809524
Orlando Wiet,1,5,0,0.09773239623392123,0.0,0.0,0.0,0.0,0.0,0.0,0.0,0.0,Middleweight,39.515151515151516,0.5968489341983318,0.34482758620689663,1.0394089166391498,,0.0,0.0,0.0,0.0,6,0.16666666666666666,1.2333333333333336
Adrian Yanez,16,5,0,0.045086858506829315,6.15,0.39,5.73,0.57,0.0,0.0,1.0,0.0,Featherweight,31.0,0.4615384615384617,0.24137931034482762,0.7480046303901187,270.0,62.5,16.4665,0.0,0.1,21,0.7619047619047619,4.352380952380953
Brandon Cash,10,4,0,0.22556690094151968,5.42,0.72,0.68,0.33,10.17,0.66,0.0,0.0,Heavyweight,44.17465753424658,0.7320261437908496,0.5862068965517243,1.5437999412840937,,0.0,1.4465,0.0,10.269,14,0.7142857142857143,2.942857142857143
Jamie Yager,8,4,0,0.12027582548733588,3.08,0.39,2.55,0.63,0.0,0.0,0.66,0.0,Light Heavyweight,41.0,0.6674641148325355,0.4482758620689653,1.2360158023888368,5352.0,100.0,25.56,0.0,0.066,12,0.6666666666666666,2.5333333333333337
Ben Alloway,18,8,0,0.09773239623392123,1.28,0.49,1.9,0.59,0.62,0.5,0.26,0.0,Middleweight,43.0,0.6923076923076921,0.3793103448275862,1.1693504333691995,,0.0,0.22150000000000009,0.0,0.721,26,0.6923076923076923,5.338461538461539
Kurt Osiander,4,1,0,0.12027582548733588,0.0,0.0,0.0,0.0,0.0,0.0,0.0,0.0,Light Heavyweight,41.277864992150704,0.6674641148325355,0.43297262375837825,1.2207125640782497,,0.0,0.0,0.0,0.0,5,0.8,1.1600000000000001
Trevor Peek,9,1,0,0.07518896698050656,5.09,0.56,4.37,0.44,1.76,0.5,0.51,0.0,Welterweight,30.0,0.4615384615384617,0.3103448275862067,0.8470722561051749,158.0,20.0,5.795,0.0,1.886,10,0.9,2.18
AJ Siscoe,1,2,0,0.045086858506829315,0.0,0.0,0.0,0.0,0.0,0.0,0.0,0.0,Featherweight,35.8830242510699,0.4423076923076923,0.24137931034482762,0.7287738611593493,,0.0,0.0,0.0,0.0,3,0.3333333333333333,0.6666666666666667
Chris Drumm,0,1,0,0.06013791274366793,0.0,0.0,0.0,0.0,0.0,0.0,0.0,0.0,Featherweight,35.8830242510699,0.4423076923076923,0.2758620689655172,0.7783076740168774,,0.0,0.0,0.0,0.0,1,0.0,0.2
Federico Lopez,10,6,0,0.05112054104230206,1.78,0.23,5.35,0.3,0.0,0.0,0.0,0.0,Featherweight,35.8830242510699,0.4423076923076923,0.1379310344827586,0.631359267832753,,0.0,-0.26649999999999985,0.0,0.0,16,0.625,3.325
Jared Hamman,14,6,0,0.12027582548733588,5.15,0.42,3.93,0.55,1.57,0.46,0.3,0.0,Light Heavyweight,42.0,0.6538461538461537,0.5172413793103448,1.2913633586438342,4183.0,33.33333333333333,9.197833333333334,0.16666666666666666,1.7106666666666668,20,0.7,4.14
Henry Martinez,9,4,0,0.07518896698050656,2.79,0.25,4.01,0.6,0.0,0.0,0.8,0.0,Welterweight,41.0,0.4230769230769229,0.24137931034482762,0.7396452004022571,4449.0,33.33333333333333,8.569333333333333,0.0,0.08000000000000002,13,0.6923076923076923,2.7384615384615385
Jim Mullen,0,2,0,0.16539583609600847,0.0,0.0,0.0,0.0,0.0,0.0,0.0,0.0,Heavyweight,44.17465753424658,0.7320261437908496,0.4482758620689653,1.3456978419558234,,0.0,0.0,0.0,0.0,2,0.0,0.4
Cody Pfister,13,6,1,0.07518896698050656,1.41,0.25,2.8,0.51,2.82,0.3,0.0,0.0,Welterweight,34.0,0.5769230769230766,0.34482758620689663,0.9969396301104798,3136.0,0.0,0.059,0.5,2.9899999999999998,20,0.65,4.13
Cale Yarbrough,8,3,0,0.12027582548733588,3.16,0.27,10.0,0.72,0.0,0.0,0.0,0.0,Light Heavyweight,38.0,0.6674641148325355,0.4482758620689653,1.2360158023888368,,0.0,-0.5479999999999999,0.0,0.0,11,0.7272727272727273,2.3454545454545457
Jeremy Umphries,5,2,0,0.08268134199708259,0.0,0.0,0.0,0.0,0.0,0.0,0.0,0.0,Welterweight,38.13361169102296,0.5218723584108196,0.3329867729451857,0.9375404733530879,,0.0,0.0,0.0,0.0,7,0.7142857142857143,1.542857142857143
Alex Hunter,2,0,0,0.18193873491579368,0.0,0.0,0.0,0.0,0.0,0.0,0.0,0.0,Heavyweight,44.17465753424658,0.7320261437908496,0.3103448275862067,1.2243097062928499,,0.0,0.0,0.0,0.0,2,1.0,0.6000000000000001
Bryan Travers,15,4,0,0.07518896698050656,2.33,0.48,3.93,0.55,2.0,0.28,0.63,0.0,Welterweight,38.13361169102296,0.5218723584108196,0.3329867729451857,0.9300480983365118,,0.0,0.17149999999999999,0.0,2.105,19,0.7894736842105263,3.9578947368421056
Todd Medina,11,9,0,0.13231003845643816,0.0,0.0,0.0,0.0,0.0,0.0,0.0,0.0,Light Heavyweight,41.277864992150704,0.6674641148325355,0.34482758620689663,1.1446017394958703,,0.0,0.0,0.0,0.0,20,0.55,4.11
Jeremy Malaterre,4,2,0,0.07518896698050656,0.0,0.0,0.0,0.0,0.0,0.0,0.0,0.0,Welterweight,38.13361169102296,0.5218723584108196,0.3793103448275862,0.9763716702189124,,0.0,0.0,0.0,0.0,6,0.6666666666666666,1.3333333333333335
Yan Pellerin,11,13,0,0.15037793396101312,0.59,0.25,0.89,0.66,4.43,1.0,0.0,0.0,Light Heavyweight,41.277864992150704,0.6674641148325355,0.3793103448275862,1.1971523936211348,,0.0,0.16299999999999998,0.0,4.58,24,0.4583333333333333,4.8916666666666675
Danny Martinez,21,8,0,0.030068956371833978,2.73,0.28,3.77,0.63,3.0,0.45,0.36,0.0,Flyweight,39.0,0.34615384615384626,0.20689655172413768,0.5831193542498179,3378.0,0.0,0.26750000000000007,0.0,3.1035,29,0.7241379310344828,5.944827586206897
Jorge Patino,38,19,2,0.09773239623392123,1.33,0.3,3.14,0.53,0.54,0.25,0.5,0.0,Middleweight,51.0,0.5968489341983318,0.2758620689655172,0.9704433993977702,,0.0,0.0010000000000000564,0.0,0.6275000000000001,59,0.6440677966101694,11.928813559322034
Paul Herrera,1,1,0,0.12027582548733588,0.0,0.0,0.0,0.0,0.0,0.0,0.0,0.0,Light Heavyweight,41.277864992150704,0.6674641148325355,0.34482758620689663,1.132567526526768,,0.0,0.0,0.0,0.0,2,0.5,0.5
Hector Aldana,4,3,0,0.09773239623392123,3.59,0.38,5.08,0.59,0.93,1.0,0.0,0.0,Middleweight,36.0,0.5384615384615383,0.3793103448275862,1.0155042795230458,1950.0,33.33333333333333,8.633333333333331,0.0,1.08,7,0.5714285714285714,1.5142857142857145
Keith Berry,15,14,1,0.12027582548733588,0.27,0.12,6.27,0.28,0.0,0.0,0.0,0.0,Light Heavyweight,41.277864992150704,0.6674641148325355,0.4482758620689653,1.2360158023888368,,0.0,-0.8069999999999999,0.0,0.0,30,0.5,6.1
Ryan Diaz,13,14,0,0.06013791274366793,0.0,0.0,0.0,0.0,0.0,0.0,0.0,0.0,Featherweight,35.8830242510699,0.4423076923076923,0.2688069758224335,0.7712525808737938,,0.0,0.0,0.0,0.0,27,0.48148148148148145,5.496296296296297
Chad Robichaux,13,2,0,0.045086858506829315,0.0,0.0,0.0,0.0,0.0,0.0,0.0,0.0,Featherweight,35.8830242510699,0.4423076923076923,0.1379310344827586,0.6253255852972802,,0.0,0.0,0.0,0.0,15,0.8666666666666667,3.1733333333333333
Shana Olsen,5,2,0,0.06013791274366793,0.0,0.0,0.0,0.0,0.0,0.0,0.0,0.0,Featherweight,35.8830242510699,0.4423076923076923,0.24137931034482762,0.7438249153961878,,0.0,0.0,0.0,0.0,7,0.7142857142857143,1.542857142857143
Caolan Loughran,8,1,0,0.045086858506829315,3.2,0.36,5.6,0.48,2.0,0.18,0.0,0.0,Featherweight,28.0,0.3846153846153846,0.20689655172413768,0.6365987948463516,200.0,0.0,0.10399999999999998,0.0,2.027,9,0.8888888888888888,1.9777777777777779
Harold Howard,1,3,0,0.20299031958626176,0.0,0.0,0.0,0.0,0.0,0.0,0.0,0.0,Heavyweight,44.17465753424658,0.7320261437908496,0.48275862068965525,1.4177750840667667,,0.0,0.0,0.0,0.0,4,0.25,0.8500000000000001
Giacomo Lemos,6,0,0,0.21353268797241745,0.0,0.0,0.0,0.0,0.0,0.0,0.0,0.0,Heavyweight,35.0,0.6538461538461537,0.5172413793103448,1.384620221128916,,0.0,0.0,0.0,0.0,6,1.0,1.4000000000000001
Eduardo Dantas,20,4,0,0.045086858506829315,3.33,0.6,3.0,0.6,4.0,0.23,1.0,0.0,Featherweight,35.8830242510699,0.4423076923076923,0.34482758620689663,0.8322221370214182,,0.0,0.5925,0.0,4.1345,24,0.8333333333333334,4.966666666666668
Marcin Prachnio,16,7,0,0.15037793396101312,5.39,0.55,3.25,0.53,0.0,0.0,0.54,0.0,Light Heavyweight,36.0,0.6153846153846154,0.5172413793103448,1.2830039286559733,200.0,40.0,11.049499999999998,0.2,0.10400000000000001,23,0.6956521739130435,4.739130434782609
Dino Pezao,1,3,0,0.15037793396101312,0.66,0.3,3.28,0.31,0.0,0.0,0.0,0.0,Light Heavyweight,41.277864992150704,0.6674641148325355,0.43297262375837825,1.250814672551927,,0.0,-0.22049999999999992,0.0,0.0,4,0.25,0.8500000000000001
Mairbek Taisumov,27,6,0,0.07518896698050656,2.98,0.39,3.03,0.64,1.34,0.63,0.88,0.0,Welterweight,36.0,0.5769230769230766,0.3103448275862067,0.9624568714897899,1985.0,55.55555555555556,14.35338888888889,0.0,1.5225000000000002,33,0.8181818181818182,6.763636363636365
Brandon Lowe,2,1,0,0.07518896698050656,0.0,0.0,0.0,0.0,0.0,0.0,0.0,0.0,Welterweight,38.13361169102296,0.5218723584108196,0.3329867729451857,0.9300480983365118,,0.0,0.0,0.0,0.0,3,0.6666666666666666,0.7333333333333334
Qiu Lun,16,9,0,0.030068956371833978,3.51,0.46,1.78,0.67,0.67,0.18,0.68,0.0,Flyweight,27.0,0.3076923076923075,0.2758620689655172,0.6136233330296587,,0.0,0.8029999999999998,0.0,0.7650000000000001,25,0.64,5.128
Mike Richman,18,7,0,0.045086858506829315,4.06,0.44,3.49,0.43,0.0,0.0,0.76,0.0,Featherweight,35.8830242510699,0.4423076923076923,0.2758620689655172,0.7632566197800388,,0.0,0.644,0.0,0.07600000000000001,25,0.72,5.144
Chris Daukaus,12,7,0,0.15037793396101312,6.05,0.5,4.64,0.55,0.0,0.0,1.0,0.0,Light Heavyweight,35.0,0.6923076923076921,0.5172413793103448,1.35992700557905,550.0,75.0,19.749,0.0,0.1,19,0.631578947368421,3.9263157894736844
Kris McCray,8,5,0,0.09773239623392123,2.69,0.45,2.57,0.54,2.88,0.55,0.38,0.0,Middleweight,43.0,0.6923076923076921,0.41379310344827575,1.203833191989889,5072.0,0.0,0.45799999999999996,0.6666666666666666,3.1671666666666662,13,0.6153846153846154,2.723076923076923
Brandon Michaels,4,14,0,0.12027582548733588,0.0,0.0,0.0,0.0,0.0,0.0,0.0,0.0,Light Heavyweight,41.277864992150704,0.6674641148325355,0.3103448275862067,1.0980847679060781,,0.0,0.0,0.0,0.0,18,0.2222222222222222,3.6444444444444444
Bruno Lopes,11,1,0,0.15037793396101312,5.29,0.35,8.46,0.53,0.0,0.0,0.0,0.0,Light Heavyweight,31.0,0.6538461538461537,0.48275862068965525,1.2869827084968222,,0.0,0.20299999999999985,0.0,0.0,12,0.9166666666666666,2.583333333333334
Yoel Romero,13,5,0,0.12027582548733588,3.44,0.49,3.05,0.6,1.57,0.3,0.78,0.0,Light Heavyweight,47.0,0.5769230769230766,0.41379310344827575,1.1109920058586882,1803.0,53.84615384615385,14.052038461538462,0.0,1.693,18,0.7222222222222222,3.7444444444444445
Jesse Butler,12,5,0,0.06013791274366793,2.61,0.14,7.83,0.4,0.0,0.0,0.0,0.0,Featherweight,32.0,0.5769230769230766,0.34482758620689663,0.9818885758736412,249.0,50.0,12.066,0.0,0.0,17,0.7058823529411765,3.5411764705882356
Louis Jauregui,4,2,0,0.09773239623392123,0.0,0.0,0.0,0.0,0.0,0.0,0.0,0.0,Middleweight,39.515151515151516,0.5968489341983318,0.24137931034482762,0.9359606407770806,,0.0,0.0,0.0,0.0,6,0.6666666666666666,1.3333333333333335
Jerrel Venetiaan,4,3,0,0.1353268797241745,0.81,0.33,1.51,0.67,0.0,0.0,0.6,0.0,Light Heavyweight,53.0,0.6674641148325355,0.4482758620689653,1.2510668566256753,,0.0,0.14250000000000002,0.0,0.06,7,0.5714285714285714,1.5142857142857145
Lv Zhenhong,16,6,0,0.06013791274366793,0.0,0.0,0.0,0.0,0.0,0.0,0.0,0.0,Featherweight,31.0,0.34615384615384626,0.2758620689655172,0.6821538278630314,,0.0,0.0,0.0,0.0,22,0.7272727272727273,4.545454545454546
Armen Petrosyan,9,2,0,0.12027582548733588,5.97,0.52,3.03,0.56,0.23,0.33,0.36,0.0,Light Heavyweight,34.0,0.5,0.5172413793103448,1.1375172047976805,109.0,16.666666666666664,5.392666666666666,0.16666666666666666,0.3571666666666667,11,0.8181818181818182,2.3636363636363638
Vinicius Magalhaes,2,1,0,0.06013791274366793,0.0,0.0,0.0,0.0,0.0,0.0,0.0,0.0,Featherweight,35.8830242510699,0.4423076923076923,0.2688069758224335,0.7712525808737938,,0.0,0.0,0.0,0.0,3,0.6666666666666666,0.7333333333333334
Shang Zhifa,32,8,0,0.030068956371833978,1.27,0.32,1.27,0.6,2.0,1.0,0.0,0.0,Flyweight,38.0,0.1923076923076925,0.24137931034482762,0.4637559590243541,,0.0,0.281,0.0,2.15,40,0.8,8.16
James Reese,11,10,0,0.07518896698050656,0.0,0.0,0.0,0.0,0.0,0.0,0.0,0.0,Welterweight,38.13361169102296,0.5218723584108196,0.3103448275862067,0.9074061529775328,,0.0,0.0,0.0,0.0,21,0.5238095238095238,4.304761904761905
David Abbott,10,15,0,0.24058480307651503,1.35,0.3,3.55,0.38,1.07,0.33,0.66,0.0,Heavyweight,44.17465753424658,0.7320261437908496,0.41379310344827575,1.3864040503156403,,0.0,-0.07799999999999996,0.0,1.1855000000000002,25,0.4,5.08
Steven Ciaccio,4,4,0,0.09773239623392123,0.0,0.0,0.0,0.0,0.0,0.0,0.0,0.0,Middleweight,39.515151515151516,0.5968489341983318,0.41379310344827575,1.1083744338805288,,0.0,0.0,0.0,0.0,8,0.5,1.7000000000000002
Charlie Campbell,8,2,0,0.07518896698050656,11.03,0.54,5.42,0.6,0.0,0.0,1.0,0.0,Welterweight,29.0,0.5384615384615383,0.41379310344827575,1.0274436088903207,312.0,50.0,14.6425,0.0,0.1,10,0.8,2.16
Nazareno Malegarie,28,4,0,0.07518896698050656,3.87,0.34,3.27,0.69,1.0,0.33,0.0,0.0,Welterweight,38.13361169102296,0.5218723584108196,0.2758620689655172,0.8729233943568433,3448.0,0.0,0.6485000000000001,0.0,1.0495,32,0.875,6.575
Christian Colombo,8,3,1,0.24058480307651503,2.76,0.44,4.02,0.42,0.0,0.0,0.33,0.0,Heavyweight,44.0,0.7320261437908496,0.5862068965517243,1.5588178434190891,2664.0,0.0,0.2380000000000001,1.0,0.28300000000000003,12,0.6666666666666666,2.5333333333333337
Mike Glenn,5,6,0,0.15037793396101312,0.0,0.0,0.0,0.0,0.0,0.0,0.0,0.0,Light Heavyweight,41.277864992150704,0.6674641148325355,0.43297262375837825,1.250814672551927,,0.0,0.0,0.0,0.0,11,0.45454545454545453,2.290909090909091
Craig Zellner,4,3,0,0.15037793396101312,0.61,0.09,4.65,0.61,0.0,0.0,0.0,0.0,Light Heavyweight,48.0,0.6674641148325355,0.48275862068965525,1.300600669483204,,0.0,-0.4355,0.0,0.0,7,0.5714285714285714,1.5142857142857145
Sergio Gomez,10,3,0,0.07518896698050656,1.5,0.42,1.16,0.56,2.57,0.66,0.31,0.0,Welterweight,42.0,0.5218723584108196,0.20689655172413768,0.8039578771154638,,0.0,0.36900000000000005,0.0,2.7,13,0.7692307692307693,2.753846153846154
Roshaun Jones,2,6,0,0.045086858506829315,0.0,0.0,0.0,0.0,0.0,0.0,0.0,0.0,Featherweight,35.8830242510699,0.4423076923076923,0.2758620689655172,0.7632566197800388,,0.0,0.0,0.0,0.0,8,0.25,1.6500000000000001
Joey Gomez,7,1,0,0.07518896698050656,3.73,0.49,3.33,0.5,2.0,0.28,0.0,0.0,Welterweight,35.0,0.5,0.34482758620689663,0.9200165531874032,3070.0,50.0,13.106,0.0,2.042,8,0.875,1.7750000000000001
Brad Kohler,12,15,0,0.1729213632144278,0.0,0.0,0.0,0.0,0.0,0.0,0.0,0.0,Heavyweight,60.0,0.7320261437908496,0.3103448275862067,1.2152923345914841,,0.0,0.0,0.0,0.0,27,0.4444444444444444,5.488888888888889
Rashad Coulter,9,4,0,0.15037793396101312,4.82,0.56,6.68,0.5,0.0,0.0,0.62,0.0,Light Heavyweight,43.0,0.6923076923076921,0.3793103448275862,1.2219959710962913,2272.0,75.0,19.14,0.0,0.062,13,0.6923076923076923,2.7384615384615385
Antonio Carvalho,15,6,0,0.06013791274366793,3.03,0.29,3.62,0.64,0.0,0.0,1.0,0.0,Featherweight,45.0,0.4615384615384617,0.3103448275862067,0.8320212018683363,4351.0,50.0,12.868500000000001,0.0,0.1,21,0.7142857142857143,4.342857142857143
Zubaira Tukhugov,20,6,1,0.07518896698050656,3.17,0.39,3.07,0.63,2.13,0.39,1.0,0.0,Welterweight,34.0,0.3846153846153846,0.2758620689655172,0.7356664205614083,732.0,25.0,6.7545,0.0,2.2885,27,0.7407407407407407,5.548148148148148
Manuel Torres,14,2,0,0.07518896698050656,9.66,0.58,3.76,0.56,0.0,0.0,1.0,0.0,Welterweight,29.0,0.5769230769230766,0.34482758620689663,0.9969396301104798,151.0,75.0,20.801000000000002,0.25,0.1625,16,0.875,3.375
Raphael Pessoa,10,2,0,0.23607611722583216,2.16,0.26,3.43,0.42,0.0,0.0,1.0,0.0,Heavyweight,35.0,0.7692307692307692,0.5172413793103448,1.522548265766946,1663.0,100.0,25.140500000000003,0.0,0.1,12,0.8333333333333334,2.566666666666667
Jason Novelli,11,3,1,0.07518896698050656,1.73,0.24,3.55,0.66,0.7,0.33,1.0,0.0,Welterweight,45.0,0.5218723584108196,0.41379310344827575,1.0108544288396017,3021.0,50.0,12.546999999999999,0.0,0.8494999999999999,15,0.7333333333333333,3.1466666666666665
Magomed Gadzhiyasulov,8,0,0,0.15037793396101312,4.87,0.46,1.6,0.73,6.0,0.85,1.0,0.0,Light Heavyweight,31.0,0.6538461538461537,0.48275862068965525,1.2869827084968222,235.0,0.0,1.179,0.0,6.2275,8,1.0,1.8
Lance Gibson,4,5,0,0.12027582548733588,1.21,0.75,6.44,0.2,0.0,0.0,0.0,0.0,Light Heavyweight,54.0,0.6674641148325355,0.3103448275862067,1.0980847679060781,,0.0,-0.48349999999999993,0.0,0.0,9,0.4444444444444444,1.8888888888888888
TJ Cook,13,5,0,0.15037793396101312,2.3,0.47,3.18,0.54,1.01,0.5,0.0,0.0,Light Heavyweight,41.277864992150704,0.6674641148325355,0.43297262375837825,1.250814672551927,,0.0,0.2729999999999999,0.0,1.085,18,0.7222222222222222,3.7444444444444445
Chris Cope,8,4,0,0.09773239623392123,3.96,0.26,4.82,0.5,0.0,0.0,0.8,0.0,Middleweight,41.0,0.5384615384615383,0.41379310344827575,1.0499870381437353,4757.0,66.66666666666666,17.060666666666666,0.0,0.08000000000000002,12,0.6666666666666666,2.5333333333333337
Martin Svensson,15,6,0,0.07518896698050656,2.02,0.38,5.91,0.38,0.0,0.0,0.0,0.0,Welterweight,38.13361169102296,0.5218723584108196,0.4482758620689653,1.0453371874602915,3273.0,100.0,24.751499999999997,0.0,0.0,21,0.7142857142857143,4.342857142857143
Matt Helm,1,1,0,0.07518896698050656,0.0,0.0,0.0,0.0,0.0,0.0,0.0,0.0,Welterweight,38.13361169102296,0.5218723584108196,0.3329867729451857,0.9300480983365118,,0.0,0.0,0.0,0.0,2,0.5,0.5
Hilarie Rose,4,2,0,0.01501790213499534,2.33,0.33,6.13,0.44,0.0,0.0,1.0,0.0,Strawweight,32.0,0.1923076923076925,0.10344827586206903,0.3107738703047569,,0.0,-0.20499999999999985,0.0,0.1,6,0.6666666666666666,1.3333333333333335
Viacheslav Borshchev,7,3,1,0.07518896698050656,5.82,0.58,4.07,0.56,0.0,0.0,0.36,0.0,Welterweight,33.0,0.4230769230769229,0.3793103448275862,0.8775762348850157,172.0,33.33333333333333,9.377833333333333,0.16666666666666666,0.07766666666666666,11,0.6363636363636364,2.3272727272727276
Tyra Parker,4,5,0,0.01501790213499534,1.5,0.22,9.0,0.14,0.0,0.0,0.0,0.0,Strawweight,33.46363636363636,0.21923076923076928,0.17241379310344812,0.4066624644692127,,0.0,-0.9099999999999999,0.0,0.0,9,0.4444444444444444,1.8888888888888888
Humberto DeLeon,7,7,0,0.045086858506829315,0.0,0.0,0.0,0.0,0.0,0.0,0.0,0.0,Featherweight,35.8830242510699,0.4423076923076923,0.2688069758224335,0.7562015266369551,,0.0,0.0,0.0,0.0,14,0.5,2.9000000000000004
Katsuya Inoue,19,9,4,0.09471555496618486,3.41,0.24,12.89,0.51,0.0,0.0,0.66,0.0,Welterweight,45.0,0.5218723584108196,0.3103448275862067,0.9269327409632111,,0.0,-0.9564999999999999,0.0,0.066,32,0.59375,6.518750000000001
Robert Breslin,3,9,0,0.07518896698050656,2.21,0.46,3.5,0.66,1.38,1.0,0.5,0.0,Welterweight,38.13361169102296,0.5218723584108196,0.3793103448275862,0.9763716702189124,,0.0,0.21849999999999992,0.0,1.5799999999999998,12,0.25,2.45
Takashi Sato,16,7,0,0.09773239623392123,2.21,0.41,3.73,0.44,0.76,0.37,0.6,0.0,Middleweight,34.0,0.5769230769230766,0.34482758620689663,1.0194830593638944,634.0,42.857142857142854,10.855285714285714,0.14285714285714285,0.9112142857142856,23,0.6956521739130435,4.739130434782609
Roshan Mainam,6,3,0,0.045086858506829315,0.0,0.0,0.0,0.0,0.0,0.0,0.0,0.0,Featherweight,35.8830242510699,0.4423076923076923,0.2688069758224335,0.7562015266369551,,0.0,0.0,0.0,0.0,9,0.6666666666666666,1.9333333333333333
Daichi Abe,6,2,0,0.09773239623392123,3.8,0.33,4.49,0.56,0.33,0.5,0.0,0.0,Middleweight,33.0,0.5,0.3793103448275862,0.9770427410615075,2426.0,0.0,0.4265000000000001,0.0,0.405,8,0.75,1.75
Aaron Jeffery,10,3,0,0.12027582548733588,3.1,0.45,4.46,0.34,0.0,0.0,0.5,0.0,Light Heavyweight,32.0,0.5769230769230766,0.48275862068965525,1.1799575231000676,,0.0,0.2470000000000001,0.0,0.05,13,0.7692307692307693,2.753846153846154
YeDam Seo,6,3,0,0.01501790213499534,0.33,0.15,2.27,0.55,0.0,0.0,0.0,0.0,Strawweight,32.0,0.1923076923076925,0.0689655172413791,0.27629111168406695,,0.0,-0.14549999999999996,0.0,0.0,9,0.6666666666666666,1.9333333333333333
Charlie Ontiveros,11,9,0,0.07518896698050656,1.89,0.41,5.86,0.31,0.0,0.0,0.3,0.0,Welterweight,33.0,0.6153846153846154,0.48275862068965525,1.1733322030547773,914.0,66.66666666666666,16.388666666666662,0.0,0.03,20,0.55,4.11
Rob Yundt,9,5,0,0.12027582548733588,1.37,0.41,2.55,0.31,2.94,1.0,0.0,0.0,Light Heavyweight,44.0,0.6674641148325355,0.4482758620689653,1.2360158023888368,,0.0,0.08850000000000008,0.0,3.09,14,0.6428571428571429,2.928571428571429
Salvador Becerra,5,2,0,0.07518896698050656,4.57,0.31,3.83,0.58,0.0,0.0,0.66,0.0,Welterweight,38.13361169102296,0.5218723584108196,0.3103448275862067,0.9074061529775328,,0.0,0.7170000000000001,0.0,0.066,7,0.7142857142857143,1.542857142857143
Lee Higgins,2,1,0,0.07518896698050656,1.02,0.26,3.68,0.4,0.0,0.0,0.0,0.0,Welterweight,38.13361169102296,0.5218723584108196,0.3329867729451857,0.9300480983365118,,0.0,-0.18500000000000005,0.0,0.0,3,0.6666666666666666,0.7333333333333334
Andre Gusmao,6,3,0,0.15037793396101312,2.79,0.43,3.28,0.6,0.0,0.0,0.6,0.0,Light Heavyweight,47.0,0.6674641148325355,0.41379310344827575,1.2316351522418243,,0.0,0.3815,0.0,0.06,9,0.6666666666666666,1.9333333333333333
Kazuhiro Hamanaka,5,7,1,0.12027582548733588,1.7,0.37,0.91,0.6,0.0,0.0,0.5,0.0,Light Heavyweight,46.0,0.6674641148325355,0.41379310344827575,1.2015330437681473,,0.0,0.45249999999999996,0.0,0.05,13,0.38461538461538464,2.676923076923077
Joshua Van,9,1,0,0.030068956371833978,9.2,0.51,5.93,0.63,1.0,0.33,0.87,0.0,Flyweight,23.0,0.26923076923076916,0.17241379310344812,0.47171351870605127,67.0,33.33333333333333,9.940333333333331,0.0,1.1365,10,0.9,2.18
Edgar Cardenas,4,1,0,0.06013791274366793,0.0,0.0,0.0,0.0,0.0,0.0,0.0,0.0,Featherweight,35.8830242510699,0.4423076923076923,0.2688069758224335,0.7712525808737938,,0.0,0.0,0.0,0.0,5,0.8,1.1600000000000001
Soa Palelei,22,5,0,0.24058480307651503,2.47,0.57,2.68,0.48,2.2,0.47,0.66,0.0,Heavyweight,47.0,0.8846153846153846,0.5517241379310344,1.676924325622934,3483.0,83.33333333333334,21.234833333333334,0.0,2.3365,27,0.8148148148148148,5.562962962962963
John Lober,5,9,4,0.141327410157804,0.0,0.0,0.0,0.0,0.0,0.0,0.0,0.0,Light Heavyweight,56.0,0.6674641148325355,0.3793103448275862,1.1881018698179258,,0.0,0.0,0.0,0.0,18,0.2777777777777778,3.6555555555555554
Kyosuke Sasaki,3,7,4,0.1172921363214428,0.33,0.45,0.93,0.46,0.0,0.0,0.0,0.0,Middleweight,39.515151515151516,0.5968489341983318,0.24137931034482762,0.9555203808646022,,0.0,0.10200000000000001,0.0,0.0,14,0.21428571428571427,2.842857142857143
Li Jingliang,19,8,0,0.09773239623392123,4.46,0.42,3.84,0.57,1.25,0.41,0.6,0.0,Middleweight,36.0,0.5,0.41379310344827575,1.011525499682197,179.0,11.76470588235294,3.649676470588235,0.058823529411764705,1.386205882352941,27,0.7037037037037037,5.540740740740741
Alptekin Ozkilic,9,5,0,0.030068956371833978,3.81,0.32,5.72,0.59,4.21,0.58,0.75,0.0,Flyweight,38.0,0.26923076923076916,0.17241379310344812,0.47171351870605127,3567.0,50.0,12.747,0.0,4.372,14,0.6428571428571429,2.928571428571429
Jacqueline Cavalcanti,6,1,0,0.045086858506829315,8.4,0.57,2.6,0.84,0.0,0.0,1.0,0.0,Featherweight,27.0,0.4615384615384617,0.2758620689655172,0.7824873890108082,137.0,0.0,1.9499999999999997,0.0,0.1,7,0.8571428571428571,1.5714285714285716
Victor Rodriguez,7,4,0,0.030068956371833978,1.59,0.37,6.11,0.5,0.0,0.0,0.0,0.0,Flyweight,32.0,0.34615384615384626,0.17241379310344812,0.5486365956291284,1362.0,0.0,-0.37,0.0,0.0,11,0.6363636363636364,2.3272727272727276
Brett Tillis,0,0,0,0.06013791274366793,0.0,0.0,0.0,0.0,0.0,0.0,0.0,0.0,Featherweight,35.8830242510699,0.4423076923076923,0.2688069758224335,0.7712525808737938,,0.0,0.0,0.0,0.0,0,,
Orion Cosce,8,2,0,0.09773239623392123,2.77,0.53,4.02,0.44,1.92,0.4,0.61,0.0,Middleweight,30.0,0.5,0.3793103448275862,0.9770427410615075,634.0,66.66666666666666,16.928166666666662,0.0,2.041,10,0.8,2.16
Josh Copeland,12,4,0,0.24058480307651503,1.03,0.31,3.01,0.55,0.0,0.0,0.57,0.0,Heavyweight,42.0,0.7320261437908496,0.4482758620689653,1.4208868089363298,3623.0,50.0,12.4505,0.0,0.056999999999999995,16,0.75,3.35
Shannon Ritch,56,83,0,0.12780135260575523,1.0,1.0,6.0,0.5,0.0,0.0,0.0,0.0,Light Heavyweight,54.0,0.6674641148325355,0.3103448275862067,1.1056102950244975,,0.0,-0.3749999999999999,0.0,0.0,139,0.4028776978417266,27.880575539568348
Saparbeg Safarov,9,3,0,0.12027582548733588,4.03,0.48,2.96,0.47,2.52,0.41,0.33,0.0,Light Heavyweight,38.0,0.7692307692307692,0.4482758620689653,1.3377824567870702,1803.0,25.0,6.98,0.5,2.7395,12,0.75,2.5500000000000003
Eli Tamez,10,0,0,0.045086858506829315,0.0,0.0,0.0,0.0,0.0,0.0,0.0,0.0,Featherweight,35.8830242510699,0.4423076923076923,0.24137931034482762,0.7287738611593493,,0.0,0.0,0.0,0.0,10,1.0,2.2
George Allen,13,19,2,0.15037793396101312,0.8,0.38,3.1,0.43,0.0,0.0,0.5,0.0,Light Heavyweight,58.0,0.6674641148325355,0.48275862068965525,1.300600669483204,,0.0,-0.12449999999999994,0.0,0.05,34,0.38235294117647056,6.876470588235295
Gabriel Checco,10,2,0,0.12027582548733588,0.0,0.0,0.0,0.0,0.0,0.0,0.0,0.0,Light Heavyweight,38.0,0.6674641148325355,0.4482758620689653,1.2360158023888368,,0.0,0.0,0.0,0.0,12,0.8333333333333334,2.566666666666667
Wesley Little,4,8,0,0.15037793396101312,0.0,0.0,0.0,0.0,0.0,0.0,0.0,0.0,Light Heavyweight,41.277864992150704,0.6674641148325355,0.5517241379310344,1.369566186724583,,0.0,0.0,0.0,0.0,12,0.3333333333333333,2.4666666666666672
Chad Leonhardt,9,4,0,0.09773239623392123,0.0,0.0,0.0,0.0,0.0,0.0,0.0,0.0,Middleweight,39.515151515151516,0.5968489341983318,0.41379310344827575,1.1083744338805288,,0.0,0.0,0.0,0.0,13,0.6923076923076923,2.7384615384615385
Derek Campos,19,6,0,0.07518896698050656,2.41,0.23,10.34,0.44,0.0,0.0,0.0,0.0,Welterweight,38.13361169102296,0.5218723584108196,0.3103448275862067,0.9074061529775328,,0.0,-0.8364999999999998,0.0,0.0,25,0.76,5.152
Jorge Oliveira,5,3,1,0.15037793396101312,0.0,0.0,0.0,0.0,0.0,0.0,0.0,0.0,Light Heavyweight,41.277864992150704,0.6674641148325355,0.4482758620689653,1.266117910862514,,0.0,0.0,0.0,0.0,9,0.5555555555555556,1.9111111111111112
Gigo Jara,6,9,0,0.06013791274366793,2.26,0.57,2.71,0.51,0.0,0.0,0.66,0.0,Featherweight,35.8830242510699,0.4423076923076923,0.3103448275862067,0.8127904326375669,,0.0,0.349,0.0,0.066,15,0.4,3.08
Aleksei Kunchenko,20,2,0,0.09773239623392123,3.67,0.44,2.83,0.63,0.25,0.33,0.8,0.0,Middleweight,40.0,0.4615384615384617,0.2758620689655172,0.8351329267379001,1796.0,0.0,0.6755000000000001,0.0,0.3795,22,0.9090909090909091,4.581818181818182
Kemran Lachinov,3,2,0,0.09773239623392123,0.0,0.0,0.0,0.0,0.0,0.0,0.0,0.0,Middleweight,39.515151515151516,0.5968489341983318,0.3835561420620804,1.0781374724943333,,0.0,0.0,0.0,0.0,5,0.6,1.12
Mabelly Lima,7,1,0,0.045086858506829315,3.07,0.63,5.67,0.44,0.0,0.0,1.0,0.0,Featherweight,31.0,0.4423076923076923,0.0689655172413791,0.5563600680559007,,0.0,0.1090000000000001,0.0,0.1,8,0.875,1.7750000000000001
James Terry,19,9,0,0.09773239623392123,3.23,0.32,4.77,0.64,3.31,0.36,0.75,0.0,Middleweight,43.0,0.5968489341983318,0.34482758620689663,1.0394089166391498,,0.0,0.252,0.0,3.439,28,0.6785714285714286,5.735714285714287
Patricia Alujas,9,3,0,0.01501790213499534,5.83,0.31,9.25,0.44,0.0,0.0,0.0,0.0,Strawweight,28.0,0.23076923076923084,0.1379310344827586,0.3837181673869848,,0.0,0.19800000000000018,0.0,0.0,12,0.75,2.5500000000000003
Marcos Brigagao,11,1,0,0.15037793396101312,3.07,0.43,3.27,0.25,0.0,0.0,0.36,0.0,Light Heavyweight,28.0,0.6923076923076921,0.5172413793103448,1.35992700557905,,0.0,0.4004999999999999,0.0,0.036,12,0.9166666666666666,2.583333333333334
Tetsuya Seki,14,8,1,0.07518896698050656,0.0,0.0,0.0,0.0,0.0,0.0,0.0,0.0,Welterweight,38.13361169102296,0.5218723584108196,0.34482758620689663,0.9418889115982227,,0.0,0.0,0.0,0.0,23,0.6086956521739131,4.721739130434783
Neil Wain,13,4,0,0.20600716085399814,2.64,0.5,8.57,0.43,0.0,0.0,0.5,0.0,Heavyweight,44.17465753424658,0.7320261437908496,0.34482758620689663,1.2828608908517443,,0.0,-0.4610000000000001,0.0,0.05,17,0.7647058823529411,3.5529411764705885
Micol Di Segni,7,3,0,0.01501790213499534,7.47,0.4,5.87,0.33,0.0,0.0,0.37,0.0,Strawweight,37.0,0.0769230769230771,0.10344827586206903,0.19538925492014148,,0.0,1.1165000000000003,0.0,0.037,10,0.7,2.14
Anistavio Medeiros,19,10,0,0.06013791274366793,3.64,0.44,5.0,0.47,0.0,0.0,0.0,0.0,Featherweight,36.0,0.4423076923076923,0.20689655172413768,0.7093421567754978,4617.0,0.0,0.3185,1.0,0.25,29,0.6551724137931034,5.931034482758621
Josh LaBerge,11,6,0,0.06013791274366793,2.53,0.36,5.33,0.44,0.0,0.0,0.71,0.0,Featherweight,35.8830242510699,0.4423076923076923,0.34482758620689663,0.8472731912582568,,0.0,-0.029000000000000026,0.0,0.071,17,0.6470588235294118,3.5294117647058827
Azamat Gashimov,8,3,0,0.030068956371833978,1.24,0.21,4.75,0.53,1.69,0.25,0.0,0.0,Flyweight,34.0,0.34781884781884764,0.20689655172413768,0.5847843559148194,4288.0,50.0,12.219,0.5,1.8525,11,0.7272727272727273,2.3454545454545457
Mike van Arsdale,8,5,0,0.15037793396101312,1.52,0.41,1.91,0.41,1.06,0.14,0.37,0.0,Light Heavyweight,59.0,0.6674641148325355,0.48275862068965525,1.300600669483204,,0.0,0.237,0.0,1.1179999999999999,13,0.6153846153846154,2.723076923076923
Teruto Ishihara,10,7,2,0.045086858506829315,3.26,0.44,3.63,0.53,0.5,0.16,0.3,0.0,Featherweight,33.0,0.4230769230769229,0.24137931034482762,0.7095430919285799,2195.0,37.5,9.813,0.125,0.58525,19,0.5263157894736842,3.905263157894737
Joey Beltran,17,14,0,0.12027582548733588,4.92,0.36,5.27,0.54,0.48,0.18,0.75,0.0,Light Heavyweight,43.0,0.6538461538461537,0.4482758620689653,1.2223978414024548,4144.0,25.0,6.8425,0.0,0.5820000000000001,31,0.5483870967741935,6.309677419354839
Shane Carwin,12,2,0,0.24058480307651503,4.38,0.47,3.53,0.53,1.42,0.33,0.42,0.0,Heavyweight,50.0,0.8461538461538458,0.48275862068965525,1.569497269920016,4995.0,33.33333333333333,9.072333333333331,0.3333333333333333,1.5948333333333333,14,0.8571428571428571,2.9714285714285715
TJ Laramie,12,5,0,0.06013791274366793,1.49,0.5,2.64,0.38,1.44,0.33,0.4,0.0,Featherweight,27.0,0.3076923076923075,0.20689655172413768,0.574726772160113,1033.0,0.0,0.13350000000000006,0.0,1.5295,17,0.7058823529411765,3.5411764705882356
John Richard,3,5,1,0.15037793396101312,0.0,0.0,0.0,0.0,0.0,0.0,0.0,0.0,Light Heavyweight,41.277864992150704,0.6674641148325355,0.43297262375837825,1.250814672551927,,0.0,0.0,0.0,0.0,9,0.3333333333333333,1.8666666666666667
Lucas Stark,1,5,0,0.07518896698050656,1.6,0.25,3.2,0.66,12.0,1.0,0.0,0.0,Welterweight,38.13361169102296,0.5218723584108196,0.3329867729451857,0.9300480983365118,,0.0,0.06900000000000006,0.0,12.15,6,0.16666666666666666,1.2333333333333336
Kazuki Tokudome,18,7,1,0.07518896698050656,2.26,0.41,3.63,0.53,2.0,0.38,0.78,0.0,Welterweight,37.0,0.5769230769230766,0.3793103448275862,1.0314223887311695,3798.0,0.0,0.18199999999999994,0.25,2.1975,26,0.6923076923076923,5.338461538461539
Alexander Trevino,7,7,0,0.09773239623392123,0.0,0.0,0.0,0.0,0.0,0.0,0.0,0.0,Middleweight,39.515151515151516,0.5968489341983318,0.3835561420620804,1.0781374724943333,,0.0,0.0,0.0,0.0,14,0.5,2.9000000000000004
Justin Wren,13,2,0,0.24058480307651503,3.43,0.35,2.07,0.64,0.0,0.0,1.0,0.0,Heavyweight,37.0,0.7320261437908496,0.48275862068965525,1.4553695675570197,,0.0,0.7130000000000001,0.0,0.1,15,0.8666666666666667,3.1733333333333333
Frederick Brown,3,2,0,0.19546479246784249,0.0,0.0,0.0,0.0,0.0,0.0,0.0,0.0,Heavyweight,44.17465753424658,0.7320261437908496,0.41379310344827575,1.3412840397069679,,0.0,0.0,0.0,0.0,5,0.6,1.12
Kyoji Horiguchi,19,2,0,0.030068956371833978,3.6,0.45,2.45,0.62,2.0,0.44,0.55,0.0,Flyweight,34.0,0.3076923076923075,0.17241379310344812,0.5101750571675896,3007.0,25.0,6.9655000000000005,0.125,2.15225,21,0.9047619047619048,4.380952380952381
Edson Gomez,6,2,0,0.09773239623392123,2.66,0.32,8.78,0.45,0.0,0.0,0.0,0.0,Middleweight,33.0,0.4230769230769229,0.2758620689655172,0.7966713882763613,,0.0,-0.5204999999999999,0.0,0.0,8,0.75,1.75
Alexandre Franca Nogueira,18,6,3,0.06013791274366793,0.6,0.2,4.18,0.57,0.0,0.0,0.0,0.0,Featherweight,47.0,0.4423076923076923,0.24137931034482762,0.7438249153961878,,0.0,-0.3514999999999999,0.0,0.0,27,0.6666666666666666,5.533333333333334
Kim Couture,3,8,0,0.045086858506829315,12.12,0.8,2.31,0.69,0.0,0.0,0.0,0.0,Featherweight,49.0,0.4423076923076923,0.2758620689655172,0.7632566197800388,,0.0,2.947,0.0,0.0,11,0.2727272727272727,2.254545454545455
Jason Fairn,4,5,0,0.18797241745126642,0.0,0.0,0.0,0.0,0.0,0.0,0.0,0.0,Heavyweight,44.17465753424658,0.7320261437908496,0.4482758620689653,1.3682744233110813,,0.0,0.0,0.0,0.0,9,0.4444444444444444,1.8888888888888888
Lukasz Les,8,3,0,0.09773239623392123,0.0,0.0,0.0,0.0,0.0,0.0,0.0,0.0,Middleweight,39.515151515151516,0.5968489341983318,0.3835561420620804,1.0781374724943333,,0.0,0.0,0.0,0.0,11,0.7272727272727273,2.3454545454545457
Joe Ray,13,0,0,0.09773239623392123,0.0,0.0,0.0,0.0,0.0,0.0,0.0,0.0,Middleweight,39.515151515151516,0.5968489341983318,0.3835561420620804,1.0781374724943333,,0.0,0.0,0.0,0.0,13,1.0,2.8000000000000003
Jan Finney,11,12,0,0.045086858506829315,2.16,0.28,8.75,0.42,0.77,0.11,0.25,0.0,Featherweight,35.8830242510699,0.4423076923076923,0.2758620689655172,0.7632566197800388,,0.0,-0.6535,0.0,0.8115,23,0.4782608695652174,4.695652173913044
Mason Jones,11,2,0,0.07518896698050656,5.61,0.44,4.94,0.46,3.16,0.45,0.8,0.0,Welterweight,29.0,0.6153846153846154,0.34482758620689663,1.0354011685720186,935.0,0.0,0.8185000000000001,0.0,3.3075,13,0.8461538461538461,2.769230769230769
Bojan Mihajlovic,10,6,0,0.15037793396101312,1.23,0.35,5.95,0.47,0.0,0.0,0.33,0.0,Light Heavyweight,44.0,0.5769230769230766,0.3793103448275862,1.106611355711676,2720.0,100.0,24.555500000000002,0.0,0.033,16,0.625,3.325
Codale Ford,11,9,0,0.09773239623392123,0.0,0.0,0.0,0.0,0.0,0.0,0.0,0.0,Middleweight,39.515151515151516,0.5968489341983318,0.3103448275862067,1.0049261580184599,,0.0,0.0,0.0,0.0,20,0.55,4.11
Christophe Leninger,3,4,0,0.14285240684259382,0.0,0.0,0.0,0.0,0.0,0.0,0.0,0.0,Light Heavyweight,41.277864992150704,0.6674641148325355,0.41379310344827575,1.2241096251234052,,0.0,0.0,0.0,0.0,7,0.42857142857142855,1.4857142857142858
Cory Walmsley,8,2,0,0.15037793396101312,0.79,1.0,1.18,0.5,0.0,0.0,0.0,0.0,Light Heavyweight,41.277864992150704,0.6674641148325355,0.41379310344827575,1.2316351522418243,,0.0,0.29550000000000004,0.0,0.0,10,0.8,2.16
Tyler Hill,8,2,0,0.09773239623392123,3.64,0.39,5.33,0.47,0.0,0.0,0.0,0.0,Middleweight,33.0,0.5968489341983318,0.5172413793103448,1.2118227097425978,,0.0,0.259,0.0,0.0,10,0.8,2.16
Jean Francois Lenogue,16,17,3,0.12027582548733588,1.13,0.34,0.27,0.6,0.0,0.0,0.33,0.0,Light Heavyweight,52.0,0.6674641148325355,0.41379310344827575,1.2015330437681473,,0.0,0.4,0.0,0.033,36,0.4444444444444444,7.288888888888889
Brendan Seguin,23,19,1,0.12027582548733588,2.6,0.45,0.6,0.84,5.0,0.62,1.0,0.0,Light Heavyweight,41.277864992150704,0.6674641148325355,0.41379310344827575,1.2015330437681473,,0.0,0.776,0.0,5.193,43,0.5348837209302325,8.706976744186045
Felipe Bunes,13,6,0,0.030068956371833978,0.0,0.0,0.0,0.0,0.0,0.0,0.0,0.0,Flyweight,35.0,0.4230769230769229,0.24137931034482762,0.6945251897935845,396.0,100.0,25.0,0.0,0.0,19,0.6842105263157895,3.936842105263158
Steve Steinbeiss,9,4,0,0.12027582548733588,3.92,0.55,1.86,0.49,0.44,0.5,0.58,0.0,Light Heavyweight,43.0,0.6538461538461537,0.5172413793103448,1.2913633586438342,5309.0,0.0,0.8845,0.0,0.573,13,0.6923076923076923,2.7384615384615385
James Bochnovic,8,3,0,0.15037793396101312,0.65,0.26,3.64,0.21,0.0,0.0,0.0,0.0,Light Heavyweight,35.0,0.8846153846153846,0.5517241379310344,1.586717456507432,2468.0,50.0,12.200000000000001,0.5,0.125,11,0.7272727272727273,2.3454545454545457
Carlos Barreto,14,9,0,0.18797241745126642,0.0,0.0,0.0,0.0,0.0,0.0,0.0,0.0,Heavyweight,44.17465753424658,0.7320261437908496,0.5517241379310344,1.4717226991731502,,0.0,0.0,0.0,0.0,23,0.6086956521739131,4.721739130434783
Joe Veres,4,3,0,0.07518896698050656,0.0,0.0,5.55,0.27,0.0,0.0,0.0,0.0,Welterweight,47.0,0.5218723584108196,0.24137931034482762,0.8384406357361538,,0.0,-0.7919999999999999,0.0,0.0,7,0.5714285714285714,1.5142857142857145
Paul Daley,39,15,2,0.09773239623392123,3.14,0.47,2.37,0.6,0.91,0.4,0.64,0.0,Middleweight,41.0,0.6923076923076921,0.3103448275862067,1.1003849161278199,5394.0,0.0,0.6134999999999999,0.0,1.034,56,0.6964285714285714,11.339285714285715
Curtis Blaydes,17,4,0,0.24058480307651503,3.56,0.49,1.89,0.59,5.93,0.53,0.33,0.0,Heavyweight,33.0,0.8461538461538458,0.5517241379310344,1.6384627871613953,200.0,50.0,13.293,0.0,6.0425,21,0.8095238095238095,4.361904761904762
Terry Martin,23,11,0,0.12027582548733588,2.82,0.43,3.13,0.54,3.1,0.42,0.92,0.0,Light Heavyweight,44.0,0.5,0.2758620689655172,0.8961378944528531,,0.0,0.4024999999999999,0.0,3.2550000000000003,34,0.6764705882352942,6.93529411764706
Tyler Diamond,9,1,0,0.06013791274366793,3.4,0.47,2.53,0.44,3.0,0.75,0.7,0.0,Featherweight,33.0,0.4230769230769229,0.24137931034482762,0.7245941461654184,2413.0,0.0,0.6305000000000001,0.0,3.1824999999999997,10,0.9,2.18
Martin Sano,4,3,1,0.09773239623392123,4.0,0.33,12.0,0.4,0.0,0.0,0.0,0.0,Middleweight,33.0,0.6538461538461537,0.3793103448275862,1.1308888949076612,1236.0,100.0,24.326,0.0,0.0,8,0.5,1.7000000000000002
Chris Birchler,7,4,0,0.15037793396101312,9.35,0.46,14.83,0.35,0.0,0.0,0.0,0.0,Light Heavyweight,37.0,0.6674641148325355,0.5172413793103448,1.3350834281038935,,0.0,0.2575000000000003,0.0,0.0,11,0.6363636363636364,2.3272727272727276
John Adajar,6,2,0,0.09773239623392123,3.9,0.52,6.28,0.44,0.0,0.0,0.0,0.0,Middleweight,33.0,0.6538461538461537,0.3103448275862067,1.0619233776662815,,0.0,0.20300000000000007,0.0,0.0,8,0.75,1.75
Richard Odoms,13,3,0,0.24058480307651503,0.0,0.0,0.0,0.0,0.0,0.0,0.0,0.0,Heavyweight,49.0,0.7320261437908496,0.5862068965517243,1.5588178434190891,,0.0,0.0,0.0,0.0,16,0.8125,3.3625000000000003
Martin Bravo,11,3,0,0.06013791274366793,7.66,0.39,5.72,0.51,2.6,0.35,0.85,0.0,Featherweight,31.0,0.5,0.2758620689655172,0.8359999817091851,1971.0,75.0,19.9615,0.0,2.7375000000000003,14,0.7857142857142857,2.9571428571428573
Jacobi Jones,6,2,0,0.07518896698050656,5.87,0.46,7.6,0.48,0.0,0.0,0.33,0.0,Welterweight,28.0,0.5384615384615383,0.3103448275862067,0.9239953330282515,,0.0,0.49150000000000027,0.0,0.033,8,0.75,1.75
Dominique Steele,14,9,0,0.09773239623392123,2.32,0.49,2.42,0.5,2.95,0.42,0.76,0.0,Middleweight,37.0,0.6153846153846154,0.34482758620689663,1.0579445978254332,2804.0,20.0,5.390000000000001,0.2,3.1390000000000002,23,0.6086956521739131,4.721739130434783
Jared Vanderaa,12,10,0,0.24058480307651503,4.96,0.44,5.67,0.45,0.18,0.5,0.2,0.0,Heavyweight,32.0,0.8461538461538458,0.5517241379310344,1.6384627871613953,837.0,28.57142857142857,7.687857142857142,0.14285714285714285,0.3107142857142857,22,0.5454545454545454,4.50909090909091
Herman Renting,1,3,0,0.16539583609600847,0.0,0.0,0.0,0.0,0.0,0.0,0.0,0.0,Heavyweight,44.17465753424658,0.7320261437908496,0.41379310344827575,1.3112150833351337,,0.0,0.0,0.0,0.0,4,0.25,0.8500000000000001
Kazuyuki Miyata,15,9,0,0.05112054104230206,2.04,0.52,1.82,0.63,4.31,0.46,0.68,0.0,Featherweight,35.8830242510699,0.4423076923076923,0.2758620689655172,0.7692903023155115,,0.0,0.4355,0.0,4.446999999999999,24,0.625,4.925000000000001
Suman Mokhtarian,8,5,0,0.06013791274366793,2.21,0.43,6.85,0.48,0.0,0.0,0.0,0.0,Featherweight,32.0,0.5384615384615383,0.2758620689655172,0.8744615201707234,1880.0,50.0,12.183,0.0,0.0,13,0.6153846153846154,2.723076923076923
Yusuke Kawaguchi,18,12,0,0.22556690094151968,2.87,0.47,3.93,0.5,0.0,0.0,0.72,0.0,Heavyweight,44.17465753424658,0.7320261437908496,0.41379310344827575,1.371386148180645,,0.0,0.29699999999999993,0.0,0.072,30,0.6,6.12
Adin Duenas,6,1,0,0.06013791274366793,0.0,0.0,0.0,0.0,0.0,0.0,0.0,0.0,Featherweight,35.8830242510699,0.4423076923076923,0.20689655172413768,0.7093421567754978,,0.0,0.0,0.0,0.0,7,0.8571428571428571,1.5714285714285716
Mark Hall,5,6,0,0.12780135260575523,0.0,0.0,0.0,0.0,0.0,0.0,0.0,0.0,Light Heavyweight,41.277864992150704,0.6674641148325355,0.41379310344827575,1.2090585708865667,,0.0,0.0,0.0,0.0,11,0.45454545454545453,2.290909090909091
KyeungPyo Kim,11,4,0,0.07518896698050656,6.77,0.46,6.32,0.63,3.87,0.4,1.0,0.0,Welterweight,33.0,0.5,0.3103448275862067,0.8855337945667132,,0.0,0.931,0.0,4.03,15,0.7333333333333333,3.1466666666666665
George Bush,5,2,0,0.15037793396101312,6.35,0.64,2.31,0.55,17.31,0.66,0.0,0.0,Light Heavyweight,41.277864992150704,0.6674641148325355,0.4482758620689653,1.266117910862514,,0.0,1.4515,0.0,17.409,7,0.7142857142857143,1.542857142857143
Tommy Hayden,11,3,0,0.06013791274366793,1.48,0.27,2.05,0.55,3.42,0.33,0.66,0.0,Featherweight,38.0,0.4423076923076923,0.3103448275862067,0.8127904326375669,4568.0,0.0,0.199,1.0,3.7855,14,0.7857142857142857,2.9571428571428573
Yusuke Imamura,2,6,0,0.1729213632144278,0.18,0.5,1.83,0.52,2.75,0.5,0.0,0.0,Heavyweight,44.17465753424658,0.7320261437908496,0.2758620689655172,1.1808095759707946,,0.0,-0.05149999999999999,0.0,2.825,8,0.25,1.6500000000000001
Han Ten Yun,0,1,0,0.1729213632144278,0.0,0.0,0.0,0.0,0.0,0.0,0.0,0.0,Heavyweight,44.17465753424658,0.7320261437908496,0.3793103448275862,1.2842578518328636,,0.0,0.0,0.0,0.0,1,0.0,0.2
Chad W. Saunders,7,2,0,0.09773239623392123,0.0,0.0,0.0,0.0,0.0,0.0,0.0,0.0,Middleweight,39.515151515151516,0.5968489341983318,0.34482758620689663,1.0394089166391498,,0.0,0.0,0.0,0.0,9,0.7777777777777778,1.9555555555555557
Tom Egan,7,5,0,0.09773239623392123,0.0,0.0,3.91,0.5,0.0,0.0,0.28,0.0,Middleweight,39.515151515151516,0.5968489341983318,0.3793103448275862,1.0738916752598393,,0.0,-0.5115000000000001,0.0,0.028000000000000004,12,0.5833333333333334,2.516666666666667
Curtis Millender,17,5,0,0.09773239623392123,3.86,0.46,2.95,0.61,0.43,1.0,0.57,0.0,Middleweight,37.0,0.6923076923076921,0.48275862068965525,1.2727987092312687,2132.0,20.0,5.706,0.2,0.687,22,0.7727272727272727,4.554545454545455
Ramazan Kuramagomedov,8,0,0,0.09773239623392123,11.67,0.67,9.13,0.54,1.0,0.14,0.0,0.0,Middleweight,28.0,0.5769230769230766,0.4482758620689653,1.1229313352259633,,0.0,1.7629999999999997,0.0,1.021,8,1.0,1.8
Zak Bucia,17,8,0,0.09773239623392123,0.0,0.0,0.0,0.0,0.0,0.0,0.0,0.0,Middleweight,39.515151515151516,0.5968489341983318,0.34482758620689663,1.0394089166391498,,0.0,0.0,0.0,0.0,25,0.68,5.136
Gil Castillo,8,5,0,0.09773239623392123,0.6,0.45,2.22,0.44,3.33,0.45,0.5,0.0,Middleweight,59.0,0.5968489341983318,0.3103448275862067,1.0049261580184599,,0.0,-0.027000000000000024,0.0,3.4475,13,0.6153846153846154,2.723076923076923
Kenneth Alexander,7,6,0,0.07518896698050656,0.88,0.19,2.2,0.66,4.71,0.26,0.0,0.0,Welterweight,47.0,0.5218723584108196,0.3103448275862067,0.9074061529775328,,0.0,0.02699999999999997,0.0,4.749,13,0.5384615384615384,2.707692307692308
Josefine Knutsson,7,0,0,0.01501790213499534,3.73,0.52,1.33,0.64,2.67,0.72,1.0,0.0,Strawweight,29.0,0.0769230769230771,0.10344827586206903,0.19538925492014148,242.0,0.0,0.933,0.0,2.878,7,1.0,1.6
Marcelo Aguiar,2,3,1,0.09773239623392123,0.0,0.0,0.0,0.0,0.0,0.0,0.0,0.0,Middleweight,39.515151515151516,0.5968489341983318,0.34482758620689663,1.0394089166391498,,0.0,0.0,0.0,0.0,6,0.3333333333333333,1.2666666666666668
Angga,13,3,0,0.06013791274366793,3.56,0.38,3.77,0.53,0.0,0.0,0.33,0.0,Featherweight,36.0,0.3846153846153846,0.24137931034482762,0.6861326077038801,,0.0,0.47999999999999987,0.0,0.033,16,0.8125,3.3625000000000003
Matt Horning,20,25,0,0.030068956371833978,0.0,0.0,0.0,0.0,0.0,0.0,0.0,0.0,Flyweight,33.27091633466136,0.34781884781884764,0.1379310344827586,0.5158188386734402,,0.0,0.0,0.0,0.0,45,0.4444444444444444,9.088888888888889
Justin Lawrence,10,4,0,0.06013791274366793,3.84,0.35,2.83,0.67,0.72,0.28,0.73,0.0,Featherweight,34.0,0.34615384615384626,0.2758620689655172,0.6821538278630314,4323.0,66.66666666666666,17.372666666666667,0.3333333333333333,0.9183333333333333,14,0.7142857142857143,2.942857142857143
Takashi Sugiura,1,3,0,0.1804468903328471,1.37,0.4,2.08,0.53,1.33,0.66,0.0,0.0,Heavyweight,54.0,0.7320261437908496,0.3793103448275862,1.291783378951283,,0.0,0.19,0.0,1.429,4,0.25,0.8500000000000001
Scott Bills,7,9,1,0.09773239623392123,0.0,0.0,0.0,0.0,0.0,0.0,0.0,0.0,Middleweight,39.515151515151516,0.5968489341983318,0.34482758620689663,1.0394089166391498,,0.0,0.0,0.0,0.0,17,0.4117647058823529,3.482352941176471
Michiyoshi Ohara,0,2,0,0.15037793396101312,0.28,0.29,3.13,0.48,0.0,0.0,0.33,0.0,Light Heavyweight,41.277864992150704,0.6674641148325355,0.34482758620689663,1.1626696350004453,,0.0,-0.26949999999999996,0.0,0.033,2,0.0,0.4
Yan Qihui,11,4,0,0.030068956371833978,4.01,0.6,1.78,0.72,4.46,1.0,1.0,0.0,Flyweight,28.0,0.15384615384615374,0.10344827586206903,0.28736338608005674,,0.0,0.9635000000000001,0.0,4.71,15,0.7333333333333333,3.1466666666666665
Bubba Jenkins,11,4,0,0.06013791274366793,2.41,0.37,1.58,0.67,7.23,0.68,1.0,0.0,Featherweight,35.8830242510699,0.4423076923076923,0.24137931034482762,0.7438249153961878,,0.0,0.54,0.0,7.432,15,0.7333333333333333,3.1466666666666665
Taiei Kin,6,3,0,0.12027582548733588,2.71,0.6,1.33,0.52,0.0,0.0,0.55,0.0,Light Heavyweight,54.0,0.6674641148325355,0.3793103448275862,1.1670502851474576,,0.0,0.6759999999999999,0.0,0.05500000000000001,9,0.6666666666666666,1.9333333333333333
Martin Buschkamp,9,0,0,0.06013791274366793,0.0,0.0,0.0,0.0,0.0,0.0,0.0,0.0,Featherweight,34.0,0.4423076923076923,0.3103448275862067,0.8127904326375669,,0.0,0.0,0.0,0.0,9,1.0,2.0
Egan Inoue,13,8,0,0.12780135260575523,1.66,0.36,3.31,0.57,0.0,0.0,0.0,0.0,Light Heavyweight,59.0,0.6674641148325355,0.3103448275862067,1.1056102950244975,,0.0,0.07600000000000001,0.0,0.0,21,0.6190476190476191,4.323809523809524
Bobby Flynn,6,4,0,0.09773239623392123,0.38,0.25,0.77,0.0,0.0,0.0,0.0,0.0,Middleweight,39.515151515151516,0.5968489341983318,0.3835561420620804,1.0781374724943333,,0.0,0.029500000000000026,0.0,0.0,10,0.6,2.12
Chuck Grigsby,23,10,0,0.15037793396101312,0.71,0.16,3.29,0.46,0.0,0.0,0.66,0.0,Light Heavyweight,41.277864992150704,0.6674641148325355,0.6206896551724138,1.4385317039659624,,0.0,-0.21500000000000002,0.0,0.066,33,0.696969696969697,6.73939393939394
Jon Olav Einemo,6,3,0,0.2225500596737833,2.15,0.52,3.05,0.52,1.73,0.55,0.43,0.0,Heavyweight,49.0,0.7320261437908496,0.6206896551724138,1.5752658586370467,4764.0,50.0,12.762,0.0,1.8555,9,0.6666666666666666,1.9333333333333333
Brian Johnston,5,5,0,0.18797241745126642,0.0,0.0,0.0,0.0,0.0,0.0,0.0,0.0,Heavyweight,44.17465753424658,0.7320261437908496,0.5172413793103448,1.4372399405524607,,0.0,0.0,0.0,0.0,10,0.5,2.1
Albert Tumenov,18,4,0,0.09773239623392123,3.76,0.42,3.34,0.58,0.2,0.2,0.75,0.0,Middleweight,33.0,0.5769230769230766,0.3793103448275862,1.053965817984584,3049.0,37.5,9.985000000000001,0.25,0.36750000000000005,22,0.8181818181818182,4.563636363636364
Dennis Olson,14,11,0,0.09773239623392123,1.02,0.42,5.27,0.38,2.77,0.4,0.0,0.0,Middleweight,39.515151515151516,0.5968489341983318,0.41379310344827575,1.1083744338805288,,0.0,-0.39449999999999985,0.0,2.83,25,0.56,5.112
Dave Strasser,25,8,0,0.09773239623392123,3.04,0.45,1.88,0.59,0.72,0.33,0.33,0.0,Middleweight,55.0,0.5968489341983318,0.34482758620689663,1.0394089166391498,,0.0,0.6565000000000001,0.0,0.8025,33,0.7575757575757576,6.751515151515152
Rocky Lee,3,2,0,0.06013791274366793,2.47,0.51,5.33,0.44,1.0,0.1,0.33,0.0,Featherweight,37.0,0.4423076923076923,0.3103448275862067,0.8127904326375669,3595.0,0.0,-0.013999999999999901,0.0,1.0479999999999998,5,0.6,1.12
Rama Supandhi,8,4,0,0.030068956371833978,2.2,0.42,3.53,0.48,1.0,0.11,0.0,0.0,Flyweight,33.0,0.3076923076923075,0.17241379310344812,0.5101750571675896,,0.0,0.1765,0.0,1.0165,12,0.6666666666666666,2.5333333333333337
Jonathan Meunier,8,1,0,0.09773239623392123,3.47,0.5,1.43,0.69,0.58,0.33,0.58,0.0,Middleweight,37.0,0.5968489341983318,0.5172413793103448,1.2118227097425978,3000.0,0.0,0.8564999999999999,0.5,0.8125,9,0.8888888888888888,1.9777777777777779
Bassil Hafez,8,4,1,0.09773239623392123,2.13,0.25,5.53,0.39,3.0,0.15,0.5,0.0,Middleweight,33.0,0.5384615384615383,0.3793103448275862,1.0155042795230458,88.0,33.33333333333333,8.144833333333333,0.0,3.0725,13,0.6153846153846154,2.723076923076923
Sokun Koh,4,1,0,0.15037793396101312,0.0,0.0,0.0,0.0,0.0,0.0,0.0,0.0,Light Heavyweight,41.277864992150704,0.6674641148325355,0.4482758620689653,1.266117910862514,,0.0,0.0,0.0,0.0,5,0.8,1.1600000000000001
Nora Cornolle,7,1,0,0.045086858506829315,2.67,0.51,1.2,0.57,0.0,0.0,0.37,0.0,Featherweight,35.0,0.34615384615384626,0.24137931034482762,0.6326200150055032,137.0,33.33333333333333,9.008333333333333,0.0,0.037,8,0.875,1.7750000000000001
Piera Rodriguez,9,1,0,0.01501790213499534,3.46,0.46,2.98,0.57,3.31,0.41,0.66,0.0,Strawweight,32.0,0.1923076923076925,0.10344827586206903,0.3107738703047569,270.0,0.0,0.5954999999999999,0.25,3.5,10,0.9,2.18
Danny Abbadi,4,6,0,0.07518896698050656,3.29,0.38,4.41,0.57,0.0,0.0,0.77,0.0,Welterweight,41.0,0.5218723584108196,0.3793103448275862,0.9763716702189124,,0.0,0.3225000000000001,0.0,0.07700000000000001,10,0.4,2.08
Leo Sylvest,10,16,0,0.15037793396101312,0.0,0.0,6.58,0.27,0.0,0.0,0.0,0.0,Light Heavyweight,51.0,0.6674641148325355,0.3793103448275862,1.1971523936211348,,0.0,-0.9465,0.0,0.0,26,0.38461538461538464,5.276923076923077
Scott Carson,4,2,0,0.16539583609600847,0.62,0.66,6.22,0.23,0.0,0.0,0.0,0.0,Heavyweight,44.17465753424658,0.7320261437908496,0.48275862068965525,1.3801806005765134,,0.0,-0.6114999999999999,0.0,0.0,6,0.6666666666666666,1.3333333333333335
Serhiy Sidey,10,1,0,0.045086858506829315,4.52,0.35,4.52,0.42,0.0,0.0,0.0,0.0,Featherweight,28.0,0.5384615384615383,0.3793103448275862,0.9628587417959538,102.0,0.0,0.585,0.0,0.0,11,0.9090909090909091,2.381818181818182
James Giboo,13,5,0,0.09773239623392123,1.2,0.27,7.08,0.39,0.0,0.0,0.0,0.0,Middleweight,47.0,0.5968489341983318,0.3793103448275862,1.0738916752598393,,0.0,-0.6495000000000001,0.0,0.0,18,0.7222222222222222,3.7444444444444445
Muhammad Naimov,10,2,0,0.06013791274366793,3.37,0.46,4.66,0.41,1.58,0.28,0.57,0.0,Featherweight,30.0,0.4615384615384617,0.3103448275862067,0.8320212018683363,235.0,25.0,6.547000000000001,0.25,1.7415,12,0.8333333333333334,2.566666666666667
Fares Ziam,14,4,0,0.07518896698050656,2.82,0.47,2.01,0.65,0.97,0.23,0.75,0.0,Welterweight,27.0,0.6538461538461537,0.4482758620689653,1.1773109828956256,137.0,12.5,3.7199999999999998,0.125,1.11075,18,0.7777777777777778,3.7555555555555555
Len Bentley,10,6,0,0.07518896698050656,0.0,0.0,0.0,0.0,0.0,0.0,0.0,0.0,Welterweight,38.13361169102296,0.5218723584108196,0.3103448275862067,0.9074061529775328,,0.0,0.0,0.0,0.0,16,0.625,3.325
James Gabert,6,4,0,0.10976660920302345,0.0,0.0,0.0,0.0,0.0,0.0,0.0,0.0,Middleweight,39.515151515151516,0.5968489341983318,0.3835561420620804,1.0901716854634356,,0.0,0.0,0.0,0.0,10,0.6,2.12
Jeremie Holloway,8,3,0,0.09773239623392123,0.81,0.5,0.51,0.79,0.0,0.0,0.0,0.0,Middleweight,39.515151515151516,0.5968489341983318,0.41379310344827575,1.1083744338805288,,0.0,0.3445,0.0,0.0,11,0.7272727272727273,2.3454545454545457
Brandon Hester,3,0,0,0.15037793396101312,3.53,0.53,0.4,0.68,4.0,0.8,0.0,0.0,Light Heavyweight,41.277864992150704,0.6674641148325355,0.4482758620689653,1.266117910862514,,0.0,1.0305,0.0,4.12,3,1.0,0.8
SangWon Kim,10,6,1,0.06013791274366793,3.18,0.57,3.73,0.58,0.69,0.25,0.72,0.0,Featherweight,31.0,0.4230769230769229,0.3103448275862067,0.7935596634067975,,0.0,0.4365,0.0,0.7994999999999999,17,0.5882352941176471,3.51764705882353
Kyle Bochniak,8,5,0,0.06013791274366793,2.63,0.31,5.11,0.58,1.14,0.15,0.62,0.0,Featherweight,38.0,0.4615384615384617,0.24137931034482762,0.7630556846269572,1944.0,0.0,0.039999999999999925,0.0,1.2245,13,0.6153846153846154,2.723076923076923
Danny Silva,8,1,0,0.06013791274366793,13.6,0.64,13.13,0.59,2.0,0.66,1.0,0.0,Featherweight,28.0,0.4615384615384617,0.3793103448275862,0.9009867191097158,333.0,0.0,1.6469999999999998,0.0,2.1990000000000003,9,0.8888888888888888,1.9777777777777779
AJ Cunningham,10,3,0,0.06013791274366793,7.58,0.24,11.32,0.54,0.0,0.0,0.0,0.0,Featherweight,30.0,0.5,0.34482758620689663,0.9049654989505646,347.0,100.0,25.326,0.0,0.0,13,0.7692307692307693,2.753846153846154
Gan McGee,13,5,0,0.24058480307651503,2.2,0.29,2.31,0.59,0.65,0.25,0.83,0.0,Heavyweight,48.0,0.7320261437908496,0.7586206896551724,1.731231636522537,,0.0,0.35000000000000014,0.0,0.7705,18,0.7222222222222222,3.7444444444444445
Roy Boughton,14,8,0,0.15037793396101312,0.0,0.0,0.0,0.0,0.0,0.0,0.0,0.0,Light Heavyweight,41.277864992150704,0.6674641148325355,0.41379310344827575,1.2316351522418243,,0.0,0.0,0.0,0.0,22,0.6363636363636364,4.527272727272727
Tommy Petersen,2,3,0,0.07518896698050656,0.0,0.0,0.0,0.0,0.0,0.0,0.0,0.0,Welterweight,38.13361169102296,0.5218723584108196,0.3329867729451857,0.9300480983365118,,0.0,0.0,0.0,0.0,5,0.4,1.08
Eduardo Neves,7,2,0,0.23756796180877868,7.69,0.65,6.15,0.55,5.77,0.66,0.0,0.0,Heavyweight,24.0,0.7692307692307692,0.48275862068965525,1.4895573517292031,,0.0,1.2125000000000004,0.0,5.869,9,0.7777777777777778,1.9555555555555557
Pat Curran,22,7,0,0.06013791274366793,4.7,0.58,4.4,0.63,2.5,0.62,0.66,0.0,Featherweight,35.8830242510699,0.4423076923076923,0.3103448275862067,0.8127904326375669,,0.0,0.7254999999999999,0.0,2.659,29,0.7586206896551724,5.951724137931035
Braxton Smith,5,2,0,0.22855059010741283,6.46,0.48,11.54,0.32,0.0,0.0,1.0,0.0,Heavyweight,35.0,0.5384615384615383,0.3793103448275862,1.1463224733965374,648.0,100.0,25.028,0.0,0.1,7,0.7142857142857143,1.542857142857143
Kevin Gray,9,4,0,0.030068956371833978,3.45,0.62,4.48,0.66,0.0,0.0,0.0,0.0,Flyweight,39.0,0.34615384615384626,0.1379310344827586,0.5141538370084389,,0.0,0.4135000000000001,0.0,0.0,13,0.6923076923076923,2.7384615384615385
Gustavo Gabriel,13,1,0,0.030068956371833978,4.06,0.65,4.26,0.46,0.0,0.0,0.5,0.0,Flyweight,30.0,0.34781884781884764,0.20689655172413768,0.5847843559148194,,0.0,0.5750000000000001,0.0,0.05,14,0.9285714285714286,2.9857142857142858
Craig Jones,0,0,0,0.15037793396101312,0.0,0.0,0.0,0.0,0.0,0.0,0.0,0.0,Light Heavyweight,41.277864992150704,0.6674641148325355,0.43297262375837825,1.250814672551927,,0.0,0.0,0.0,0.0,0,,
Brian Sleeman,9,9,1,0.12027582548733588,4.0,0.48,1.85,0.7,9.23,1.0,1.0,0.0,Light Heavyweight,41.277864992150704,0.6674641148325355,0.2758620689655172,1.0636020092853886,,0.0,0.9235,0.0,9.48,19,0.47368421052631576,3.8947368421052633
Isaac Dulgarian,6,0,0,0.06013791274366793,7.29,0.66,0.42,0.71,3.13,1.0,0.0,0.0,Featherweight,28.0,0.5,0.24137931034482762,0.8015172230884955,158.0,33.33333333333333,10.331333333333331,0.3333333333333333,3.3633333333333333,6,1.0,1.4000000000000001
Ralph Dillon,0,2,1,0.15037793396101312,0.34,0.14,0.69,0.6,0.0,0.0,0.0,0.0,Light Heavyweight,41.277864992150704,0.6674641148325355,0.48275862068965525,1.300600669483204,,0.0,0.09950000000000002,0.0,0.0,3,0.0,0.6000000000000001
Jorge Lopez,11,5,0,0.09773239623392123,2.47,0.59,2.57,0.5,3.5,0.41,0.81,0.0,Middleweight,36.0,0.5968489341983318,0.34482758620689663,1.0394089166391498,4656.0,0.0,0.42500000000000004,0.0,3.6425,16,0.6875,3.3375000000000004
Cal Worsham,13,10,0,0.18797241745126642,0.0,0.0,0.0,0.0,0.0,0.0,0.0,0.0,Heavyweight,44.17465753424658,0.7320261437908496,0.3793103448275862,1.2993089060697023,,0.0,0.0,0.0,0.0,23,0.5652173913043478,4.71304347826087
Nikolas Motta,13,5,0,0.07518896698050656,2.65,0.3,4.61,0.52,0.0,0.0,0.82,0.0,Welterweight,32.0,0.4615384615384617,0.3103448275862067,0.8470722561051749,81.0,80.0,20.108999999999998,0.0,0.082,18,0.7222222222222222,3.7444444444444445
Windri Patilima,8,1,0,0.07518896698050656,0.31,0.5,7.64,0.31,0.0,0.0,0.0,0.0,Welterweight,31.0,0.5,0.20689655172413768,0.7820855187046443,,0.0,-0.9219999999999999,0.0,0.0,9,0.8888888888888888,1.9777777777777779
Mike Rodriguez,11,7,0,0.15037793396101312,4.35,0.53,4.24,0.41,0.0,0.0,0.37,0.0,Light Heavyweight,36.0,0.9230769230769229,0.5517241379310344,1.6251789949689703,1243.0,28.57142857142857,7.761857142857141,0.0,0.037,18,0.6111111111111112,3.7222222222222223
Canaan Kawaihae,6,2,0,0.06013791274366793,2.83,0.51,4.59,0.36,0.0,0.0,1.0,0.0,Featherweight,27.0,0.5,0.41379310344827575,0.9739310161919437,,0.0,0.17500000000000004,0.0,0.1,8,0.75,1.75
Troy Mandaloniz,3,2,0,0.09773239623392123,3.52,0.56,4.71,0.63,3.1,0.66,0.57,0.0,Middleweight,45.0,0.5968489341983318,0.3103448275862067,1.0049261580184599,,0.0,0.38,0.0,3.2560000000000002,5,0.6,1.12
Ian Murphy,1,1,0,0.12027582548733588,0.0,0.0,1.93,0.3,4.13,1.0,0.0,0.0,Light Heavyweight,39.0,0.6674641148325355,0.4482758620689653,1.2360158023888368,,0.0,-0.2445,0.0,4.28,2,0.5,0.5
Corey Hill,6,9,0,0.07518896698050656,3.57,0.46,1.61,0.7,3.02,0.8,1.0,0.0,Welterweight,46.0,0.8461538461538458,0.5517241379310344,1.4730669510653867,,0.0,0.8479999999999999,0.0,3.24,15,0.4,3.08
Robert Whittaker,25,7,0,0.12027582548733588,4.47,0.42,3.39,0.6,0.85,0.39,0.82,0.0,Light Heavyweight,34.0,0.5769230769230766,0.41379310344827575,1.1109920058586882,109.0,39.130434782608695,10.565608695652175,0.043478260869565216,1.0013695652173913,32,0.78125,6.55625
Achilles Estremadura,7,1,0,0.07518896698050656,3.2,0.43,3.27,0.7,0.0,0.0,0.0,0.0,Welterweight,32.0,0.3846153846153846,0.34482758620689663,0.8046319378027877,,0.0,0.5005,0.0,0.0,8,0.875,1.7750000000000001
Rolando Bedoya,14,3,0,0.09773239623392123,8.7,0.55,6.83,0.52,0.0,0.0,0.0,0.0,Middleweight,28.0,0.6153846153846154,0.3793103448275862,1.0924273564461229,193.0,0.0,1.3384999999999996,0.0,0.0,17,0.8235294117647058,3.5647058823529414
Chase Sherman,16,12,0,0.21804137382310043,6.04,0.45,6.65,0.52,0.09,0.5,0.74,0.0,Heavyweight,35.0,0.7692307692307692,0.5517241379310344,1.5389962809849038,641.0,40.0,10.6805,0.13333333333333333,0.2723333333333333,28,0.5714285714285714,5.714285714285714
Bryan Pardoe,13,16,0,0.15037793396101312,1.11,0.36,4.59,0.45,4.75,0.4,0.33,0.0,Light Heavyweight,41.277864992150704,0.6674641148325355,0.4482758620689653,1.266117910862514,,0.0,-0.27149999999999996,0.0,4.843,29,0.4482758620689655,5.889655172413794
Guy Mezger,30,14,2,0.14285240684259382,2.3,0.32,1.36,0.72,0.39,0.5,0.88,0.0,Light Heavyweight,57.0,0.6674641148325355,0.4482758620689653,1.2585923837440947,,0.0,0.5429999999999999,0.0,0.553,46,0.6521739130434783,9.330434782608696
Leonardo Damiani,10,3,1,0.09773239623392123,1.67,0.23,4.17,0.37,0.0,0.0,0.5,0.0,Middleweight,34.0,0.4230769230769229,0.34482758620689663,0.8656369055177408,,0.0,-0.10649999999999993,0.0,0.05,14,0.7142857142857143,2.942857142857143
Alejandro Flores,17,3,0,0.06013791274366793,3.66,0.4,2.02,0.54,0.0,0.0,0.0,0.0,Featherweight,33.0,0.5769230769230766,0.34482758620689663,0.9818885758736412,,0.0,0.7730000000000001,0.0,0.0,20,0.85,4.17
Sherron Leggett,21,6,0,0.07518896698050656,2.86,0.51,2.08,0.47,5.19,0.8,0.33,0.0,Welterweight,46.0,0.5218723584108196,0.2758620689655172,0.8729233943568433,,0.0,0.5754999999999999,0.0,5.343000000000001,27,0.7777777777777778,5.555555555555556
Gian Villante,17,14,0,0.18797241745126642,4.38,0.44,5.47,0.55,0.45,0.23,0.83,0.0,Heavyweight,39.0,0.6923076923076921,0.5172413793103448,1.3975214890693033,1194.0,44.44444444444444,11.556111111111111,0.05555555555555555,0.5813888888888888,31,0.5483870967741935,6.309677419354839
Nobuhiko Takada,2,6,2,0.1729213632144278,0.31,0.24,1.92,0.39,1.15,0.2,0.0,0.0,Heavyweight,62.0,0.7320261437908496,0.41379310344827575,1.318740610453553,,0.0,-0.10399999999999998,0.0,1.18,10,0.2,2.04
Jadson Costa,22,8,0,0.07518896698050656,0.2,0.5,3.05,0.5,0.0,0.0,0.0,0.0,Welterweight,38.13361169102296,0.5218723584108196,0.24137931034482762,0.8384406357361538,,0.0,-0.23249999999999993,0.0,0.0,30,0.7333333333333333,6.1466666666666665
Chris Dempsey,11,5,0,0.12027582548733588,2.25,0.32,2.82,0.65,2.64,0.23,0.16,0.0,Light Heavyweight,37.0,0.5384615384615383,0.34482758620689663,1.0035649501557709,3273.0,75.0,19.051000000000002,0.0,2.6905,16,0.6875,3.3375000000000004
Justin DeMoney,15,7,1,0.09773239623392123,0.0,0.0,0.0,0.0,0.0,0.0,0.0,0.0,Middleweight,39.515151515151516,0.5968489341983318,0.3835561420620804,1.0781374724943333,,0.0,0.0,0.0,0.0,23,0.6521739130434783,4.730434782608696
Justin Sumter,7,3,0,0.12027582548733588,2.68,0.48,7.64,0.34,2.87,1.0,0.0,0.0,Light Heavyweight,35.0,0.8461538461538458,0.48275862068965525,1.4491882923308368,,0.0,-0.32899999999999985,0.0,3.02,10,0.7,2.14
Bob Gilstrap,5,7,0,0.14285240684259382,0.0,0.0,0.0,0.0,0.0,0.0,0.0,0.0,Light Heavyweight,41.277864992150704,0.6674641148325355,0.5172413793103448,1.327557900985474,,0.0,0.0,0.0,0.0,12,0.4166666666666667,2.483333333333334
Taylor Moore,10,5,0,0.045086858506829315,0.2,0.75,2.07,0.42,0.0,0.0,0.25,0.0,Featherweight,31.0,0.4615384615384617,0.34482758620689663,0.8514529062521876,,0.0,-0.04749999999999993,0.0,0.025,15,0.6666666666666666,3.1333333333333333
Ion Cutelaba,17,9,1,0.15037793396101312,4.63,0.43,3.29,0.48,4.75,0.58,0.77,0.0,Light Heavyweight,31.0,0.6538461538461537,0.4482758620689653,1.2524999498761322,137.0,37.5,10.197000000000001,0.25,4.9765,27,0.6296296296296297,5.525925925925926
Houston Alexander,17,15,1,0.15037793396101312,3.06,0.54,3.2,0.52,1.19,0.57,0.33,0.0,Light Heavyweight,52.0,0.5384615384615383,0.41379310344827575,1.1026325758708273,,0.0,0.471,0.0,1.3084999999999998,33,0.5151515151515151,6.703030303030303
Ibo Aslan,12,1,0,0.15037793396101312,8.87,0.72,3.38,0.63,0.0,0.0,0.0,0.0,Light Heavyweight,28.0,0.7307692307692308,0.5172413793103448,1.3983885440405888,109.0,100.0,26.948999999999998,0.0,0.0,13,0.9230769230769231,2.7846153846153845
Andre Santos,38,10,0,0.09773239623392123,2.77,0.34,4.17,0.41,2.5,0.29,0.75,0.0,Middleweight,39.515151515151516,0.5968489341983318,0.41379310344827575,1.1083744338805288,,0.0,0.1965,0.0,2.6185,48,0.7916666666666666,9.758333333333335
Jean Matsumoto,14,0,0,0.045086858506829315,6.67,0.36,6.6,0.49,0.0,0.0,0.66,0.0,Featherweight,25.0,0.3846153846153846,0.20689655172413768,0.6365987948463516,116.0,0.0,0.8230000000000001,0.5,0.191,14,1.0,3.0000000000000004
Jong Won Kim,0,1,0,0.05112054104230206,0.84,0.15,3.28,0.63,2.81,1.0,0.0,0.0,Featherweight,35.8830242510699,0.4423076923076923,0.24137931034482762,0.734807543694822,,0.0,-0.15749999999999992,0.0,2.96,1,0.0,0.2
Joe Lowry,9,2,0,0.07518896698050656,3.97,0.34,4.25,0.63,0.0,0.0,0.0,0.0,Welterweight,35.0,0.5769230769230766,0.3793103448275862,1.0314223887311695,,0.0,0.5175000000000001,0.0,0.0,11,0.8181818181818182,2.3636363636363638
Mikey Gonzalez,7,2,0,0.07518896698050656,0.91,0.16,14.55,0.11,0.0,0.0,0.0,0.0,Welterweight,39.0,0.6153846153846154,0.3793103448275862,1.0698839271927083,,0.0,-1.9065,0.0,0.0,9,0.7777777777777778,1.9555555555555557
Brian Houston,4,6,0,0.12027582548733588,1.9,0.35,3.67,0.53,0.95,1.0,0.87,0.0,Light Heavyweight,43.0,0.6674641148325355,0.48275862068965525,1.2704985610095267,4046.0,0.0,0.07399999999999995,0.5,1.3119999999999998,10,0.4,2.08
Tomomi Iwama,9,6,2,0.07518896698050656,1.0,0.2,3.0,0.7,0.0,0.0,0.0,0.0,Welterweight,38.13361169102296,0.5218723584108196,0.10344827586206903,0.7005096012533951,,0.0,-0.05499999999999994,0.0,0.0,17,0.5294117647058824,3.505882352941177
Paul Georgieff,6,2,0,0.09773239623392123,2.55,0.4,2.34,0.35,0.0,0.0,0.0,0.0,Middleweight,42.0,0.5968489341983318,0.48275862068965525,1.1773399511219083,,0.0,0.41900000000000004,0.0,0.0,8,0.75,1.75
Mark Schultz,1,1,0,0.14285240684259382,0.0,0.0,0.0,0.0,0.0,0.0,0.0,0.0,Light Heavyweight,41.277864992150704,0.6674641148325355,0.3103448275862067,1.120661349261336,,0.0,0.0,0.0,0.0,2,0.5,0.5
Gasan Umalatov,17,4,2,0.09773239623392123,2.23,0.39,4.1,0.59,0.75,0.17,0.9,0.0,Middleweight,42.0,0.5,0.3793103448275862,0.9770427410615075,3385.0,0.0,0.1090000000000001,0.0,0.8654999999999999,23,0.7391304347826086,4.747826086956522
Nate Moore,8,4,0,0.09773239623392123,2.21,0.25,2.87,0.42,1.23,0.16,0.25,0.0,Middleweight,39.515151515151516,0.5968489341983318,0.41379310344827575,1.1083744338805288,,0.0,0.235,0.0,1.279,12,0.6666666666666666,2.5333333333333337
Albert Cheng,7,4,0,0.09773239623392123,1.0,0.41,2.6,0.71,0.0,0.0,0.0,0.0,Middleweight,40.0,0.5968489341983318,0.3793103448275862,1.0738916752598393,4001.0,0.0,0.04849999999999999,0.0,0.0,11,0.6363636363636364,2.3272727272727276
Marc Diakiese,17,7,0,0.07518896698050656,2.54,0.4,2.64,0.52,3.29,0.43,0.66,0.0,Welterweight,31.0,0.5769230769230766,0.34482758620689663,0.9969396301104798,466.0,14.285714285714285,3.9684285714285714,0.21428571428571427,3.474071428571428,24,0.7083333333333334,4.941666666666667
Khalid Murtazaliev,14,2,0,0.12027582548733588,4.8,0.69,0.4,0.78,7.5,1.0,0.33,0.0,Light Heavyweight,31.0,0.6923076923076921,0.41379310344827575,1.2263766212433036,2342.0,100.0,26.395,0.0,7.683000000000001,16,0.875,3.375
Philip Preece,10,14,0,0.15037793396101312,0.8,0.72,0.7,0.63,0.0,0.0,0.0,0.0,Light Heavyweight,41.277864992150704,0.6674641148325355,0.2758620689655172,1.0937041177590658,,0.0,0.3335,0.0,0.0,24,0.4166666666666667,4.883333333333334
Ron Stallings,14,8,0,0.09773239623392123,3.22,0.6,3.26,0.51,0.0,0.0,0.71,0.0,Middleweight,42.0,0.6538461538461537,0.48275862068965525,1.2343371707697304,3448.0,0.0,0.5125000000000002,0.0,0.071,22,0.6363636363636364,4.527272727272727
Jai Herbert,12,5,1,0.07518896698050656,2.69,0.41,3.15,0.45,0.2,0.1,0.57,0.0,Welterweight,36.0,0.7307692307692308,0.4482758620689653,1.2542340598187027,193.0,42.857142857142854,11.063785714285713,0.14285714285714285,0.3077142857142857,18,0.6666666666666666,3.7333333333333334
Balajin,23,4,0,0.06013791274366793,1.4,0.33,2.73,0.5,2.0,0.2,0.66,0.0,Featherweight,32.0,0.5384615384615383,0.3103448275862067,0.9089442787914129,,0.0,0.08150000000000002,0.0,2.0959999999999996,27,0.8518518518518519,5.57037037037037
Jonatas Novaes,13,5,0,0.09773239623392123,0.0,0.0,0.0,0.0,0.0,0.0,0.0,0.0,Middleweight,39.515151515151516,0.5968489341983318,0.3793103448275862,1.0738916752598393,,0.0,0.0,0.0,0.0,18,0.7222222222222222,3.7444444444444445
Lucas Lopes,29,19,0,0.12027582548733588,0.0,0.0,0.0,0.0,0.0,0.0,0.0,0.0,Light Heavyweight,41.277864992150704,0.6674641148325355,0.48275862068965525,1.2704985610095267,,0.0,0.0,0.0,0.0,48,0.6041666666666666,9.720833333333335
Trey Houston,11,4,0,0.12027582548733588,0.0,0.0,0.0,0.0,0.0,0.0,0.0,0.0,Light Heavyweight,41.277864992150704,0.6674641148325355,0.3793103448275862,1.1670502851474576,,0.0,0.0,0.0,0.0,15,0.7333333333333333,3.1466666666666665
Sanford Alton Meeks,1,1,0,0.24058480307651503,0.71,0.42,4.47,0.38,7.06,0.25,0.0,0.0,Heavyweight,30.0,0.6538461538461537,0.5862068965517243,1.4806378534743931,,0.0,-0.352,0.0,7.097499999999999,2,0.5,0.5
Darrius Flowers,12,6,1,0.09773239623392123,4.19,0.56,7.02,0.4,1.7,0.33,1.0,0.0,Middleweight,30.0,0.5,0.3103448275862067,0.9080772238201279,214.0,0.0,0.16650000000000031,0.6666666666666666,2.016166666666667,19,0.631578947368421,3.9263157894736844
Shaun Etchell,7,3,0,0.030068956371833978,0.0,0.0,0.0,0.0,4.37,1.0,1.0,0.0,Flyweight,31.0,0.3846153846153846,0.24137931034482762,0.6560636513320461,,0.0,0.0,0.0,4.62,10,0.7,2.14
JunYoung Hong,11,7,1,0.06013791274366793,3.53,0.39,3.27,0.54,0.0,0.0,0.4,0.0,Featherweight,34.0,0.4230769230769229,0.2758620689655172,0.759076904786108,,0.0,0.5509999999999999,0.0,0.04000000000000001,19,0.5789473684210527,3.9157894736842107
Sultan Aliev,15,3,0,0.09773239623392123,1.41,0.45,2.2,0.56,1.76,0.38,1.0,0.0,Middleweight,40.0,0.6153846153846154,0.3793103448275862,1.0924273564461229,2125.0,25.0,6.4465,0.0,1.917,18,0.8333333333333334,3.7666666666666666
Damonte Robinson,6,1,1,0.07518896698050656,0.0,0.0,0.0,0.0,0.0,0.0,0.0,0.0,Welterweight,38.13361169102296,0.7307692307692308,0.41379310344827575,1.2197513011980132,,0.0,0.0,0.0,0.0,8,0.75,1.75
Jorgen Kruth,5,0,0,0.15037793396101312,0.0,0.0,0.0,0.0,0.0,0.0,0.0,0.0,Light Heavyweight,41.277864992150704,0.6674641148325355,0.48275862068965525,1.300600669483204,,0.0,0.0,0.0,0.0,5,1.0,1.2
Moti Horenstein,1,6,0,0.18797241745126642,0.0,0.0,0.0,0.0,0.0,0.0,0.0,0.0,Heavyweight,44.17465753424658,0.7320261437908496,0.5517241379310344,1.4717226991731502,,0.0,0.0,0.0,0.0,7,0.14285714285714285,1.4285714285714286
Sarah D'alelio,11,7,0,0.06013791274366793,2.4,0.33,0.0,1.0,0.0,0.0,1.0,0.0,Featherweight,35.8830242510699,0.4423076923076923,0.24137931034482762,0.7438249153961878,,0.0,0.816,0.0,0.1,18,0.6111111111111112,3.7222222222222223
Ashiek Ajim,6,2,0,0.045086858506829315,5.0,0.4,11.25,0.25,0.0,0.0,0.0,0.0,Featherweight,30.0,0.5,0.2758620689655172,0.8209489274723465,,0.0,-0.31999999999999984,0.0,0.0,8,0.75,1.75
Ludovit Klein,20,4,1,0.07518896698050656,3.49,0.54,3.53,0.53,1.52,0.45,0.83,0.0,Welterweight,29.0,0.5384615384615383,0.24137931034482762,0.8550298157868725,137.0,11.11111111111111,3.3082777777777777,0.1111111111111111,1.6982777777777776,25,0.8,5.16
Jose Barreto,0,1,0,0.12027582548733588,0.0,0.0,0.0,0.0,0.0,0.0,0.0,0.0,Light Heavyweight,41.277864992150704,0.6674641148325355,0.43297262375837825,1.2207125640782497,,0.0,0.0,0.0,0.0,1,0.0,0.2
Vinicius Cenci,7,2,0,0.07518896698050656,2.9,0.48,2.69,0.62,1.61,0.5,0.0,0.0,Welterweight,29.0,0.6153846153846154,0.4482758620689653,1.1388494444340873,,0.0,0.5105,0.0,1.685,9,0.7777777777777778,1.9555555555555557
Richie Santiago,7,2,0,0.045086858506829315,3.87,0.49,4.87,0.42,0.0,0.0,0.25,0.0,Featherweight,32.0,0.34615384615384626,0.24137931034482762,0.6326200150055032,,0.0,0.398,0.0,0.025,9,0.7777777777777778,1.9555555555555557
Scott Morris,2,1,0,0.1578703089775892,0.0,0.0,0.0,0.0,0.0,0.0,0.0,0.0,Heavyweight,44.17465753424658,0.7320261437908496,0.34482758620689663,1.2347240389753353,,0.0,0.0,0.0,0.0,3,0.6666666666666666,0.7333333333333334
Maiju Kujala,6,3,0,0.045086858506829315,2.5,0.4,5.5,0.36,0.0,0.0,0.5,0.0,Featherweight,35.8830242510699,0.4423076923076923,0.2688069758224335,0.7562015266369551,,0.0,-0.06599999999999984,0.0,0.05,9,0.6666666666666666,1.9333333333333333
Antony Rea,33,15,0,0.15037793396101312,2.89,0.28,5.42,0.42,0.0,0.0,1.0,0.0,Light Heavyweight,48.0,0.6674641148325355,0.41379310344827575,1.2316351522418243,,0.0,0.028500000000000192,0.0,0.1,48,0.6875,9.7375
Nick Penner,11,3,0,0.15037793396101312,1.25,0.3,4.6,0.38,0.0,0.0,0.4,0.0,Light Heavyweight,44.0,0.6674641148325355,0.5517241379310344,1.369566186724583,4443.0,100.0,24.7395,0.0,0.04000000000000001,14,0.7857142857142857,2.9571428571428573
Christian Aguilera,14,8,0,0.09773239623392123,2.54,0.37,4.04,0.48,0.0,0.0,0.6,0.0,Middleweight,33.0,0.5384615384615383,0.3103448275862067,0.9465387622816662,1376.0,33.33333333333333,8.508333333333333,0.3333333333333333,0.1433333333333333,22,0.6363636363636364,4.527272727272727
Mario Soto,7,2,0,0.06013791274366793,1.43,0.23,5.23,0.42,0.0,0.0,0.0,0.0,Featherweight,35.8830242510699,0.4423076923076923,0.41379310344827575,0.916238708499636,,0.0,-0.3180000000000001,0.0,0.0,9,0.7777777777777778,1.9555555555555557
Gerald Harris,23,5,0,0.12027582548733588,1.41,0.29,1.58,0.62,2.96,0.54,0.72,0.0,Light Heavyweight,45.0,0.7307692307692308,0.3793103448275862,1.2303554010841529,5198.0,33.33333333333333,8.599833333333333,0.3333333333333333,3.1963333333333335,28,0.8214285714285714,5.764285714285715
Rubin Williams,0,1,0,0.12027582548733588,0.0,0.0,1.39,0.6,0.0,0.0,0.0,0.0,Light Heavyweight,48.0,0.6674641148325355,0.4482758620689653,1.2360158023888368,,0.0,-0.1185,0.0,0.0,1,0.0,0.2
Steve Mann,12,5,0,0.09773239623392123,3.18,0.7,0.66,0.57,1.64,1.0,0.6,0.0,Middleweight,39.515151515151516,0.5968489341983318,0.4482758620689653,1.1428571925012183,,0.0,0.9215,0.0,1.8499999999999999,17,0.7058823529411765,3.5411764705882356
Alessandro Costa,13,4,0,0.030068956371833978,3.75,0.46,3.61,0.56,0.31,0.16,0.9,0.0,Flyweight,29.0,0.34615384615384626,0.1379310344827586,0.5141538370084389,284.0,75.0,19.322000000000003,0.0,0.42400000000000004,17,0.7647058823529411,3.5529411764705885
Michael Bravo,7,4,0,0.07518896698050656,0.0,0.0,0.0,0.0,0.0,0.0,0.0,0.0,Welterweight,38.13361169102296,0.5218723584108196,0.3329867729451857,0.9300480983365118,,0.0,0.0,0.0,0.0,11,0.6363636363636364,2.3272727272727276
Alexander Morgan,11,5,0,0.06013791274366793,3.71,0.44,2.78,0.47,0.0,0.0,0.0,0.0,Featherweight,33.0,0.5,0.34482758620689663,0.9049654989505646,,0.0,0.669,0.0,0.0,16,0.6875,3.3375000000000004
Abdul-Kareem Al-Selwady,15,3,0,0.07518896698050656,4.6,0.28,3.6,0.61,1.0,0.16,0.0,0.0,Welterweight,29.0,0.4230769230769229,0.2758620689655172,0.7741279590229466,347.0,100.0,25.7575,0.0,1.024,18,0.8333333333333334,3.7666666666666666
Chris Amarante,2,0,0,0.12027582548733588,0.0,0.0,0.0,0.0,0.0,0.0,0.0,0.0,Light Heavyweight,41.277864992150704,0.6674641148325355,0.43297262375837825,1.2207125640782497,,0.0,0.0,0.0,0.0,2,1.0,0.6000000000000001
Marc Stevens,21,10,0,0.07518896698050656,0.45,0.26,1.79,0.46,0.0,0.0,0.0,0.0,Welterweight,38.13361169102296,0.5218723584108196,0.3103448275862067,0.9074061529775328,,0.0,-0.035,0.0,0.0,31,0.6774193548387096,6.335483870967742
Danny Navarro,17,7,0,0.07518896698050656,3.83,0.32,4.62,0.57,2.17,0.25,1.0,0.0,Welterweight,38.13361169102296,0.5218723584108196,0.34482758620689663,0.9418889115982227,,0.0,0.41400000000000003,0.0,2.3075,24,0.7083333333333334,4.941666666666667
David Dodd,4,7,0,0.14285240684259382,0.0,0.0,0.0,0.0,0.0,0.0,0.0,0.0,Light Heavyweight,51.0,0.6674641148325355,0.48275862068965525,1.2930751423647846,,0.0,0.0,0.0,0.0,11,0.36363636363636365,2.272727272727273
Elves Brener,16,3,0,0.07518896698050656,4.64,0.46,5.05,0.55,0.93,0.2,0.85,0.0,Welterweight,27.0,0.5384615384615383,0.34482758620689663,0.9584780916489415,193.0,60.0,15.576999999999998,0.0,1.0450000000000002,19,0.8421052631578947,3.9684210526315793
Ivan Valenzuela,8,2,0,0.12027582548733588,0.0,0.0,9.6,0.33,0.0,0.0,0.0,0.0,Light Heavyweight,32.0,0.7307692307692308,0.48275862068965525,1.3338036769462218,,0.0,-1.3904999999999998,0.0,0.0,10,0.8,2.16
Chelsea Hackett,3,1,1,0.030068956371833978,2.58,0.51,4.85,0.46,0.0,0.0,0.57,0.0,Flyweight,26.0,0.3076923076923075,0.1379310344827586,0.4756922985469001,,0.0,0.08850000000000013,0.0,0.056999999999999995,5,0.6,1.12
CJ Keith,8,4,0,0.07518896698050656,0.86,0.5,1.82,0.5,0.0,0.0,0.62,0.0,Welterweight,38.0,0.5218723584108196,0.41379310344827575,1.0108544288396017,4407.0,50.0,12.617,0.5,0.187,12,0.6666666666666666,2.5333333333333337
Bryanna Fissori,2,4,0,0.06013791274366793,1.4,0.46,1.2,0.57,2.0,0.25,0.5,0.0,Featherweight,35.8830242510699,0.4423076923076923,0.1379310344827586,0.6403766395341188,,0.0,0.3475,0.0,2.0875,6,0.3333333333333333,1.2666666666666668
Jeff Molina,11,2,0,0.030068956371833978,7.25,0.48,5.04,0.55,0.0,0.0,0.66,0.0,Flyweight,27.0,0.4230769230769229,0.20689655172413768,0.6600424311728945,984.0,33.33333333333333,9.568333333333332,0.0,0.066,13,0.8461538461538461,2.769230769230769
Dean Barry,4,2,0,0.09773239623392123,9.31,0.4,4.66,0.51,0.0,0.0,1.0,0.0,Middleweight,32.0,0.5384615384615383,0.34482758620689663,0.9810215209023562,1026.0,0.0,1.7850000000000001,0.0,0.1,6,0.6666666666666666,1.3333333333333335
Norifumi Yamamoto,18,6,0,0.045086858506829315,2.09,0.45,2.01,0.57,0.41,0.22,0.45,0.0,Featherweight,47.0,0.3076923076923075,0.1379310344827586,0.4907102006818954,4736.0,0.0,0.3965,0.3333333333333333,0.5713333333333332,24,0.75,4.950000000000001
Bryan Humes,6,2,0,0.24058480307651503,0.0,0.0,0.0,0.0,0.0,0.0,0.0,0.0,Heavyweight,44.17465753424658,0.7320261437908496,0.4813494694960208,1.4539604163633855,,0.0,0.0,0.0,0.0,8,0.75,1.75
Crezio de Souza,1,2,0,0.09773239623392123,0.0,0.0,0.0,0.0,0.0,0.0,0.0,0.0,Middleweight,39.515151515151516,0.5968489341983318,0.3835561420620804,1.0781374724943333,,0.0,0.0,0.0,0.0,3,0.3333333333333333,0.6666666666666667
Wuziazibieke Jiahefu,29,12,1,0.06013791274366793,0.41,0.5,2.84,0.41,6.08,0.5,0.0,0.0,Featherweight,34.0,0.4615384615384617,0.3103448275862067,0.8320212018683363,,0.0,-0.16199999999999998,0.0,6.155,42,0.6904761904761905,8.538095238095238
Rulon Gardner,1,0,0,0.24058480307651503,2.05,0.25,1.45,0.6,0.75,1.0,1.0,0.0,Heavyweight,53.0,0.7320261437908496,0.5172413793103448,1.4898523261777092,,0.0,0.43499999999999994,0.0,1.0,1,1.0,0.4
Cortez Coleman,13,8,0,0.12027582548733588,0.0,0.0,0.0,0.0,0.0,0.0,0.0,0.0,Light Heavyweight,41.277864992150704,0.6674641148325355,0.4482758620689653,1.2360158023888368,,0.0,0.0,0.0,0.0,21,0.6190476190476191,4.323809523809524
Aalon Cruz,8,4,0,0.06013791274366793,7.58,0.39,8.88,0.58,0.0,0.0,0.0,0.0,Featherweight,35.0,0.7692307692307692,0.41379310344827575,1.2431617854227128,1439.0,50.0,13.228,0.0,0.0,12,0.6666666666666666,2.5333333333333337
Paul Capaldo,6,0,0,0.045086858506829315,0.0,0.0,0.0,0.0,0.0,0.0,0.0,0.0,Featherweight,35.8830242510699,0.4423076923076923,0.24137931034482762,0.7287738611593493,,0.0,0.0,0.0,0.0,6,1.0,1.4000000000000001
Yoji Anjo,0,5,1,0.15037793396101312,0.0,0.0,3.13,0.25,0.0,0.0,0.0,0.0,Light Heavyweight,57.0,0.6674641148325355,0.3793103448275862,1.1971523936211348,,0.0,-0.432,0.0,0.0,6,0.0,1.2000000000000002
Ricky Legere Jr.,14,4,0,0.09773239623392123,1.07,0.41,1.53,0.6,5.0,0.41,0.0,0.0,Middleweight,39.515151515151516,0.5968489341983318,0.2758620689655172,0.9704433993977702,,0.0,0.21000000000000002,0.0,5.0615,18,0.7777777777777778,3.7555555555555555
Luciano Pereira,13,1,0,0.030068956371833978,0.0,0.0,0.0,0.0,0.0,0.0,0.0,0.0,Flyweight,24.0,0.34781884781884764,0.1997023071198213,0.5775901113105029,,0.0,0.0,0.0,0.0,14,0.9285714285714286,2.9857142857142858
Aaron Brink,26,26,0,0.15037793396101312,3.49,0.42,5.71,0.57,0.0,0.0,0.0,0.0,Light Heavyweight,50.0,0.6674641148325355,0.5172413793103448,1.3350834281038935,,0.0,0.1855000000000001,0.0,0.0,52,0.5,10.5
Diego Henrique da Silva,8,4,0,0.12027582548733588,2.53,0.57,3.27,0.3,0.0,0.0,0.63,0.0,Light Heavyweight,38.0,0.6674641148325355,0.48275862068965525,1.2704985610095267,,0.0,0.301,0.0,0.063,12,0.6666666666666666,2.5333333333333337
Jesse Jones,2,1,0,0.09773239623392123,0.0,0.0,0.0,0.0,0.0,0.0,0.0,0.0,Middleweight,39.515151515151516,0.5968489341983318,0.3103448275862067,1.0049261580184599,,0.0,0.0,0.0,0.0,3,0.6666666666666666,0.7333333333333334
Trent Jenkins,0,4,0,0.12027582548733588,0.0,0.0,0.0,0.0,0.0,0.0,0.0,0.0,Light Heavyweight,41.277864992150704,0.6674641148325355,0.48275862068965525,1.2704985610095267,,0.0,0.0,0.0,0.0,4,0.0,0.8
Timo Feucht,8,1,0,0.15037793396101312,0.0,0.0,0.0,0.0,0.0,0.0,0.0,0.0,Light Heavyweight,29.0,0.8076923076923075,0.5172413793103448,1.4753116209636654,,0.0,0.0,0.0,0.0,9,0.8888888888888888,1.9777777777777779
Garrett Mueller,3,3,0,0.045086858506829315,0.0,0.0,0.0,0.0,0.0,0.0,0.0,0.0,Featherweight,35.8830242510699,0.4423076923076923,0.3103448275862067,0.7977393784007283,,0.0,0.0,0.0,0.0,6,0.5,1.3000000000000003
Ryan Tobar,3,3,0,0.07518896698050656,0.0,0.0,0.0,0.0,0.0,0.0,0.0,0.0,Welterweight,38.13361169102296,0.5218723584108196,0.3329867729451857,0.9300480983365118,,0.0,0.0,0.0,0.0,6,0.5,1.3000000000000003
Koji Oishi,25,10,10,0.09773239623392123,1.43,0.09,17.86,0.43,0.0,0.0,0.0,0.0,Middleweight,47.0,0.5968489341983318,0.2758620689655172,0.9704433993977702,,0.0,-2.239,0.0,0.0,45,0.5555555555555556,9.11111111111111
Rob Sinclair,13,5,0,0.07518896698050656,1.2,0.33,1.73,0.73,0.0,0.0,0.5,0.0,Welterweight,38.13361169102296,0.5218723584108196,0.2758620689655172,0.8729233943568433,,0.0,0.21599999999999997,0.0,0.05,18,0.7222222222222222,3.7444444444444445
Caio Bittencourt,14,7,0,0.12027582548733588,0.29,0.16,0.57,0.33,0.0,0.0,0.0,0.0,Light Heavyweight,33.0,0.6538461538461537,0.41379310344827575,1.1879150827817653,,0.0,0.0685,0.0,0.0,21,0.6666666666666666,4.333333333333334
Muslim Salikhov,19,4,0,0.09773239623392123,3.37,0.51,2.91,0.62,1.31,0.4,0.73,0.0,Middleweight,40.0,0.4615384615384617,0.3793103448275862,0.9385812025999691,81.0,50.0,13.100999999999999,0.08333333333333333,1.4638333333333333,23,0.8260869565217391,4.765217391304349
Yosuke Nishijima,0,5,0,0.15037793396101312,1.72,0.37,5.59,0.56,0.0,0.0,0.0,0.0,Light Heavyweight,51.0,0.6674641148325355,0.3103448275862067,1.1281868763797553,,0.0,-0.25049999999999994,0.0,0.0,5,0.0,1.0
Michael McDonald,1,1,0,0.15037793396101312,0.0,0.0,0.4,0.5,0.0,0.0,0.0,0.0,Light Heavyweight,60.0,0.6674641148325355,0.3793103448275862,1.1971523936211348,3136.0,33.33333333333333,8.348333333333331,0.4444444444444444,0.1111111111111111,2,0.5,0.5
Rafael Carino,2,1,1,0.21051584670468107,0.0,0.0,0.0,0.0,0.0,0.0,0.0,0.0,Heavyweight,44.17465753424658,0.7320261437908496,0.6896551724137929,1.6321971629093235,,0.0,0.0,0.0,0.0,4,0.5,0.9
Jeremy Kennedy,11,1,0,0.06013791274366793,2.22,0.46,2.58,0.47,5.73,0.52,0.66,0.0,Featherweight,32.0,0.5,0.3793103448275862,0.9394482575712542,2559.0,25.0,6.580500000000001,0.0,5.8740000000000006,12,0.9166666666666666,2.583333333333334
Luis Ramos,20,10,2,0.09773239623392123,2.4,0.35,5.6,0.42,1.5,0.2,1.0,0.0,Middleweight,44.0,0.5968489341983318,0.2758620689655172,0.9704433993977702,4618.0,100.0,24.893,0.0,1.6300000000000001,32,0.625,6.525
Eric Steenberg,5,1,0,0.07518896698050656,0.0,0.0,0.0,0.0,0.0,0.0,0.0,0.0,Welterweight,38.13361169102296,0.5218723584108196,0.3329867729451857,0.9300480983365118,,0.0,0.0,0.0,0.0,6,0.8333333333333334,1.366666666666667
Hugo Duarte,6,3,0,0.20299031958626176,0.0,0.0,0.0,0.0,0.0,0.0,0.0,0.0,Heavyweight,56.0,0.7320261437908496,0.41379310344827575,1.3488095668253872,,0.0,0.0,0.0,0.0,9,0.6666666666666666,1.9333333333333333
Andre Fialho,16,8,0,0.09773239623392123,3.3,0.41,6.26,0.45,0.25,1.0,0.66,0.0,Middleweight,30.0,0.6153846153846154,0.41379310344827575,1.1269101150668124,508.0,85.71428571428571,21.464071428571426,0.0,0.466,24,0.6666666666666666,4.9333333333333345
Igor Da Silva,8,0,0,0.030068956371833978,9.85,0.55,4.86,0.47,9.85,1.0,0.0,0.0,Flyweight,21.0,0.4230769230769229,0.24137931034482762,0.6945251897935845,,0.0,1.9139999999999997,0.0,10.0,8,1.0,1.8
Sam Oropeza,13,3,0,0.09773239623392123,7.68,0.56,1.44,0.7,3.6,0.33,1.0,0.0,Middleweight,39.515151515151516,0.5968489341983318,0.48275862068965525,1.1773399511219083,,0.0,1.921,0.0,3.7495000000000003,16,0.8125,3.3625000000000003
Frank Lester,11,6,0,0.09773239623392123,2.18,0.36,3.82,0.53,0.0,0.0,0.0,0.0,Middleweight,40.0,0.5968489341983318,0.3793103448275862,1.0738916752598393,,0.0,0.12350000000000005,0.0,0.0,17,0.6470588235294118,3.5294117647058827
Steven Nguyen,9,1,0,0.06013791274366793,8.29,0.43,7.49,0.63,0.0,0.0,0.83,0.0,Featherweight,31.0,0.5769230769230766,0.3793103448275862,1.0163713344943308,326.0,0.0,1.1294999999999997,0.0,0.083,10,0.9,2.18
Maiara Amanajas dos Santos,7,3,0,0.01501790213499534,5.53,0.35,24.47,0.33,0.0,0.0,1.0,0.0,Strawweight,37.0,0.21923076923076928,0.17241379310344812,0.4066624644692127,,0.0,-2.1684999999999994,0.0,0.1,10,0.7,2.14
Wagner Campos,12,10,0,0.06013791274366793,1.54,0.41,2.53,0.51,2.71,1.0,0.0,0.0,Featherweight,43.0,0.4423076923076923,0.20689655172413768,0.7093421567754978,4617.0,100.0,25.164,0.0,2.86,22,0.5454545454545454,4.50909090909091
Koichiro Matsumoto,15,3,1,0.06013791274366793,1.9,0.26,3.5,0.31,0.0,0.0,0.0,0.0,Featherweight,35.8830242510699,0.4423076923076923,0.24137931034482762,0.7438249153961878,,0.0,0.04849999999999999,0.0,0.0,19,0.7894736842105263,3.9578947368421056
Dan Severn,101,19,1,0.21804137382310043,0.0,0.0,0.0,0.0,0.0,0.0,0.0,0.0,Heavyweight,66.0,0.7320261437908496,0.48275862068965525,1.4328261383036054,,0.0,0.0,0.0,0.0,121,0.8347107438016529,24.366942148760334
Josh Clopton,6,2,1,0.06013791274366793,1.6,0.64,2.87,0.5,2.0,0.66,0.75,0.0,Featherweight,43.0,0.4423076923076923,0.20689655172413768,0.7093421567754978,4211.0,0.0,0.1725,0.0,2.1740000000000004,9,0.6666666666666666,1.9333333333333333
Damion Douglas,4,1,0,0.09773239623392123,0.0,0.0,0.0,0.0,0.0,0.0,0.0,0.0,Middleweight,39.515151515151516,0.5968489341983318,0.3835561420620804,1.0781374724943333,,0.0,0.0,0.0,0.0,5,0.8,1.1600000000000001
Eduardo Torres Caut,16,2,0,0.045086858506829315,1.1,0.34,1.24,0.65,2.06,0.33,0.5,0.0,Featherweight,29.0,0.4615384615384617,0.24137931034482762,0.7480046303901187,,0.0,0.2545,0.0,2.1595,18,0.8888888888888888,3.7777777777777777
Omar Morales,11,4,0,0.07518896698050656,3.42,0.4,3.18,0.58,0.46,1.0,0.63,0.0,Welterweight,39.0,0.5769230769230766,0.3793103448275862,1.0314223887311695,697.0,16.666666666666664,4.711666666666666,0.16666666666666666,0.7146666666666667,15,0.7333333333333333,3.1466666666666665
Brandon Foxworth,18,4,0,0.06013791274366793,1.33,0.32,4.59,0.5,0.0,0.0,0.0,0.0,Featherweight,45.0,0.4423076923076923,0.3793103448275862,0.8817559498789465,,0.0,-0.21699999999999997,0.0,0.0,22,0.8181818181818182,4.563636363636364
Cortavious Romious,7,2,0,0.045086858506829315,14.48,0.31,20.69,0.41,0.0,0.0,0.0,0.0,Featherweight,31.0,0.3846153846153846,0.1379310344827586,0.5676332776049725,95.0,0.0,0.6400000000000001,0.0,0.0,9,0.7777777777777778,1.9555555555555557
Joe Warren,15,6,0,0.045086858506829315,2.15,0.46,2.39,0.52,6.14,0.46,0.6,0.0,Featherweight,48.0,0.4423076923076923,0.20689655172413768,0.6942911025386593,,0.0,0.3489999999999999,0.0,6.268999999999999,21,0.7142857142857143,4.342857142857143
George Hardwick,12,2,0,0.07518896698050656,3.6,0.38,4.6,0.71,0.0,0.0,0.83,0.0,Welterweight,28.0,0.5384615384615383,0.34482758620689663,0.9584780916489415,,0.0,0.39250000000000007,0.0,0.083,14,0.8571428571428571,2.9714285714285715
Dante Rivera,16,7,0,0.12027582548733588,2.27,0.53,4.0,0.25,0.0,0.0,0.16,0.0,Light Heavyweight,50.0,0.6674641148325355,0.4482758620689653,1.2360158023888368,,0.0,0.11099999999999999,0.0,0.016,23,0.6956521739130435,4.739130434782609
Bill Duvall,1,2,0,0.12027582548733588,0.0,0.0,2.4,0.4,0.0,0.0,0.0,0.0,Light Heavyweight,41.277864992150704,0.6674641148325355,0.48275862068965525,1.2704985610095267,,0.0,-0.3,0.0,0.0,3,0.3333333333333333,0.6666666666666667
Ben Earwood,12,3,0,0.09773239623392123,0.5,0.55,0.2,0.33,3.0,1.0,0.0,0.0,Middleweight,39.515151515151516,0.5968489341983318,0.2758620689655172,0.9704433993977702,,0.0,0.25450000000000006,0.0,3.15,15,0.8,3.16
Andy Murad,15,2,0,0.12027582548733588,2.6,0.76,2.87,0.32,1.0,0.2,0.42,0.0,Light Heavyweight,41.277864992150704,0.6674641148325355,0.3103448275862067,1.0980847679060781,,0.0,0.4195000000000001,0.0,1.072,17,0.8823529411764706,3.5764705882352943
Sovannahry Em,3,1,0,0.045086858506829315,0.0,0.0,0.0,0.0,0.0,0.0,0.0,0.0,Featherweight,35.8830242510699,0.4423076923076923,0.1379310344827586,0.6253255852972802,,0.0,0.0,0.0,0.0,4,0.75,0.9500000000000001
Nad Narimani,12,4,0,0.06013791274366793,3.33,0.42,3.0,0.58,1.92,0.41,0.7,0.0,Featherweight,37.0,0.4615384615384617,0.2758620689655172,0.7975384432476468,1670.0,25.0,6.8035,0.0,2.0515,16,0.75,3.35
Craig Oxley,0,3,0,0.07518896698050656,0.0,0.0,0.0,0.0,0.0,0.0,0.0,0.0,Welterweight,38.13361169102296,0.5218723584108196,0.3103448275862067,0.9074061529775328,,0.0,0.0,0.0,0.0,3,0.0,0.6000000000000001
Jeremy Kimball,15,8,0,0.15037793396101312,2.81,0.46,3.84,0.49,1.41,0.2,0.5,0.0,Light Heavyweight,34.0,0.5384615384615383,0.41379310344827575,1.1026325758708273,2397.0,75.0,19.041999999999998,0.25,1.5525,23,0.6521739130434783,4.730434782608696
Josh Stuart,1,4,0,0.08268134199708259,0.0,0.0,0.0,0.0,0.0,0.0,0.0,0.0,Welterweight,38.13361169102296,0.5218723584108196,0.3103448275862067,0.9148985279941089,,0.0,0.0,0.0,0.0,5,0.2,1.04
Javi Alanis,0,4,0,0.045086858506829315,0.0,0.0,0.0,0.0,0.0,0.0,0.0,0.0,Featherweight,35.8830242510699,0.4423076923076923,0.20689655172413768,0.6942911025386593,,0.0,0.0,0.0,0.0,4,0.0,0.8
Iliarde Santos,30,13,1,0.030068956371833978,3.0,0.3,6.1,0.57,1.66,0.23,0.83,0.0,Flyweight,44.0,0.34615384615384626,0.17241379310344812,0.5486365956291284,4144.0,66.66666666666666,16.647166666666664,0.0,1.7774999999999999,44,0.6818181818181818,8.936363636363637
Bogdan Guskov,14,3,0,0.15037793396101312,2.12,0.32,6.9,0.43,0.0,0.0,0.0,0.0,Light Heavyweight,32.0,0.6923076923076921,0.5172413793103448,1.35992700557905,291.0,66.66666666666666,16.290166666666664,0.3333333333333333,0.08333333333333333,17,0.8235294117647058,3.5647058823529414
Yoshinori Horie,8,2,0,0.06013791274366793,2.76,0.49,5.65,0.48,0.0,0.0,0.0,0.0,Featherweight,29.0,0.4615384615384617,0.2758620689655172,0.7975384432476468,2027.0,100.0,25.0125,0.0,0.0,10,0.8,2.16
Karl Williams,9,1,0,0.19546479246784249,2.93,0.49,1.8,0.62,4.0,0.46,1.0,0.0,Heavyweight,35.0,0.8076923076923075,0.5172413793103448,1.5203984794704948,186.0,0.0,0.6535,0.0,4.169,10,0.9,2.18
Colley  Bradford,0,1,0,0.06013791274366793,0.43,0.25,1.73,0.5,19.42,0.5,1.0,0.0,Featherweight,35.8830242510699,0.4423076923076923,0.24137931034482762,0.7438249153961878,,0.0,-0.027000000000000024,0.0,19.595000000000002,1,0.0,0.2
Zane Frazier,4,11,0,0.21804137382310043,0.0,0.0,0.0,0.0,0.0,0.0,0.0,0.0,Heavyweight,44.17465753424658,0.7320261437908496,0.5862068965517243,1.5362744141656743,,0.0,0.0,0.0,0.0,15,0.26666666666666666,3.0533333333333332
Lucas Almeida,14,2,0,0.06013791274366793,5.29,0.47,5.29,0.45,0.0,0.0,0.4,0.0,Featherweight,34.0,0.5,0.3793103448275862,0.9394482575712542,242.0,50.0,13.1905,0.25,0.10250000000000001,16,0.875,3.375
Joe Martin,6,8,0,0.09773239623392123,0.73,0.4,2.4,0.45,0.0,0.0,0.16,0.0,Middleweight,39.515151515151516,0.5968489341983318,0.3103448275862067,1.0049261580184599,,0.0,-0.02999999999999997,0.0,0.016,14,0.42857142857142855,2.885714285714286
Zachary Micklewright,15,3,0,0.07518896698050656,5.56,0.53,4.72,0.54,0.7,0.12,1.0,0.0,Welterweight,48.0,0.6153846153846154,0.41379310344827575,1.1043666858133978,,0.0,0.869,0.0,0.818,18,0.8333333333333334,3.7666666666666666
Romie Aram,7,1,0,0.09773239623392123,1.8,0.35,2.83,0.5,2.5,0.62,0.83,0.0,Middleweight,47.0,0.5968489341983318,0.34482758620689663,1.0394089166391498,,0.0,0.17049999999999998,0.0,2.676,8,0.875,1.7750000000000001
Junior Tafa,5,1,0,0.20299031958626176,1.83,0.4,0.55,0.76,0.0,0.0,0.84,0.0,Heavyweight,28.0,0.6538461538461537,0.5172413793103448,1.3740778527427602,123.0,60.0,15.569,0.2,0.134,6,0.8333333333333334,1.366666666666667
Askar Mozharov,19,13,0,0.15037793396101312,0.43,0.18,4.07,0.13,0.0,0.0,0.33,0.0,Light Heavyweight,30.0,0.6153846153846154,0.5172413793103448,1.2830039286559733,984.0,100.0,24.552500000000002,0.0,0.033,32,0.59375,6.518750000000001
Milco Voorn,20,11,1,0.1729213632144278,0.0,0.0,0.0,1.0,0.0,0.0,0.0,0.0,Heavyweight,44.17465753424658,0.7320261437908496,0.4813494694960208,1.3862969765012982,,0.0,0.15,0.0,0.0,32,0.625,6.525
Jakob Lovstad,11,4,0,0.15037793396101312,0.0,0.0,9.43,0.35,0.0,0.0,0.0,0.0,Light Heavyweight,41.277864992150704,0.6674641148325355,0.5172413793103448,1.3350834281038935,,0.0,-1.3619999999999999,0.0,0.0,15,0.7333333333333333,3.1466666666666665
Brendson Ribeiro,15,5,0,0.15037793396101312,8.46,0.46,5.29,0.64,0.0,0.0,0.0,0.0,Light Heavyweight,28.0,0.8846153846153846,0.5172413793103448,1.5522346978867425,102.0,33.33333333333333,9.842833333333333,0.0,0.0,20,0.75,4.15
James Wade,4,11,0,0.15037793396101312,0.0,0.0,0.0,0.0,0.0,0.0,0.0,0.0,Light Heavyweight,41.277864992150704,0.6674641148325355,0.34482758620689663,1.1626696350004453,,0.0,0.0,0.0,0.0,15,0.26666666666666666,3.0533333333333332
Shayilan Nuerdanbieke,39,11,0,0.06013791274366793,2.28,0.45,2.94,0.5,2.9,0.33,0.4,0.0,Featherweight,30.0,0.4230769230769229,0.2758620689655172,0.759076904786108,242.0,33.33333333333333,8.62733333333333,0.16666666666666666,3.0311666666666666,50,0.78,10.156
Victor Altamirano,12,3,0,0.030068956371833978,5.0,0.57,3.99,0.53,2.12,0.25,0.63,0.0,Flyweight,34.0,0.4615384615384617,0.2758620689655172,0.7674694868758128,137.0,16.666666666666664,5.011666666666667,0.0,2.2205000000000004,15,0.8,3.16
Ricky Camp,11,4,0,0.045086858506829315,0.0,0.0,0.0,0.0,0.0,0.0,0.0,0.0,Featherweight,35.8830242510699,0.4423076923076923,0.24137931034482762,0.7287738611593493,,0.0,0.0,0.0,0.0,15,0.7333333333333333,3.1466666666666665
Kyle Watson,13,8,1,0.07518896698050656,3.67,0.35,3.25,0.62,0.0,0.0,1.0,0.0,Welterweight,45.0,0.5218723584108196,0.41379310344827575,1.0108544288396017,5037.0,50.0,13.093,0.0,0.1,22,0.5909090909090909,4.5181818181818185
Justin Governale,5,5,0,0.06013791274366793,0.0,0.0,0.0,0.0,0.0,0.0,0.0,0.0,Featherweight,35.8830242510699,0.4423076923076923,0.2688069758224335,0.7712525808737938,,0.0,0.0,0.0,0.0,10,0.5,2.1
Sam Adkins,7,20,2,0.1804468903328471,0.0,0.0,0.0,0.0,0.0,0.0,0.0,0.0,Heavyweight,59.0,0.7320261437908496,0.5172413793103448,1.4297144134340414,,0.0,0.0,0.0,0.0,29,0.2413793103448276,5.8482758620689665
Mike Bencic,1,2,0,0.16539583609600847,0.0,0.0,3.32,0.53,0.0,0.0,0.0,0.0,Heavyweight,44.17465753424658,0.7320261437908496,0.41379310344827575,1.3112150833351337,,0.0,-0.4184999999999999,0.0,0.0,3,0.3333333333333333,0.6666666666666667
Marcelo Rojo,16,10,0,0.06013791274366793,4.92,0.39,6.42,0.55,0.46,0.5,0.66,0.0,Featherweight,36.0,0.5,0.2758620689655172,0.8359999817091851,802.0,33.33333333333333,8.760833333333332,0.3333333333333333,0.6843333333333333,26,0.6153846153846154,5.323076923076924
Sergey Morozov,19,5,0,0.045086858506829315,3.01,0.43,2.97,0.61,3.63,0.31,0.68,0.0,Featherweight,35.0,0.34615384615384626,0.20689655172413768,0.5981372563848133,788.0,0.0,0.48449999999999993,0.2,3.7944999999999998,24,0.7916666666666666,4.958333333333334
Leah Letson,5,3,0,0.06013791274366793,3.06,0.41,3.84,0.52,0.51,0.5,0.76,0.0,Featherweight,32.0,0.5,0.24137931034482762,0.8015172230884955,1187.0,50.0,12.849,0.0,0.661,8,0.625,1.725
Talita Alencar,4,0,1,0.01501790213499534,2.33,0.38,5.8,0.42,4.0,0.16,0.0,0.0,Strawweight,34.0,0.0,0.03448275862068955,0.04950066075568489,186.0,0.0,-0.14849999999999997,0.0,4.024,5,0.8,1.1600000000000001
Salim Touahri,10,4,0,0.09773239623392123,2.6,0.46,2.87,0.58,0.0,0.0,0.83,0.0,Middleweight,35.0,0.5384615384615383,0.34482758620689663,0.9810215209023562,2020.0,0.0,0.39849999999999997,0.0,0.083,14,0.7142857142857143,2.942857142857143
Dmitrii Smoliakov,9,3,0,0.2225500596737833,1.44,0.42,3.81,0.55,0.0,0.0,0.75,0.0,Heavyweight,42.0,0.6153846153846154,0.48275862068965525,1.320693295748054,2118.0,66.66666666666666,16.621666666666663,0.3333333333333333,0.15833333333333333,12,0.75,2.5500000000000003
Jamal Pogues,10,4,0,0.15037793396101312,3.12,0.42,4.25,0.52,3.0,0.48,0.66,0.0,Light Heavyweight,29.0,0.7307692307692308,0.5172413793103448,1.3983885440405888,375.0,0.0,0.3045,0.0,3.138,14,0.7142857142857143,2.942857142857143
Pete Rogers Jr.,2,4,0,0.06013791274366793,0.66,0.15,1.71,0.65,0.0,0.0,0.0,0.0,Featherweight,35.8830242510699,0.4423076923076923,0.41379310344827575,0.916238708499636,,0.0,0.035999999999999976,0.0,0.0,6,0.3333333333333333,1.2666666666666668
Aaron Lanfranco,5,1,0,0.07518896698050656,0.0,0.0,0.0,0.0,0.0,0.0,0.0,0.0,Welterweight,38.13361169102296,0.5218723584108196,0.3329867729451857,0.9300480983365118,,0.0,0.0,0.0,0.0,6,0.8333333333333334,1.366666666666667
Malik Lewis,6,2,0,0.07518896698050656,4.16,0.45,5.66,0.4,3.98,0.4,0.5,0.0,Welterweight,28.0,0.6538461538461537,0.41379310344827575,1.1428282242749361,,0.0,0.3410000000000002,0.0,4.09,8,0.75,1.75
Chris Duncan,11,1,0,0.07518896698050656,5.08,0.46,3.74,0.49,3.63,0.39,1.0,0.0,Welterweight,31.0,0.5,0.34482758620689663,0.9200165531874032,137.0,0.0,0.8744999999999999,0.5,3.9135,12,0.9166666666666666,2.583333333333334
Song Kenan,20,7,0,0.09773239623392123,4.4,0.47,5.86,0.52,0.41,0.66,0.62,0.0,Middleweight,34.0,0.5,0.41379310344827575,1.011525499682197,81.0,18.181818181818183,4.938454545454546,0.0,0.571,27,0.7407407407407407,5.548148148148148
Janay Harding,2,3,0,0.045086858506829315,0.0,0.0,0.0,0.0,0.0,0.0,0.0,0.0,Featherweight,35.8830242510699,0.4423076923076923,0.2688069758224335,0.7562015266369551,,0.0,0.0,0.0,0.0,5,0.4,1.08
Casey Ryan,7,3,0,0.12027582548733588,0.0,0.0,0.0,0.0,0.0,0.0,0.0,0.0,Light Heavyweight,41.277864992150704,0.6674641148325355,0.43297262375837825,1.2207125640782497,,0.0,0.0,0.0,0.0,10,0.7,2.14
Josh Ferguson,10,5,0,0.030068956371833978,2.13,0.43,4.18,0.32,0.59,0.11,0.54,0.0,Flyweight,36.0,0.34781884781884764,0.17241379310344812,0.5503015972941298,4599.0,0.0,0.03950000000000009,0.5,0.7855,15,0.6666666666666666,3.1333333333333333
Ron van Clief,0,1,0,0.12780135260575523,0.0,0.0,0.0,0.0,0.0,0.0,0.0,0.0,Light Heavyweight,82.0,0.6674641148325355,0.34482758620689663,1.1400930536451874,,0.0,0.0,0.0,0.0,1,0.0,0.2
Callan Potter,18,9,0,0.09773239623392123,3.18,0.5,4.72,0.58,3.29,0.66,1.0,0.0,Middleweight,40.0,0.5384615384615383,0.41379310344827575,1.0499870381437353,1817.0,33.33333333333333,8.607333333333331,0.0,3.4890000000000003,27,0.6666666666666666,5.533333333333334
John Yoo,0,1,0,0.045086858506829315,0.0,0.0,0.0,0.0,0.0,0.0,0.0,0.0,Featherweight,35.8830242510699,0.4423076923076923,0.2688069758224335,0.7562015266369551,,0.0,0.0,0.0,0.0,1,0.0,0.2
Rich Attonito,10,5,0,0.09773239623392123,2.28,0.47,2.13,0.59,0.74,0.37,0.75,0.0,Middleweight,47.0,0.5384615384615383,0.34482758620689663,0.9810215209023562,4813.0,40.0,10.433,0.0,0.8705,15,0.6666666666666666,3.1333333333333333
Herschel Walker,2,0,0,0.16539583609600847,3.42,0.67,0.45,0.46,1.94,1.0,1.0,0.0,Heavyweight,62.0,0.7320261437908496,0.4482758620689653,1.3456978419558234,,0.0,0.9905,0.0,2.19,2,1.0,0.6000000000000001
Anthony Macias,26,18,0,0.12027582548733588,0.0,0.0,0.0,0.0,0.0,0.0,0.0,0.0,Light Heavyweight,41.277864992150704,0.6674641148325355,0.3103448275862067,1.0980847679060781,,0.0,0.0,0.0,0.0,44,0.5909090909090909,8.91818181818182
Angelo Antonio,1,4,0,0.15037793396101312,1.09,0.5,7.64,0.5,0.0,0.0,0.0,0.0,Light Heavyweight,41.277864992150704,0.6674641148325355,0.43297262375837825,1.250814672551927,,0.0,-0.6984999999999999,0.0,0.0,5,0.2,1.04
Lazar Stojadinovic,12,5,0,0.06013791274366793,1.82,0.29,1.97,0.59,0.0,0.0,0.0,0.0,Featherweight,35.0,0.3846153846153846,0.24137931034482762,0.6861326077038801,,0.0,0.30600000000000005,0.0,0.0,17,0.7058823529411765,3.5411764705882356
MinWoo Kim,10,2,0,0.045086858506829315,0.0,0.0,0.0,0.0,0.0,0.0,0.0,0.0,Featherweight,31.0,0.5384615384615383,0.2758620689655172,0.8594104659338848,,0.0,0.0,0.0,0.0,12,0.8333333333333334,2.566666666666667
Scott Harper,12,7,0,0.12027582548733588,1.3,0.54,4.98,0.47,3.25,1.0,0.0,0.0,Light Heavyweight,52.0,0.6674641148325355,0.41379310344827575,1.2015330437681473,,0.0,-0.24349999999999994,0.0,3.4,19,0.631578947368421,3.9263157894736844
Patrick Kaase,1,2,0,0.12027582548733588,4.4,0.67,0.53,0.5,0.0,0.0,0.5,0.0,Light Heavyweight,41.277864992150704,0.6674641148325355,0.3103448275862067,1.0980847679060781,,0.0,1.2295,0.0,0.05,3,0.3333333333333333,0.6666666666666667
Matt Hamill,12,8,0,0.15037793396101312,3.69,0.42,3.8,0.61,3.0,0.34,0.91,0.0,Light Heavyweight,48.0,0.6923076923076921,0.4482758620689653,1.2909614883376705,4144.0,16.666666666666664,4.694666666666666,0.0,3.1420000000000003,20,0.6,4.12
Adam Steele,0,1,0,0.09773239623392123,0.0,0.0,0.0,0.0,0.0,0.0,0.0,0.0,Middleweight,39.515151515151516,0.5968489341983318,0.3835561420620804,1.0781374724943333,,0.0,0.0,0.0,0.0,1,0.0,0.2
Maimaitituoheti Keremuaili,26,11,0,0.045086858506829315,1.47,0.52,1.67,0.37,1.0,0.33,0.84,0.0,Featherweight,33.0,0.3076923076923075,0.20689655172413768,0.5596757179232745,,0.0,0.2765,0.0,1.1335000000000002,37,0.7027027027027027,7.540540540540541
Andrew Martinez,9,6,0,0.16539583609600847,3.4,0.31,2.3,0.47,1.5,0.5,0.0,0.0,Heavyweight,44.17465753424658,0.7320261437908496,0.3103448275862067,1.2077668074730648,,0.0,0.6375,0.0,1.575,15,0.6,3.12
Tsuyoshi Kurihara,10,8,2,0.12027582548733588,0.0,0.0,12.0,0.5,0.0,0.0,0.0,0.0,Light Heavyweight,51.0,0.6674641148325355,0.34482758620689663,1.132567526526768,,0.0,-1.7249999999999999,0.0,0.0,20,0.5,4.1
Masio Fullen,11,7,0,0.06013791274366793,2.46,0.32,3.5,0.54,0.47,0.33,0.69,0.0,Featherweight,38.0,0.4615384615384617,0.34482758620689663,0.8665039604890262,3301.0,0.0,0.235,0.3333333333333333,0.6718333333333333,18,0.6111111111111112,3.7222222222222223
Chandler Cole,10,4,0,0.2390929584935685,2.45,0.6,3.59,0.26,0.0,0.0,0.0,0.0,Heavyweight,30.0,0.5384615384615383,0.34482758620689663,1.1223820831620035,,0.0,0.2330000000000001,0.0,0.0,14,0.7142857142857143,2.942857142857143
Michael Mangan,0,3,0,0.07518896698050656,1.94,0.33,4.52,0.46,19.35,0.5,1.0,0.0,Welterweight,38.13361169102296,0.5218723584108196,0.3329867729451857,0.9300480983365118,,0.0,-0.05800000000000005,0.0,19.525000000000002,3,0.0,0.6000000000000001
Cameron Else,10,6,0,0.045086858506829315,1.99,0.4,8.09,0.51,0.0,0.0,0.0,0.0,Featherweight,37.0,0.5,0.3103448275862067,0.855431686093036,1026.0,50.0,11.9405,0.0,0.0,16,0.625,3.325
Matt Ramirez,2,3,0,0.030068956371833978,3.03,0.5,0.67,0.75,2.53,0.16,1.0,0.0,Flyweight,33.27091633466136,0.34781884781884764,0.17241379310344812,0.5503015972941298,,0.0,0.8694999999999999,0.0,2.654,5,0.4,1.08
Ian Rammel,7,8,0,0.12027582548733588,0.0,0.0,0.0,0.0,0.0,0.0,0.0,0.0,Light Heavyweight,41.277864992150704,0.6674641148325355,0.41379310344827575,1.2015330437681473,,0.0,0.0,0.0,0.0,15,0.4666666666666667,3.0933333333333333
Alexander Soldatkin,14,4,0,0.21804137382310043,1.16,0.6,1.35,0.26,1.45,0.5,0.5,0.0,Heavyweight,31.0,0.6538461538461537,0.48275862068965525,1.3546461483589094,,0.0,0.24649999999999994,0.0,1.575,18,0.7777777777777778,3.7555555555555555
Charles Radtke,8,3,0,0.09773239623392123,2.33,0.46,2.93,0.53,1.0,0.16,1.0,0.0,Middleweight,34.0,0.5384615384615383,0.3103448275862067,0.9465387622816662,95.0,75.0,19.064500000000002,0.0,1.124,11,0.7272727272727273,2.3454545454545457
Amador Ramirez,5,4,0,0.045086858506829315,4.93,0.51,2.07,0.69,1.0,0.33,0.0,0.0,Featherweight,35.8830242510699,0.4423076923076923,0.2688069758224335,0.7562015266369551,,0.0,1.1275,0.0,1.0495,9,0.5555555555555556,1.9111111111111112
Artenus Young,10,12,0,0.15037793396101312,0.0,0.0,0.0,0.0,0.0,0.0,0.0,0.0,Light Heavyweight,41.277864992150704,0.6674641148325355,0.43297262375837825,1.250814672551927,,0.0,0.0,0.0,0.0,22,0.45454545454545453,4.490909090909091
Clifford Starks,13,3,0,0.12027582548733588,1.94,0.33,2.49,0.58,1.94,1.0,0.6,0.0,Light Heavyweight,43.0,0.7692307692307692,0.41379310344827575,1.3032996981663807,4316.0,33.33333333333333,8.597833333333332,0.3333333333333333,2.2333333333333334,16,0.8125,3.3625000000000003
Anthony Ivy,8,4,0,0.12027582548733588,2.5,0.42,4.57,0.51,4.69,0.2,1.0,0.0,Light Heavyweight,35.0,0.6153846153846154,0.48275862068965525,1.2184190615616064,1614.0,50.0,12.600000000000001,0.0,4.82,12,0.6666666666666666,2.5333333333333337
Chris Culley,20,15,0,0.06013791274366793,0.0,0.0,0.0,0.0,0.0,0.0,0.0,0.0,Featherweight,35.8830242510699,0.4423076923076923,0.2688069758224335,0.7712525808737938,,0.0,0.0,0.0,0.0,35,0.5714285714285714,7.114285714285714
Diana Belbita,15,8,0,0.01501790213499534,6.59,0.42,6.43,0.51,0.97,0.62,0.69,0.0,Strawweight,28.0,0.3846153846153846,0.24137931034482762,0.6410125970952075,375.0,0.0,0.8435000000000001,0.2857142857142857,1.2034285714285713,23,0.6521739130434783,4.730434782608696
Ben Holscher,4,0,0,0.07518896698050656,0.0,0.0,0.0,0.0,0.0,0.0,0.0,0.0,Welterweight,38.13361169102296,0.5218723584108196,0.3793103448275862,0.9763716702189124,,0.0,0.0,0.0,0.0,4,1.0,1.0
Flavio Luiz Moura,19,7,0,0.1172921363214428,0.67,0.16,0.0,0.0,0.0,0.0,0.0,0.0,Middleweight,39.515151515151516,0.5968489341983318,0.3793103448275862,1.093451415347361,,0.0,0.1995,0.0,0.0,26,0.7307692307692307,5.346153846153847
Rainy Martinez,0,2,0,0.141327410157804,0.0,0.0,0.0,0.0,0.0,0.0,0.0,0.0,Light Heavyweight,41.277864992150704,0.6674641148325355,0.41379310344827575,1.2225846284386153,,0.0,0.0,0.0,0.0,2,0.0,0.4
Ricky Steele,6,0,0,0.045086858506829315,4.07,0.7,2.93,0.5,0.0,0.0,0.91,0.0,Featherweight,36.0,0.6153846153846154,0.3103448275862067,0.9708163014776514,,0.0,0.7929999999999999,0.0,0.09100000000000001,6,1.0,1.4000000000000001
Gabriel Carrasco,7,0,0,0.045086858506829315,4.15,0.37,1.53,0.8,0.0,0.0,1.0,0.0,Featherweight,35.8830242510699,0.4423076923076923,0.20689655172413768,0.6942911025386593,,0.0,1.002,0.0,0.1,7,1.0,1.6
Robbie Lawler,30,16,0,0.09773239623392123,3.85,0.47,4.67,0.59,0.65,0.64,0.65,0.0,Middleweight,42.0,0.6153846153846154,0.3793103448275862,1.0924273564461229,585.0,44.44444444444444,11.55561111111111,0.05555555555555555,0.8248888888888888,46,0.6521739130434783,9.330434782608696
Jeff Hughes,10,4,0,0.21804137382310043,3.95,0.51,3.67,0.6,0.71,0.5,0.45,0.0,Heavyweight,36.0,0.7307692307692308,0.48275862068965525,1.4315692252819865,1600.0,0.0,0.6290000000000002,0.0,0.83,14,0.7142857142857143,2.942857142857143
Anthony Hamilton,15,9,0,0.23305927595809578,3.91,0.65,3.02,0.45,2.62,0.42,0.78,0.0,Heavyweight,44.0,0.6923076923076921,0.5862068965517243,1.511573864817512,2643.0,50.0,13.222000000000001,0.2,2.811,24,0.625,4.925000000000001
Jay Perrin,10,7,0,0.045086858506829315,3.71,0.46,3.9,0.44,2.83,0.52,0.58,0.0,Featherweight,31.0,0.34615384615384626,0.24137931034482762,0.6326200150055032,795.0,0.0,0.5005000000000002,0.3333333333333333,3.0493333333333332,17,0.5882352941176471,3.51764705882353
Mateus Mendonca,10,2,0,0.030068956371833978,2.0,0.38,6.25,0.26,1.47,0.14,0.4,0.0,Flyweight,26.0,0.5,0.20689655172413768,0.7369655080959716,354.0,33.33333333333333,8.010833333333332,0.0,1.531,12,0.8333333333333334,2.566666666666667
Maia Stevenson,6,5,0,0.01501790213499534,1.57,0.54,3.13,0.33,3.91,1.0,0.5,0.0,Strawweight,42.0,0.15384615384615374,0.1379310344827586,0.3067950904639077,2566.0,0.0,0.08050000000000007,1.0,4.36,11,0.5454545454545454,2.309090909090909
Valeri Ignatov,1,2,0,0.09773239623392123,0.0,0.0,0.0,0.0,0.0,0.0,0.0,0.0,Middleweight,39.515151515151516,0.5968489341983318,0.3103448275862067,1.0049261580184599,,0.0,0.0,0.0,0.0,3,0.3333333333333333,0.6666666666666667
Lucas Rocha,17,1,0,0.045086858506829315,1.51,0.53,4.15,0.33,0.0,0.0,0.66,0.0,Featherweight,24.0,0.23076923076923084,0.10344827586206903,0.37930436513812915,123.0,0.0,-0.08950000000000002,1.0,0.316,18,0.9444444444444444,3.7888888888888888
Robert Whiteford,14,4,0,0.06013791274366793,2.33,0.46,1.99,0.62,1.9,0.3,0.45,0.0,Featherweight,41.0,0.4230769230769229,0.3103448275862067,0.7935596634067975,,0.0,0.469,0.0,1.9899999999999998,18,0.7777777777777778,3.7555555555555555
Stefan Klever,6,1,0,0.12027582548733588,0.82,0.5,3.84,0.58,0.0,0.0,0.0,0.0,Light Heavyweight,41.277864992150704,0.6674641148325355,0.43297262375837825,1.2207125640782497,,0.0,-0.18399999999999994,0.0,0.0,7,0.8571428571428571,1.5714285714285716
Jamey-Lyn Horth,6,1,0,0.030068956371833978,3.97,0.62,3.53,0.57,0.5,0.25,0.7,0.0,Flyweight,34.0,0.3076923076923075,0.24137931034482762,0.579140574408969,102.0,0.0,0.6725,0.0,0.6074999999999999,7,0.8571428571428571,1.5714285714285716
Renee Forte,8,4,0,0.07518896698050656,2.08,0.32,2.12,0.63,2.32,0.58,0.66,0.0,Welterweight,37.0,0.5,0.24137931034482762,0.8165682773253342,3987.0,25.0,6.6105,0.25,2.5355,12,0.6666666666666666,2.5333333333333337
Rami Hamed,12,3,0,0.09773239623392123,0.0,0.0,0.0,0.0,0.0,0.0,0.0,0.0,Middleweight,39.515151515151516,0.5968489341983318,0.3835561420620804,1.0781374724943333,,0.0,0.0,0.0,0.0,15,0.8,3.16
Max Mustaki,6,3,0,0.07518896698050656,8.2,0.5,13.0,0.45,0.0,0.0,0.0,0.0,Welterweight,37.0,0.5218723584108196,0.41379310344827575,1.0108544288396017,,0.0,0.26749999999999985,0.0,0.0,9,0.6666666666666666,1.9333333333333333
Uros Medic,9,2,0,0.09773239623392123,5.64,0.6,3.18,0.58,0.4,1.0,0.46,0.0,Middleweight,31.0,0.5,0.4482758620689653,1.0460082583028867,291.0,50.0,13.639999999999999,0.3333333333333333,0.6793333333333335,11,0.8181818181818182,2.3636363636363638
Marko Damiani,0,2,0,0.09773239623392123,0.0,0.0,0.0,0.0,0.0,0.0,0.0,0.0,Middleweight,39.515151515151516,0.5968489341983318,0.41379310344827575,1.1083744338805288,,0.0,0.0,0.0,0.0,2,0.0,0.4
Bazigit Atajev,17,1,0,0.18797241745126642,0.87,0.41,3.14,0.49,1.0,0.33,0.0,0.0,Heavyweight,44.17465753424658,0.7320261437908496,0.4482758620689653,1.3682744233110813,,0.0,-0.09799999999999998,0.0,1.0495,18,0.9444444444444444,3.7888888888888888
Tom Blackledge,10,7,0,0.15037793396101312,2.91,0.61,2.55,0.46,0.0,0.0,0.75,0.0,Light Heavyweight,41.277864992150704,0.6674641148325355,0.43297262375837825,1.250814672551927,5100.0,0.0,0.5360000000000001,1.0,0.325,17,0.5882352941176471,3.51764705882353
Nate Mohr,9,7,0,0.07518896698050656,3.79,0.41,2.5,0.74,0.45,0.5,0.71,0.0,Welterweight,41.0,0.5384615384615383,0.3103448275862067,0.9239953330282515,,0.0,0.7655000000000001,0.0,0.596,16,0.5625,3.3125
Shunichi Shimizu,30,18,11,0.045086858506829315,0.14,0.33,4.68,0.3,0.0,0.0,0.0,0.0,Featherweight,40.0,0.4423076923076923,0.17241379310344812,0.6598083439179697,4057.0,0.0,-0.5559999999999999,1.0,0.25,59,0.5084745762711864,11.901694915254238
Emrah Sonmez,14,5,0,0.06013791274366793,1.47,0.46,1.73,0.48,5.0,0.21,0.0,0.0,Featherweight,32.0,0.5,0.34482758620689663,0.9049654989505646,,0.0,0.27199999999999996,0.0,5.0315,19,0.7368421052631579,3.947368421052632
Antonio Mendes,18,13,0,0.15037793396101312,1.34,0.47,6.85,0.22,2.51,0.5,1.0,0.0,Light Heavyweight,43.0,0.7307692307692308,0.5172413793103448,1.3983885440405888,,0.0,-0.5654999999999998,0.0,2.685,31,0.5806451612903226,6.316129032258065
David Gardner,18,21,0,0.07518896698050656,0.17,1.0,0.34,0.0,0.0,0.0,0.66,0.0,Welterweight,47.0,0.5218723584108196,0.3793103448275862,0.9763716702189124,,0.0,0.1915,0.0,0.066,39,0.46153846153846156,7.892307692307693
Kamal Shalorus,9,5,2,0.07518896698050656,3.06,0.32,2.99,0.7,2.07,0.5,0.8,0.0,Welterweight,52.0,0.3846153846153846,0.2758620689655172,0.7356664205614083,4656.0,33.33333333333333,8.818833333333332,0.6666666666666666,2.3916666666666666,16,0.5625,3.3125
Don'Tale Mayes,10,6,0,0.23305927595809578,3.6,0.44,3.84,0.46,0.79,0.43,0.6,0.0,Heavyweight,33.0,0.8846153846153846,0.6206896551724138,1.7383643157458941,193.0,25.0,6.731000000000001,0.125,0.9457500000000001,16,0.625,3.325
Danilo Suzart,9,2,0,0.23305927595809578,4.09,0.55,11.73,0.51,0.0,0.0,0.0,0.0,Heavyweight,33.0,0.7320261437908496,0.41379310344827575,1.3788785231972212,,0.0,-0.5505,0.0,0.0,11,0.8181818181818182,2.3636363636363638
Brandon Girtz,14,7,0,0.07518896698050656,2.5,0.6,1.92,0.47,5.76,1.0,1.0,0.0,Welterweight,38.13361169102296,0.5218723584108196,0.24137931034482762,0.8384406357361538,,0.0,0.5275000000000001,0.0,6.01,21,0.6666666666666666,4.333333333333334
Shawn Teed,5,2,0,0.24058480307651503,1.4,0.42,13.31,0.21,0.0,0.0,0.0,0.0,Heavyweight,32.0,0.7320261437908496,0.5862068965517243,1.5588178434190891,,0.0,-1.531,0.0,0.0,7,0.7142857142857143,1.542857142857143
Jenna Castillo,1,0,0,0.030068956371833978,3.24,0.56,2.01,0.57,1.68,1.0,1.0,0.0,Flyweight,33.27091633466136,0.34781884781884764,0.0689655172413791,0.4468533214320607,,0.0,0.7060000000000002,0.0,1.93,1,1.0,0.4
Rolando Dy,9,7,1,0.06013791274366793,3.04,0.37,4.47,0.52,0.3,0.2,0.68,0.0,Featherweight,34.0,0.4230769230769229,0.2758620689655172,0.759076904786108,2426.0,25.0,6.4915,0.0,0.39799999999999996,17,0.5294117647058824,3.505882352941177
Hugo Sandoval,2,3,0,0.045086858506829315,0.0,0.0,0.0,0.0,0.0,0.0,0.0,0.0,Featherweight,35.8830242510699,0.4423076923076923,0.2688069758224335,0.7562015266369551,,0.0,0.0,0.0,0.0,5,0.4,1.08
Ihor Potieria,19,5,0,0.15037793396101312,5.59,0.56,6.56,0.41,0.0,0.0,0.57,0.0,Light Heavyweight,28.0,0.6538461538461537,0.5172413793103448,1.3214654671175117,130.0,57.14285714285714,14.872714285714284,0.14285714285714285,0.09271428571428571,24,0.7916666666666666,4.958333333333334
Travis Johnson,0,1,0,0.15037793396101312,0.0,0.0,0.0,0.0,0.0,0.0,0.0,0.0,Light Heavyweight,41.277864992150704,0.6674641148325355,0.43297262375837825,1.250814672551927,,0.0,0.0,0.0,0.0,1,0.0,0.2
Rickson Gracie,11,0,0,0.12027582548733588,0.0,0.0,0.0,0.0,0.0,0.0,0.0,0.0,Light Heavyweight,66.0,0.6674641148325355,0.34482758620689663,1.132567526526768,,0.0,0.0,0.0,0.0,11,1.0,2.4000000000000004
Rich Bouphanouvong,1,4,0,0.09773239623392123,0.0,0.0,0.0,0.0,0.0,0.0,0.0,0.0,Middleweight,39.515151515151516,0.5968489341983318,0.24137931034482762,0.9359606407770806,,0.0,0.0,0.0,0.0,5,0.2,1.04
Josh Quinlan,6,1,0,0.09773239623392123,3.68,0.41,5.97,0.5,0.84,0.12,0.6,0.0,Middleweight,32.0,0.5384615384615383,0.41379310344827575,1.0499870381437353,242.0,50.0,12.6815,0.0,0.9179999999999999,7,0.8571428571428571,1.5714285714285716
Kris Moutinho,9,6,0,0.045086858506829315,4.86,0.32,15.48,0.28,0.0,0.0,0.0,0.0,Featherweight,32.0,0.3846153846153846,0.24137931034482762,0.6710815534670416,1068.0,100.0,23.999000000000002,0.0,0.0,15,0.6,3.12
Roman Salazar,10,6,0,0.045086858506829315,1.95,0.39,2.89,0.57,1.77,0.18,0.5,0.0,Featherweight,36.0,0.4423076923076923,0.24137931034482762,0.7287738611593493,3476.0,0.0,0.21750000000000003,1.0,2.097,16,0.625,3.325
Jong Man Kim,23,11,3,0.05112054104230206,1.33,0.21,3.0,0.6,0.0,0.0,0.0,0.0,Featherweight,46.0,0.4423076923076923,0.24137931034482762,0.734807543694822,,0.0,0.014500000000000068,0.0,0.0,37,0.6216216216216216,7.524324324324325
Walter Smith-Cotito,4,5,0,0.045086858506829315,2.95,0.36,3.53,0.68,2.16,0.33,0.57,0.0,Featherweight,35.8830242510699,0.4423076923076923,0.2758620689655172,0.7632566197800388,,0.0,0.382,0.0,2.2665,9,0.4444444444444444,1.8888888888888888
Chris Gruetzemacher,15,5,0,0.07518896698050656,6.18,0.57,4.96,0.52,0.21,0.5,0.65,0.0,Welterweight,38.0,0.3846153846153846,0.2758620689655172,0.7356664205614083,1166.0,0.0,0.9929999999999999,0.42857142857142855,0.45714285714285713,20,0.75,4.15
Justin Eilers,19,7,1,0.19546479246784249,2.86,0.43,5.66,0.49,0.82,0.25,0.5,0.0,Heavyweight,46.0,0.7320261437908496,0.4482758620689653,1.3757667983276574,,0.0,0.025499999999999967,0.0,0.9075,27,0.7037037037037037,5.540740740740741
Bruno Silva,23,10,0,0.12027582548733588,4.43,0.51,5.33,0.43,1.09,0.27,0.73,0.0,Light Heavyweight,35.0,0.6153846153846154,0.41379310344827575,1.149453544320227,109.0,29.411764705882355,7.827441176470588,0.23529411764705882,1.2623235294117647,33,0.696969696969697,6.73939393939394
Royston Wee,4,1,0,0.045086858506829315,1.1,0.6,2.45,0.49,3.38,0.81,0.0,0.0,Featherweight,38.0,0.34615384615384626,0.24137931034482762,0.6326200150055032,3560.0,0.0,0.10100000000000003,0.0,3.5015,5,0.8,1.1600000000000001
Rizvan Kuniev,11,2,1,0.20299031958626176,7.09,0.73,1.55,0.51,4.09,0.75,0.0,0.0,Heavyweight,32.0,0.6923076923076921,0.5517241379310344,1.4470221498249882,,0.0,1.7625,0.0,4.2025,14,0.7857142857142857,2.9571428571428573
Gregory Bouchelaghem,5,4,0,0.1172921363214428,0.27,0.21,1.53,0.36,0.0,0.0,0.5,0.0,Middleweight,39.515151515151516,0.5968489341983318,0.48275862068965525,1.1968996912094299,,0.0,-0.06599999999999998,0.0,0.05,9,0.5555555555555556,1.9111111111111112
Rory Markham,17,6,0,0.09773239623392123,1.98,0.21,10.27,0.45,0.0,0.0,0.0,0.0,Middleweight,42.0,0.5,0.41379310344827575,1.011525499682197,5436.0,100.0,24.064,0.0,0.0,23,0.7391304347826086,4.747826086956522
Gary Tapusoa,8,3,0,0.12027582548733588,0.0,0.0,0.0,0.0,0.0,0.0,0.0,0.0,Light Heavyweight,41.277864992150704,0.6674641148325355,0.24137931034482762,1.0291192506646991,,0.0,0.0,0.0,0.0,11,0.7272727272727273,2.3454545454545457
Istela Nunes,6,5,0,0.01501790213499534,5.02,0.45,4.84,0.6,0.0,0.0,0.5,0.0,Strawweight,32.0,0.3076923076923075,0.1379310344827586,0.4606412443100614,578.0,25.0,6.9590000000000005,0.25,0.1125,11,0.5454545454545454,2.309090909090909
Hayder Hassan,6,3,0,0.09773239623392123,2.11,0.46,3.16,0.48,0.0,0.0,0.25,0.0,Middleweight,39.515151515151516,0.5968489341983318,0.34482758620689663,1.0394089166391498,3343.0,0.0,0.21749999999999992,1.0,0.275,9,0.6666666666666666,1.9333333333333333
Lewis Gonzalez,11,3,0,0.09773239623392123,1.4,0.37,1.87,0.41,2.0,0.33,0.62,0.0,Middleweight,37.0,0.5968489341983318,0.34482758620689663,1.0394089166391498,3518.0,0.0,0.20499999999999996,0.0,2.1115,14,0.7857142857142857,2.9571428571428573
Rafael Freitas,3,6,0,0.15037793396101312,2.0,0.29,8.0,0.51,11.25,0.5,0.0,0.0,Light Heavyweight,41.277864992150704,0.6674641148325355,0.43297262375837825,1.250814672551927,,0.0,-0.5654999999999999,0.0,11.325,9,0.3333333333333333,1.8666666666666667
Ryan McGivern,13,7,0,0.12027582548733588,2.22,0.29,2.22,0.57,0.0,0.0,0.0,0.0,Light Heavyweight,45.0,0.6674641148325355,0.41379310344827575,1.2015330437681473,,0.0,0.3655,0.0,0.0,20,0.65,4.13
Taylor Roberts,3,12,0,0.09773239623392123,0.0,0.0,0.0,0.0,0.0,0.0,0.0,0.0,Middleweight,39.515151515151516,0.5968489341983318,0.3793103448275862,1.0738916752598393,,0.0,0.0,0.0,0.0,15,0.2,3.04
Will Chope,34,13,0,0.06013791274366793,4.43,0.27,9.93,0.46,0.0,0.0,0.0,0.0,Featherweight,34.0,0.4423076923076923,0.5517241379310344,1.0541697429823946,4057.0,100.0,24.741,0.0,0.0,47,0.723404255319149,9.54468085106383
Jae Hyun Park,6,2,0,0.07518896698050656,0.8,0.63,1.0,0.21,0.0,0.0,0.22,0.0,Welterweight,23.0,0.5384615384615383,0.2758620689655172,0.889512574407562,,0.0,0.20750000000000005,0.0,0.022000000000000002,8,0.75,1.75
Slim Trabelsi,5,0,0,0.19546479246784249,0.0,0.0,0.0,0.0,0.0,0.0,0.0,0.0,Heavyweight,44.17465753424658,0.7320261437908496,0.5172413793103448,1.4447323155690368,,0.0,0.0,0.0,0.0,5,1.0,1.2
Ryo Kawamura,18,9,4,0.15037793396101312,0.6,0.16,3.93,0.39,0.0,0.0,0.06,0.0,Light Heavyweight,43.0,0.6674641148325355,0.3793103448275862,1.1971523936211348,,0.0,-0.34900000000000003,0.0,0.006,31,0.5806451612903226,6.316129032258065
Landon Quinones,7,2,1,0.07518896698050656,9.87,0.41,11.4,0.54,0.0,0.0,1.0,0.0,Welterweight,29.0,0.4615384615384617,0.3103448275862067,0.8470722561051749,375.0,0.0,0.9204999999999997,0.0,0.1,10,0.7,2.14
Brian Gassaway,29,20,2,0.09773239623392123,0.34,0.26,3.65,0.44,0.0,0.0,0.42,0.0,Middleweight,52.0,0.5968489341983318,0.4482758620689653,1.1428571925012183,,0.0,-0.3445,0.0,0.042,51,0.5686274509803921,10.313725490196079
Edivan Santos,12,3,1,0.21502453255536397,1.55,0.48,7.09,0.26,0.0,0.0,0.25,0.0,Heavyweight,32.0,0.7692307692307692,0.5517241379310344,1.5359794397171675,,0.0,-0.5409999999999998,0.0,0.025,16,0.75,3.35
Derrick Lewis,27,12,0,0.23305927595809578,2.43,0.5,2.48,0.4,0.53,0.26,0.53,0.0,Heavyweight,40.0,0.8076923076923075,0.5172413793103448,1.557992962960748,277.0,68.96551724137932,17.63687931034483,0.06896551724137931,0.639241379310345,39,0.6923076923076923,7.93846153846154
Onassis Parungao,2,1,0,0.14285240684259382,0.0,0.0,0.0,0.0,0.0,0.0,0.0,0.0,Light Heavyweight,41.277864992150704,0.6674641148325355,0.3793103448275862,1.1896268665027154,,0.0,0.0,0.0,0.0,3,0.6666666666666666,0.7333333333333334
Nate James,14,8,1,0.12027582548733588,1.33,0.42,2.67,0.28,0.0,0.0,0.44,0.0,Light Heavyweight,41.277864992150704,0.6674641148325355,0.41379310344827575,1.2015330437681473,,0.0,0.05800000000000005,0.0,0.044000000000000004,23,0.6086956521739131,4.721739130434783
Demetrius Gioulacos,0,1,0,0.12027582548733588,0.0,0.0,0.0,0.0,0.0,0.0,0.0,0.0,Light Heavyweight,41.277864992150704,0.6674641148325355,0.3793103448275862,1.1670502851474576,,0.0,0.0,0.0,0.0,1,0.0,0.2
Yibugele,21,12,1,0.06013791274366793,2.47,0.39,3.53,0.62,0.0,0.0,0.76,0.0,Featherweight,35.0,0.4615384615384617,0.3103448275862067,0.8320212018683363,,0.0,0.259,0.0,0.07600000000000001,34,0.6176470588235294,6.923529411764706
Lorenzo Hood,14,5,0,0.24058480307651503,2.64,0.61,4.66,0.11,0.0,0.0,1.0,0.0,Heavyweight,35.0,0.8461538461538458,0.5172413793103448,1.6039800285407055,,0.0,0.09950000000000003,0.0,0.1,19,0.7368421052631579,3.947368421052632
Kazunari Murakami,5,5,0,0.1729213632144278,0.0,0.0,0.0,0.0,0.0,0.0,0.0,0.0,Heavyweight,51.0,0.7320261437908496,0.4482758620689653,1.3532233690742426,,0.0,0.0,0.0,0.0,10,0.5,2.1
Yoislandy Izquierdo,10,4,0,0.07518896698050656,2.93,0.52,1.4,0.26,0.0,0.0,0.5,0.0,Welterweight,41.0,0.5218723584108196,0.3793103448275862,0.9763716702189124,4603.0,0.0,0.6655000000000001,0.5,0.175,14,0.7142857142857143,2.942857142857143
Anthony Do,4,2,0,0.030068956371833978,0.0,0.0,0.0,0.0,0.0,0.0,0.0,0.0,Flyweight,33.27091633466136,0.34781884781884764,0.1379310344827586,0.5158188386734402,,0.0,0.0,0.0,0.0,6,0.6666666666666666,1.3333333333333335
Shingo Kohara,1,0,0,0.045086858506829315,0.0,0.0,0.0,0.0,0.0,0.0,0.0,0.0,Featherweight,35.8830242510699,0.4423076923076923,0.20689655172413768,0.6942911025386593,,0.0,0.0,0.0,0.0,1,1.0,0.4
Brad Royster,1,2,0,0.045086858506829315,0.0,0.0,0.0,0.0,0.0,0.0,0.0,0.0,Featherweight,35.8830242510699,0.4423076923076923,0.2688069758224335,0.7562015266369551,,0.0,0.0,0.0,0.0,3,0.3333333333333333,0.6666666666666667
Crafton Wallace,18,6,1,0.12027582548733588,1.55,0.44,2.36,0.47,0.0,0.0,0.42,0.0,Light Heavyweight,49.0,0.6674641148325355,0.41379310344827575,1.2015330437681473,,0.0,0.19200000000000006,0.0,0.042,25,0.72,5.144
Janaina Silva,5,1,0,0.01501790213499534,0.0,0.0,1.5,0.62,0.0,0.0,0.0,0.0,Strawweight,32.0,0.0769230769230771,0.03448275862068955,0.12642373767876197,,0.0,-0.13199999999999998,0.0,0.0,6,0.8333333333333334,1.366666666666667
Christopher Lopez,9,1,0,0.09773239623392123,0.0,0.0,0.0,0.0,0.0,0.0,0.0,0.0,Middleweight,39.515151515151516,0.5968489341983318,0.34482758620689663,1.0394089166391498,,0.0,0.0,0.0,0.0,10,0.9,2.18
Vernon White,26,33,2,0.15037793396101312,2.11,0.38,2.2,0.54,0.88,0.28,0.44,0.0,Light Heavyweight,53.0,0.6674641148325355,0.41379310344827575,1.2316351522418243,,0.0,0.35449999999999987,0.0,0.9660000000000001,61,0.4262295081967213,12.285245901639346
Joe Jordan,49,14,2,0.07518896698050656,1.85,0.25,4.27,0.59,0.0,0.0,0.66,0.0,Welterweight,46.0,0.5218723584108196,0.20689655172413768,0.8039578771154638,,0.0,-0.03949999999999987,0.0,0.066,65,0.7538461538461538,13.150769230769232
Rick Roufus,4,6,0,0.15336162312690624,0.53,0.33,1.06,0.33,0.0,0.0,0.5,0.0,Heavyweight,44.17465753424658,0.7320261437908496,0.41379310344827575,1.2991808703660315,,0.0,0.089,0.0,0.05,10,0.4,2.08
Jesse Fujarczyk,2,2,0,0.1804468903328471,1.03,0.33,4.91,0.38,0.0,0.0,0.25,0.0,Heavyweight,42.0,0.7320261437908496,0.5517241379310344,1.464197172054731,,0.0,-0.35600000000000004,0.0,0.025,4,0.5,0.9
Gilbert Rael,1,3,0,0.07518896698050656,0.0,0.0,7.46,0.37,4.86,1.0,0.0,0.0,Welterweight,38.13361169102296,0.5218723584108196,0.2758620689655172,0.8729233943568433,,0.0,-1.0635,0.0,5.010000000000001,4,0.25,0.8500000000000001
Carl Deaton,17,7,0,0.07518896698050656,1.53,0.31,1.85,0.61,0.0,0.0,0.5,0.0,Welterweight,35.0,0.4230769230769229,0.24137931034482762,0.7396452004022571,578.0,0.0,0.2585,0.5,0.175,24,0.7083333333333334,4.941666666666667
Joe Hurley,12,5,0,0.07518896698050656,1.12,0.45,3.35,0.56,0.0,0.0,0.2,0.0,Welterweight,38.13361169102296,0.5218723584108196,0.2758620689655172,0.8729233943568433,,0.0,-0.04849999999999988,0.0,0.020000000000000004,17,0.7058823529411765,3.5411764705882356
Mostapha Al-Turk,6,6,0,0.21051584670468107,1.36,0.19,3.61,0.53,0.0,0.0,0.0,0.0,Heavyweight,51.0,0.7307692307692308,0.48275862068965525,1.4240436981635671,5422.0,0.0,-0.08399999999999996,0.0,0.0,12,0.5,2.5000000000000004
Jordan Williams,9,6,0,0.12027582548733588,5.83,0.5,5.46,0.35,1.11,0.5,0.85,0.0,Light Heavyweight,34.0,0.6538461538461537,0.4482758620689653,1.2223978414024548,1194.0,33.33333333333333,9.124333333333333,0.3333333333333333,1.3533333333333333,15,0.6,3.12
Nick Rossborough,26,19,1,0.15037793396101312,2.8,0.35,4.33,0.35,0.0,0.0,1.0,0.0,Light Heavyweight,41.277864992150704,0.6674641148325355,0.5862068965517243,1.404048945345273,,0.0,0.17299999999999993,0.0,0.1,46,0.5652173913043478,9.313043478260871
Kevin Jackson,4,2,0,0.141327410157804,0.0,0.0,0.0,0.0,0.0,0.0,0.0,0.0,Light Heavyweight,41.277864992150704,0.6674641148325355,0.34482758620689663,1.1536191111972363,,0.0,0.0,0.0,0.0,6,0.6666666666666666,1.3333333333333335
Jose Henrique,5,1,0,0.09773239623392123,3.45,0.43,5.79,0.38,0.0,0.0,0.0,0.0,Middleweight,22.0,0.8076923076923075,0.5172413793103448,1.4226660832365736,,0.0,0.13700000000000012,0.0,0.0,6,0.8333333333333334,1.366666666666667
Ho Taek Oh,7,2,1,0.07518896698050656,0.0,0.0,0.0,0.0,0.0,0.0,0.0,0.0,Welterweight,38.13361169102296,0.5218723584108196,0.3329867729451857,0.9300480983365118,,0.0,0.0,0.0,0.0,10,0.7,2.14
Yokthai Sithoar,0,1,0,0.05712107147593157,0.0,0.0,0.0,0.0,0.0,0.0,0.0,0.0,Featherweight,35.8830242510699,0.4423076923076923,0.24137931034482762,0.7408080741284515,,0.0,0.0,0.0,0.0,1,0.0,0.2
Abram Torres,4,3,0,0.09773239623392123,0.0,0.0,0.0,0.0,0.0,0.0,0.0,0.0,Middleweight,39.515151515151516,0.5968489341983318,0.34482758620689663,1.0394089166391498,,0.0,0.0,0.0,0.0,7,0.5714285714285714,1.5142857142857145
Edimilson Souza,15,5,0,0.06013791274366793,4.65,0.44,2.91,0.58,0.0,0.0,0.5,0.0,Featherweight,40.0,0.6153846153846154,0.41379310344827575,1.089315631576559,,0.0,0.9010000000000001,0.0,0.05,20,0.75,4.15
Hans Stringer,22,8,3,0.15037793396101312,3.16,0.61,2.84,0.41,2.4,0.36,0.62,0.0,Light Heavyweight,37.0,0.6674641148325355,0.5172413793103448,1.3350834281038935,3497.0,66.66666666666666,17.214166666666667,0.0,2.5159999999999996,33,0.6666666666666666,6.733333333333334
Cory Devela,16,7,0,0.12027582548733588,4.07,0.41,4.0,0.47,1.07,0.12,0.62,0.0,Light Heavyweight,41.277864992150704,0.6674641148325355,0.0,0.7877399403198714,,0.0,0.5700000000000002,0.0,1.1500000000000001,23,0.6956521739130435,4.739130434782609
Pawan Maan,7,3,1,0.07518896698050656,0.89,0.44,2.98,0.43,0.0,0.0,0.0,0.0,Welterweight,38.0,0.4615384615384617,0.24137931034482762,0.7781067388637959,,0.0,-0.07200000000000001,0.0,0.0,11,0.6363636363636364,2.3272727272727276
TJ O'Brien,20,8,0,0.07518896698050656,3.77,0.46,4.78,0.57,0.94,1.0,0.0,0.0,Welterweight,38.0,0.5218723584108196,0.48275862068965525,1.0798199460809814,4931.0,50.0,12.902999999999999,0.5,1.2149999999999999,28,0.7142857142857143,5.742857142857144
Kenneth Bergh,8,0,0,0.15037793396101312,4.56,0.75,1.27,0.28,0.0,0.0,0.0,0.0,Light Heavyweight,35.0,0.6153846153846154,0.48275862068965525,1.2485211700352838,,0.0,1.1415000000000002,0.0,0.0,8,1.0,1.8
Michael Morales,16,0,0,0.09773239623392123,5.28,0.46,3.6,0.52,1.24,0.41,0.91,0.0,Middleweight,25.0,0.8076923076923075,0.41379310344827575,1.3192178073745044,172.0,60.0,15.950000000000003,0.0,1.3924999999999998,16,1.0,3.4000000000000004
Rilley Dutro,11,4,0,0.030068956371833978,4.74,0.54,5.95,0.33,0.0,0.0,0.83,0.0,Flyweight,37.0,0.34781884781884764,0.2758620689655172,0.6537498731561988,,0.0,0.4500000000000003,0.0,0.083,15,0.7333333333333333,3.1466666666666665
Joseph Sandoval,7,7,0,0.045086858506829315,1.82,0.42,12.12,0.6,0.0,0.0,0.0,0.0,Featherweight,38.0,0.4423076923076923,0.24137931034482762,0.7287738611593493,4772.0,100.0,23.811,0.0,0.0,14,0.5,2.9000000000000004
Duda Santana,3,1,0,0.06013791274366793,6.01,0.39,2.72,0.73,6.44,0.6,0.0,0.0,Featherweight,29.0,0.5769230769230766,0.24137931034482762,0.8784403000115721,2083.0,0.0,1.282,1.0,6.78,4,0.75,0.9500000000000001
Andre Lima,7,0,0,0.030068956371833978,4.07,0.66,1.67,0.67,1.0,1.0,1.0,0.0,Flyweight,26.0,0.34615384615384626,0.24137931034482762,0.6176021128705078,158.0,0.0,0.9995000000000003,0.0,1.25,7,1.0,1.6
Elias Urbina,3,1,0,0.12027582548733588,3.85,0.37,6.17,0.5,0.0,0.0,0.0,0.0,Light Heavyweight,31.0,0.7307692307692308,0.5172413793103448,1.3682864355669113,,0.0,0.18599999999999994,0.0,0.0,4,0.75,0.9500000000000001
Abdul Azeem Badakhshi,13,3,0,0.06013791274366793,0.0,0.0,0.0,0.0,0.0,0.0,0.0,0.0,Featherweight,35.8830242510699,0.4423076923076923,0.2688069758224335,0.7712525808737938,,0.0,0.0,0.0,0.0,16,0.8125,3.3625000000000003
Anthony Christodoulou,12,7,0,0.07518896698050656,2.19,0.26,5.9,0.45,0.0,0.0,0.4,0.0,Welterweight,37.0,0.5218723584108196,0.3103448275862067,0.9074061529775328,3476.0,50.0,12.282,0.5,0.165,19,0.631578947368421,3.9263157894736844
Mohammed Usman,11,2,0,0.2014984750033152,2.92,0.4,3.96,0.52,1.26,0.18,0.0,0.0,Heavyweight,35.0,0.8076923076923075,0.48275862068965525,1.491949403385278,207.0,20.0,5.294,0.0,1.287,13,0.8461538461538461,2.769230769230769
Dwight Grant,11,6,0,0.12027582548733588,3.29,0.36,2.66,0.6,0.61,1.0,0.66,0.0,Light Heavyweight,40.0,0.6923076923076921,0.4482758620689653,1.260859379863993,942.0,25.0,6.8355,0.0,0.8260000000000001,17,0.6470588235294118,3.5294117647058827
Brett Albee,3,2,0,0.1804468903328471,0.0,0.0,0.0,0.0,0.0,0.0,0.0,0.0,Heavyweight,44.17465753424658,0.7320261437908496,0.4813494694960208,1.3938225036197176,,0.0,0.0,0.0,0.0,5,0.6,1.12
Matt Hobar,9,3,0,0.045086858506829315,3.23,0.42,4.27,0.52,3.66,0.44,0.5,0.0,Featherweight,38.0,0.4615384615384617,0.34482758620689663,0.8514529062521876,3721.0,33.33333333333333,8.662333333333333,0.0,3.776,12,0.75,2.5500000000000003
Luke Caudillo,17,17,0,0.07518896698050656,1.97,0.28,5.07,0.55,0.44,0.2,0.85,0.0,Welterweight,44.0,0.5218723584108196,0.24137931034482762,0.8384406357361538,,0.0,-0.12950000000000006,0.0,0.5549999999999999,34,0.5,6.9
Naoki Matsushita,12,16,11,0.07518896698050656,3.3,0.32,2.2,0.63,1.5,1.0,0.0,0.0,Welterweight,38.13361169102296,0.5218723584108196,0.20689655172413768,0.8039578771154638,,0.0,0.6535,0.0,1.65,39,0.3076923076923077,7.861538461538462
Mark Godbeer,13,4,0,0.20299031958626176,3.97,0.53,3.3,0.54,0.0,0.0,0.28,0.0,Heavyweight,41.0,0.7307692307692308,0.5517241379310344,1.485483688286527,2524.0,0.0,0.6845000000000001,0.5,0.153,17,0.7647058823529411,3.5529411764705885
Jonathan Wiezorek,11,2,0,0.21804137382310043,1.27,0.58,5.47,0.31,1.91,0.2,0.0,0.0,Heavyweight,47.0,0.7320261437908496,0.5172413793103448,1.467308896924295,,0.0,-0.3404999999999999,0.0,1.94,13,0.8461538461538461,2.769230769230769
Rex Holman,4,2,0,0.15037793396101312,2.75,0.34,7.25,0.4,0.0,0.0,1.0,0.0,Light Heavyweight,41.277864992150704,0.6674641148325355,0.5172413793103448,1.3350834281038935,,0.0,-0.2719999999999998,0.0,0.1,6,0.6666666666666666,1.3333333333333335
Maxim Grishin,32,10,2,0.15037793396101312,3.26,0.52,2.27,0.58,0.21,0.16,0.66,0.0,Light Heavyweight,40.0,0.7692307692307692,0.5172413793103448,1.436850082502127,620.0,0.0,0.6655,0.0,0.3,44,0.7272727272727273,8.945454545454545
David Hulett,22,10,0,0.09773239623392123,0.0,0.0,0.0,0.0,0.0,0.0,0.0,0.0,Middleweight,39.515151515151516,0.5968489341983318,0.34482758620689663,1.0394089166391498,,0.0,0.0,0.0,0.0,32,0.6875,6.5375000000000005
Desmond Green,23,8,0,0.07518896698050656,3.7,0.46,2.51,0.69,1.62,0.5,0.75,0.0,Welterweight,35.0,0.5769230769230766,0.34482758620689663,0.9969396301104798,2097.0,14.285714285714285,4.315428571428571,0.0,1.77,31,0.7419354838709677,6.348387096774194
SeongChan Hong,9,2,0,0.07518896698050656,6.57,0.55,8.76,0.47,0.0,0.0,0.0,0.0,Welterweight,35.0,0.4230769230769229,0.24137931034482762,0.7396452004022571,,0.0,0.5090000000000003,0.0,0.0,11,0.8181818181818182,2.3636363636363638
Dorian Price,8,5,0,0.09773239623392123,0.0,0.0,0.0,0.0,0.0,0.0,0.0,0.0,Middleweight,47.0,0.5968489341983318,0.5172413793103448,1.2118227097425978,,0.0,0.0,0.0,0.0,13,0.6153846153846154,2.723076923076923
Townsend Saunders,0,2,0,0.09773239623392123,0.0,0.0,0.0,0.0,0.0,0.0,0.0,0.0,Middleweight,39.515151515151516,0.5968489341983318,0.17241379310344812,0.8669951235357012,,0.0,0.0,0.0,0.0,2,0.0,0.4
Anton Zafir,7,3,0,0.09773239623392123,2.99,0.64,2.31,0.52,6.11,0.6,0.0,0.0,Middleweight,37.0,0.5968489341983318,0.3793103448275862,1.0738916752598393,3141.0,50.0,13.107,0.0,6.2,10,0.7,2.14
Juancamilo Ronderos,4,2,0,0.030068956371833978,2.18,0.3,2.18,0.63,2.72,0.33,0.0,0.0,Flyweight,29.0,0.23076923076923084,0.10344827586206903,0.36428646300313383,725.0,0.0,0.3725,0.5,2.8945000000000003,6,0.6666666666666666,1.3333333333333335
Steve Kennedy,24,8,0,0.09773239623392123,2.28,0.35,5.52,0.45,2.51,0.33,0.0,0.0,Middleweight,41.0,0.5968489341983318,0.3793103448275862,1.0738916752598393,3378.0,0.0,-0.12050000000000005,0.5,2.6845,32,0.75,6.550000000000001
Justin Willis,8,2,0,0.2390929584935685,3.37,0.59,2.57,0.57,0.96,0.66,0.36,0.0,Heavyweight,37.0,0.7692307692307692,0.4482758620689653,1.4565995897933028,2153.0,20.0,5.660500000000001,0.0,1.095,10,0.8,2.16
Andreas Michailidis,13,6,0,0.09773239623392123,2.9,0.51,3.57,0.44,1.12,0.27,0.5,0.0,Middleweight,36.0,0.6923076923076921,0.41379310344827575,1.203833191989889,984.0,25.0,6.6075,0.0,1.2105000000000001,19,0.6842105263157895,3.936842105263158
Curtis Stout,11,12,1,0.12027582548733588,0.69,0.67,3.2,0.29,0.0,0.0,0.2,0.0,Light Heavyweight,51.0,0.6674641148325355,0.4482758620689653,1.2360158023888368,,0.0,-0.13,0.0,0.020000000000000004,24,0.4583333333333333,4.8916666666666675
Sergey Khandozhko,28,6,1,0.09773239623392123,3.41,0.41,2.37,0.6,0.76,0.28,0.61,0.0,Middleweight,32.0,0.6153846153846154,0.4482758620689653,1.161392873687502,1026.0,33.33333333333333,9.002333333333333,0.0,0.863,35,0.8,7.16
Cody Carrillo,11,16,0,0.07518896698050656,0.0,0.0,0.0,0.0,0.0,0.0,0.0,0.0,Welterweight,38.13361169102296,0.5218723584108196,0.34482758620689663,0.9418889115982227,,0.0,0.0,0.0,0.0,27,0.4074074074074074,5.481481481481482
Zach Light,9,11,0,0.09773239623392123,0.81,0.33,1.9,0.48,1.36,1.0,0.0,0.0,Middleweight,51.0,0.5968489341983318,0.2758620689655172,0.9704433993977702,,0.0,0.05550000000000005,0.0,1.51,20,0.45,4.09
Miguel Cosio,1,13,0,0.15037793396101312,0.0,0.0,0.0,0.0,0.0,0.0,0.0,0.0,Light Heavyweight,41.277864992150704,0.6674641148325355,0.5517241379310344,1.369566186724583,,0.0,0.0,0.0,0.0,14,0.07142857142857142,2.8142857142857145
Oleg Taktarov,17,5,2,0.1578703089775892,0.0,0.0,0.0,0.0,0.0,0.0,0.0,0.0,Heavyweight,57.0,0.7320261437908496,0.41379310344827575,1.3036895562167146,,0.0,0.0,0.0,0.0,24,0.7083333333333334,4.941666666666667
Paul Song,2,2,0,0.12027582548733588,0.0,0.0,0.0,0.0,0.0,0.0,0.0,0.0,Light Heavyweight,41.277864992150704,0.6674641148325355,0.43297262375837825,1.2207125640782497,,0.0,0.0,0.0,0.0,4,0.5,0.9
Victor Reyna,11,5,0,0.09773239623392123,5.8,0.63,4.75,0.42,0.0,0.0,1.0,0.0,Middleweight,38.0,0.6153846153846154,0.3793103448275862,1.0924273564461229,,0.0,0.9265,0.0,0.1,16,0.6875,3.3375000000000004
Yuri Panferov,6,1,0,0.12027582548733588,2.33,0.52,0.91,0.41,0.0,0.0,0.36,0.0,Light Heavyweight,28.0,0.5384615384615383,0.4482758620689653,1.1070132260178394,,0.0,0.6114999999999999,0.0,0.036,7,0.8571428571428571,1.5714285714285716
Jonny Parsons,9,3,0,0.09773239623392123,4.65,0.44,4.89,0.6,0.0,0.0,0.66,0.0,Middleweight,33.0,0.4230769230769229,0.3103448275862067,0.8311541468970508,571.0,100.0,25.607,0.0,0.066,12,0.75,2.5500000000000003
JC Cottrell,17,5,0,0.07518896698050656,0.79,0.25,2.75,0.45,0.79,1.0,0.5,0.0,Welterweight,35.0,0.5218723584108196,0.3103448275862067,0.9074061529775328,2937.0,0.0,-0.09749999999999998,0.5,1.1150000000000002,22,0.7727272727272727,4.554545454545455
Jeremiah Billington,11,2,0,0.15037793396101312,1.6,0.62,7.06,0.35,0.0,0.0,0.5,0.0,Light Heavyweight,47.0,0.6674641148325355,0.3103448275862067,1.1281868763797553,,0.0,-0.48249999999999993,0.0,0.05,13,0.8461538461538461,2.769230769230769
Tom Gallicchio,19,10,0,0.09773239623392123,3.53,0.26,7.07,0.43,1.0,0.11,0.0,0.0,Middleweight,38.0,0.5968489341983318,0.34482758620689663,1.0394089166391498,2777.0,0.0,-0.0615,0.0,1.0165,29,0.6551724137931034,5.931034482758621
Brad Morris,10,6,0,0.15037793396101312,0.5,0.62,6.95,0.27,0.0,0.0,0.0,0.0,Light Heavyweight,45.0,0.6674641148325355,0.48275862068965525,1.300600669483204,,0.0,-0.753,0.0,0.0,16,0.625,3.325
Clayton MacFarlane,4,1,0,0.09773239623392123,1.33,0.52,1.82,0.55,1.05,0.33,0.37,0.0,Middleweight,39.515151515151516,0.5968489341983318,0.3835561420620804,1.0781374724943333,,0.0,0.246,0.0,1.1365,5,0.8,1.1600000000000001
Jason Thacker,0,1,0,0.12027582548733588,0.63,0.33,17.05,0.32,0.0,0.0,0.0,0.0,Light Heavyweight,49.0,0.6674641148325355,0.34482758620689663,1.132567526526768,,0.0,-2.286,0.0,0.0,1,0.0,0.2
Brian Davidson,13,4,0,0.06013791274366793,0.0,0.0,0.0,0.0,0.0,0.0,0.0,0.0,Featherweight,35.8830242510699,0.4423076923076923,0.20689655172413768,0.7093421567754978,,0.0,0.0,0.0,0.0,17,0.7647058823529411,3.5529411764705885
Dominic Clark,10,7,0,0.07518896698050656,0.0,0.0,0.0,0.0,0.0,0.0,0.0,0.0,Welterweight,38.13361169102296,0.5218723584108196,0.34482758620689663,0.9418889115982227,,0.0,0.0,0.0,0.0,17,0.5882352941176471,3.51764705882353
Luis Mendoza,0,1,0,0.07518896698050656,0.0,0.0,0.0,0.0,0.0,0.0,0.0,0.0,Welterweight,38.13361169102296,0.5218723584108196,0.3329867729451857,0.9300480983365118,,0.0,0.0,0.0,0.0,1,0.0,0.2
Mike Altman,1,4,0,0.12027582548733588,1.56,0.2,2.08,0.75,0.0,0.0,0.0,0.0,Light Heavyweight,41.277864992150704,0.6674641148325355,0.34482758620689663,1.132567526526768,,0.0,0.23049999999999998,0.0,0.0,5,0.2,1.04
Jason Day,19,12,0,0.12027582548733588,3.61,0.54,3.46,0.47,1.13,1.0,0.0,0.0,Light Heavyweight,43.0,0.5384615384615383,0.41379310344827575,1.0725304673971499,,0.0,0.5619999999999999,0.0,1.2799999999999998,31,0.6129032258064516,6.322580645161291
Rickson Zenidim,14,2,0,0.030068956371833978,1.67,0.32,4.07,0.33,0.0,0.0,0.0,0.0,Flyweight,25.0,0.34615384615384626,0.24137931034482762,0.6176021128705078,,0.0,-0.07950000000000002,0.0,0.0,16,0.875,3.375
Greg Scott,3,4,0,0.06013791274366793,3.9,0.55,7.79,0.37,11.69,1.0,0.0,0.0,Featherweight,35.8830242510699,0.4423076923076923,0.3103448275862067,0.8127904326375669,,0.0,-0.027999999999999803,0.0,11.84,7,0.42857142857142855,1.4857142857142858
Jaime Jara,38,18,0,0.15037793396101312,2.2,0.6,1.47,0.56,0.0,0.0,0.25,0.0,Light Heavyweight,55.0,0.6674641148325355,0.4482758620689653,1.266117910862514,,0.0,0.5335,0.0,0.025,56,0.6785714285714286,11.335714285714287
Dayana Silva,7,4,0,0.045086858506829315,6.33,0.51,5.93,0.57,0.0,0.0,0.42,0.0,Featherweight,34.0,0.4423076923076923,0.24137931034482762,0.7287738611593493,,0.0,0.8805000000000001,0.0,0.042,11,0.6363636363636364,2.3272727272727276
Raul Castillo,7,1,0,0.12027582548733588,1.47,0.48,3.27,0.6,0.0,0.0,0.0,0.0,Light Heavyweight,41.277864992150704,0.6674641148325355,0.3793103448275862,1.1670502851474576,,0.0,0.063,0.0,0.0,8,0.875,1.7750000000000001
Matt Van Buren,7,6,0,0.15037793396101312,7.73,0.45,6.82,0.49,0.0,0.0,0.5,0.0,Light Heavyweight,41.277864992150704,0.6674641148325355,0.5862068965517243,1.404048945345273,3678.0,100.0,26.073,0.0,0.05,13,0.5384615384615384,2.707692307692308
Bronson Mohika,1,1,0,0.045086858506829315,0.0,0.0,0.0,0.0,0.0,0.0,0.0,0.0,Featherweight,35.8830242510699,0.4423076923076923,0.2688069758224335,0.7562015266369551,,0.0,0.0,0.0,0.0,2,0.5,0.5
Blake Watkins,5,1,0,0.12027582548733588,5.45,0.62,7.64,0.61,0.0,0.0,0.0,0.0,Light Heavyweight,41.277864992150704,0.6674641148325355,0.43297262375837825,1.2207125640782497,,0.0,0.43199999999999994,0.0,0.0,6,0.8333333333333334,1.366666666666667
Christian Ocon,2,1,0,0.045086858506829315,1.73,0.53,5.27,0.34,0.0,0.0,0.63,0.0,Featherweight,29.0,0.4230769230769229,0.2758620689655172,0.7440258505492694,,0.0,-0.20099999999999985,0.0,0.063,3,0.6666666666666666,0.7333333333333334
Bolaji Oki,8,1,0,0.07518896698050656,11.57,0.53,4.34,0.62,0.0,0.0,0.0,0.0,Welterweight,29.0,0.5769230769230766,0.34482758620689663,0.9969396301104798,137.0,0.0,2.4405,0.5,0.125,9,0.8888888888888888,1.9777777777777779
Yuele Huang,13,0,0,0.06013791274366793,0.0,0.0,0.0,0.0,0.0,0.0,0.0,0.0,Featherweight,35.8830242510699,0.4423076923076923,0.2688069758224335,0.7712525808737938,,0.0,0.0,0.0,0.0,13,1.0,2.8000000000000003
Ricardo Barros,2,2,0,0.15037793396101312,0.0,0.0,8.22,0.31,0.0,0.0,1.0,0.0,Light Heavyweight,41.277864992150704,0.6674641148325355,0.4482758620689653,1.266117910862514,,0.0,-1.1865,0.0,0.1,4,0.5,0.9
Tim Caron,7,1,0,0.12027582548733588,0.59,0.5,6.9,0.12,0.0,0.0,0.0,0.0,Light Heavyweight,37.0,0.6674641148325355,0.4482758620689653,1.2360158023888368,,0.0,-0.7694999999999999,0.0,0.0,8,0.875,1.7750000000000001
Alfred Khashakyan,8,3,0,0.045086858506829315,6.14,0.42,6.38,0.4,3.54,0.25,0.0,0.0,Featherweight,36.0,0.4615384615384617,0.2758620689655172,0.7824873890108082,,0.0,0.7220000000000001,0.0,3.5775,11,0.7272727272727273,2.3454545454545457
Justin McElfresh,6,4,0,0.15037793396101312,4.59,0.26,12.79,0.41,0.0,0.0,0.0,0.0,Light Heavyweight,45.0,0.6674641148325355,0.6206896551724138,1.4385317039659624,,0.0,-0.6575,0.0,0.0,10,0.6,2.12
Ian Butler,3,3,0,0.07518896698050656,2.09,0.14,6.69,0.36,0.0,0.0,0.5,0.0,Welterweight,38.13361169102296,0.5218723584108196,0.2758620689655172,0.8729233943568433,,0.0,-0.399,0.0,0.05,6,0.5,1.3000000000000003
Quinn Mulhern,18,4,0,0.07518896698050656,1.48,0.28,2.09,0.51,1.36,0.2,0.33,0.0,Welterweight,40.0,0.5218723584108196,0.5172413793103448,1.114302704701671,4057.0,50.0,12.689,0.0,1.423,22,0.8181818181818182,4.563636363636364
Brandon Sayles,5,1,0,0.24058480307651503,0.0,0.0,0.0,0.0,0.0,0.0,0.0,0.0,Heavyweight,44.17465753424658,0.7320261437908496,0.5862068965517243,1.5588178434190891,,0.0,0.0,0.0,0.0,6,0.8333333333333334,1.366666666666667
Lance Lawrence,4,1,0,0.06013791274366793,5.87,0.5,9.8,0.24,1.0,1.0,0.5,0.0,Featherweight,31.0,0.6153846153846154,0.4482758620689653,1.1237983901972486,,0.0,0.13350000000000017,0.0,1.2,5,0.8,1.1600000000000001
Stephen Palling,11,7,1,0.05712107147593157,0.0,0.0,0.0,0.0,0.0,0.0,0.0,0.0,Featherweight,35.8830242510699,0.4423076923076923,0.1379310344827586,0.6373597982663824,,0.0,0.0,0.0,0.0,19,0.5789473684210527,3.9157894736842107
Scott Baker,1,1,0,0.1578703089775892,0.0,0.0,0.0,0.0,0.0,0.0,0.0,0.0,Heavyweight,44.17465753424658,0.7320261437908496,0.41379310344827575,1.3036895562167146,,0.0,0.0,0.0,0.0,2,0.5,0.5
Steve Nelmark,2,1,0,0.20299031958626176,0.0,0.0,0.0,0.0,0.0,0.0,0.0,0.0,Heavyweight,44.17465753424658,0.7320261437908496,0.41379310344827575,1.3488095668253872,,0.0,0.0,0.0,0.0,3,0.6666666666666666,0.7333333333333334
Brian Warren,18,17,1,0.12027582548733588,1.16,0.21,4.63,0.57,0.0,0.0,0.0,0.0,Light Heavyweight,41.277864992150704,0.6674641148325355,0.41379310344827575,1.2015330437681473,,0.0,-0.277,0.0,0.0,36,0.5,7.3
Matt Lucas,15,3,0,0.15037793396101312,1.27,0.48,3.93,0.4,1.0,0.1,0.0,0.0,Light Heavyweight,41.277864992150704,0.6674641148325355,0.4482758620689653,1.266117910862514,4841.0,0.0,-0.11600000000000005,0.0,1.015,18,0.8333333333333334,3.7666666666666666
Jamey Simmons,7,4,0,0.045086858506829315,0.79,0.21,1.92,0.74,0.0,0.0,0.5,0.0,Featherweight,32.0,0.4615384615384617,0.20689655172413768,0.7135218717694287,1285.0,0.0,0.06250000000000006,0.5,0.175,11,0.6363636363636364,2.3272727272727276
Aaron Wilkinson,11,7,0,0.07518896698050656,0.0,0.0,0.0,1.0,7.32,1.0,0.0,0.0,Welterweight,38.0,0.5218723584108196,0.34482758620689663,0.9418889115982227,5184.0,0.0,0.15,1.0,7.720000000000001,18,0.6111111111111112,3.7222222222222223
Max Martyniouk,1,1,0,0.07518896698050656,0.0,0.0,0.0,0.0,0.0,0.0,0.0,0.0,Welterweight,38.13361169102296,0.5218723584108196,0.3329867729451857,0.9300480983365118,,0.0,0.0,0.0,0.0,2,0.5,0.5
Bryan Vetell,4,3,0,0.24058480307651503,2.74,0.6,2.13,0.41,0.0,0.0,0.0,0.0,Heavyweight,47.0,0.7320261437908496,0.5172413793103448,1.4898523261777092,,0.0,0.5470000000000002,0.0,0.0,7,0.5714285714285714,1.5142857142857145
Mario Neto,13,5,0,0.1864474207664766,1.89,0.5,1.89,0.7,2.84,1.0,0.0,0.0,Heavyweight,44.17465753424658,0.7320261437908496,0.41379310344827575,1.3322666680056021,,0.0,0.394,0.0,2.9899999999999998,18,0.7222222222222222,3.7444444444444445
David Rasouri,2,3,0,0.07518896698050656,0.0,0.0,0.0,0.0,0.0,0.0,0.0,0.0,Welterweight,38.13361169102296,0.5218723584108196,0.24137931034482762,0.8384406357361538,,0.0,0.0,0.0,0.0,5,0.4,1.08
Kaloyan Kolev,10,1,0,0.15037793396101312,1.12,0.45,4.49,0.42,10.11,0.6,0.0,0.0,Light Heavyweight,32.0,0.5769230769230766,0.48275862068965525,1.210059631573745,,0.0,-0.24049999999999994,0.0,10.2,11,0.9090909090909091,2.381818181818182
Emily Kagan,3,3,0,0.01501790213499534,2.6,0.36,5.29,0.38,1.86,0.14,0.5,0.0,Strawweight,33.46363636363636,0.21923076923076928,0.10344827586206903,0.33769694722783367,,0.0,-0.014500000000000068,0.0,1.931,6,0.5,1.3000000000000003
Sora Rakhmonova,4,1,0,0.030068956371833978,0.0,0.0,0.0,0.0,0.0,0.0,0.0,0.0,Flyweight,33.27091633466136,0.34781884781884764,0.1997023071198213,0.5775901113105029,,0.0,0.0,0.0,0.0,5,0.8,1.1600000000000001
Eric Irvin,11,4,0,0.07518896698050656,3.27,0.42,4.47,0.36,4.0,0.3,0.33,0.0,Welterweight,38.13361169102296,0.5218723584108196,0.2758620689655172,0.8729233943568433,,0.0,0.28500000000000003,0.0,4.078,15,0.7333333333333333,3.1466666666666665
Jonny Goh,3,4,0,0.07518896698050656,0.0,0.0,0.0,0.0,0.0,0.0,0.0,0.0,Welterweight,38.13361169102296,0.5218723584108196,0.3793103448275862,0.9763716702189124,,0.0,0.0,0.0,0.0,7,0.42857142857142855,1.4857142857142858
Waldo Cortes-Acosta,10,1,0,0.23305927595809578,6.97,0.5,4.06,0.52,0.0,0.0,0.6,0.0,Heavyweight,33.0,0.7692307692307692,0.5517241379310344,1.5540141831198993,277.0,16.666666666666664,5.478166666666667,0.0,0.06,11,0.9090909090909091,2.381818181818182
Terrion Ware,17,9,0,0.045086858506829315,4.02,0.32,6.07,0.5,0.5,0.22,0.44,0.0,Featherweight,38.0,0.5,0.2758620689655172,0.8209489274723465,2342.0,0.0,0.23349999999999993,0.0,0.5770000000000001,26,0.6538461538461539,5.330769230769231
Dan Stittgen,12,5,0,0.09773239623392123,2.97,0.46,4.42,0.37,0.78,1.0,1.0,0.0,Middleweight,44.0,0.5968489341983318,0.4482758620689653,1.1428571925012183,4599.0,50.0,12.727,0.0,1.03,17,0.7058823529411765,3.5411764705882356
Masanori Suda,22,11,3,0.1172921363214428,1.8,0.5,1.2,0.63,0.0,0.0,0.6,0.0,Middleweight,39.515151515151516,0.5968489341983318,0.3103448275862067,1.0244858981059815,,0.0,0.4645000000000001,0.0,0.06,36,0.6111111111111112,7.322222222222223
Laureano Staropoli,9,5,0,0.12027582548733588,3.31,0.34,3.73,0.54,0.83,0.26,0.48,0.0,Light Heavyweight,31.0,0.5,0.4482758620689653,1.068551687556301,1208.0,0.0,0.4169999999999999,0.0,0.917,14,0.6428571428571429,2.928571428571429
Kiefer Crosbie,10,4,0,0.09773239623392123,8.1,0.66,6.02,0.5,0.0,0.0,0.0,0.0,Middleweight,34.0,0.4615384615384617,0.3793103448275862,0.9385812025999691,200.0,0.0,1.3290000000000002,1.0,0.25,14,0.7142857142857143,2.942857142857143
Nick Bustamante,5,3,0,0.09773239623392123,0.0,0.0,0.0,0.0,0.0,0.0,0.0,0.0,Middleweight,39.515151515151516,0.5968489341983318,0.3103448275862067,1.0049261580184599,,0.0,0.0,0.0,0.0,8,0.625,1.725
Sako Chivitchian,8,1,0,0.07518896698050656,2.4,0.27,4.8,0.46,0.0,0.0,1.0,0.0,Welterweight,40.0,0.5218723584108196,0.3793103448275862,0.9763716702189124,5184.0,0.0,0.0030000000000001137,0.0,0.1,9,0.8888888888888888,1.9777777777777779
Joe Charles,6,13,0,0.23305927595809578,0.0,0.0,0.0,0.0,0.0,0.0,0.0,0.0,Heavyweight,44.17465753424658,0.7320261437908496,0.4482758620689653,1.4133612818179109,,0.0,0.0,0.0,0.0,19,0.3157894736842105,3.8631578947368426
Derrick Noble,27,15,1,0.09773239623392123,6.21,0.4,3.79,0.59,0.0,0.0,0.0,0.0,Middleweight,46.0,0.5968489341983318,0.3103448275862067,1.0049261580184599,,0.0,1.1525,0.0,0.0,43,0.627906976744186,8.725581395348836
Thomas Almeida,22,5,0,0.06013791274366793,4.84,0.43,4.93,0.61,0.17,0.14,0.75,0.0,Featherweight,33.0,0.4615384615384617,0.24137931034482762,0.7630556846269572,1418.0,60.0,15.648,0.0,0.266,27,0.8148148148148148,5.562962962962963
Takayo Hashi,15,6,1,0.045086858506829315,2.84,0.26,6.56,0.61,0.0,0.0,0.0,0.0,Featherweight,47.0,0.4423076923076923,0.1379310344827586,0.6253255852972802,,0.0,-0.13049999999999984,0.0,0.0,22,0.6818181818181818,4.536363636363637
Augusto Montano,15,3,0,0.09773239623392123,3.46,0.46,2.66,0.56,0.0,0.0,0.66,0.0,Middleweight,40.0,0.5769230769230766,0.4482758620689653,1.1229313352259633,3070.0,66.66666666666666,17.308666666666664,0.0,0.066,18,0.8333333333333334,3.7666666666666666
Edson Silva,14,12,0,0.15037793396101312,2.69,0.14,5.37,0.5,0.0,0.0,0.0,0.0,Light Heavyweight,41.277864992150704,0.6674641148325355,0.43297262375837825,1.250814672551927,,0.0,-0.030000000000000027,0.0,0.0,26,0.5384615384615384,5.3076923076923075
Devin Smyth,4,2,0,0.09773239623392123,2.6,0.68,6.73,0.25,4.0,0.26,1.0,0.0,Middleweight,29.0,0.5384615384615383,0.34482758620689663,0.9810215209023562,,0.0,-0.18600000000000005,0.0,4.138999999999999,6,0.6666666666666666,1.3333333333333335
Chan-Mi Jeon,5,2,0,0.01501790213499534,6.23,0.31,7.77,0.55,0.0,0.0,0.0,0.0,Strawweight,27.0,0.21923076923076928,0.17241379310344812,0.4066624644692127,,0.0,0.5365000000000002,0.0,0.0,7,0.7142857142857143,1.542857142857143
Zachary Borrego,3,1,0,0.12027582548733588,0.0,0.0,1.94,0.33,0.0,0.0,0.0,0.0,Light Heavyweight,28.0,0.7692307692307692,0.48275862068965525,1.3722652154077601,,0.0,-0.2415,0.0,0.0,4,0.75,0.9500000000000001
Vanessa Melo,11,8,0,0.045086858506829315,3.48,0.3,6.13,0.59,0.0,0.0,0.71,0.0,Featherweight,36.0,0.26923076923076916,0.17241379310344812,0.4867314208410466,1488.0,0.0,0.09899999999999998,0.0,0.071,19,0.5789473684210527,3.9157894736842107
Sione Latu,1,0,0,0.16539583609600847,0.0,0.0,0.0,0.0,0.0,0.0,0.0,0.0,Heavyweight,44.17465753424658,0.7320261437908496,0.41379310344827575,1.3112150833351337,,0.0,0.0,0.0,0.0,1,1.0,0.4
Ross Pearson,20,16,0,0.07518896698050656,3.68,0.4,4.09,0.62,0.74,0.35,0.75,0.0,Welterweight,40.0,0.4230769230769229,0.2758620689655172,0.7741279590229466,2146.0,34.78260869565217,9.175152173913043,0.043478260869565216,0.8783695652173913,36,0.5555555555555556,7.311111111111111
Sergei Pavlovich,18,2,0,0.22855059010741283,8.21,0.48,4.61,0.55,0.0,0.0,0.75,0.0,Heavyweight,32.0,1.0,0.5172413793103448,1.7457919694177577,235.0,88.88888888888889,23.76172222222222,0.0,0.07500000000000001,20,0.9,4.18
Jiniushiyue,13,2,0,0.030068956371833978,3.49,0.39,1.66,0.67,1.66,0.66,1.0,0.0,Flyweight,24.0,0.4230769230769229,0.2758620689655172,0.7290079484142741,,0.0,0.8020000000000002,0.0,1.859,15,0.8666666666666667,3.1733333333333333
Abus Magomedov,25,6,1,0.12027582548733588,3.73,0.42,5.36,0.54,0.61,0.5,1.0,0.0,Light Heavyweight,34.0,0.7692307692307692,0.48275862068965525,1.3722652154077601,109.0,40.0,10.2935,0.2,0.835,32,0.78125,6.55625
Patricky Freire,17,8,0,0.07518896698050656,3.06,0.44,3.34,0.69,1.26,0.33,1.0,0.0,Welterweight,38.13361169102296,0.5,0.24137931034482762,0.8165682773253342,,0.0,0.4555,0.0,1.4095000000000002,25,0.68,5.136
Ivan Lopez,14,3,1,0.045086858506829315,0.9,0.26,2.24,0.65,0.0,0.0,0.3,0.0,Featherweight,35.8830242510699,0.4423076923076923,0.20689655172413768,0.6942911025386593,,0.0,0.038500000000000034,0.0,0.03,18,0.7777777777777778,3.7555555555555555
Tony Johnson,11,3,0,0.24058480307651503,2.0,0.53,4.73,0.31,2.0,0.22,0.0,0.0,Heavyweight,44.17465753424658,0.7320261437908496,0.4482758620689653,1.4208868089363298,,0.0,-0.05700000000000005,0.0,2.033,14,0.7857142857142857,2.9571428571428573
Alessio Di Chirico,13,7,0,0.12027582548733588,3.32,0.39,3.44,0.61,1.46,0.39,0.83,0.0,Light Heavyweight,35.0,0.6153846153846154,0.41379310344827575,1.149453544320227,893.0,27.27272727272727,7.301681818181818,0.09090909090909091,1.6242272727272726,20,0.65,4.13
Carl Seumanutafa,10,8,0,0.22556690094151968,0.0,0.0,3.33,0.75,0.0,0.0,0.0,0.0,Heavyweight,44.17465753424658,0.7320261437908496,0.4482758620689653,1.4058689068013346,,0.0,-0.387,0.0,0.0,18,0.5555555555555556,3.7111111111111112
Aaron Wetherspoon,9,5,0,0.09773239623392123,2.27,0.32,4.33,0.45,0.0,0.0,0.77,0.0,Middleweight,39.515151515151516,0.5968489341983318,0.3835561420620804,1.0781374724943333,,0.0,0.04949999999999999,0.0,0.07700000000000001,14,0.6428571428571429,2.928571428571429
Enrique Watson,3,1,0,0.12027582548733588,0.0,0.0,0.0,0.0,0.0,0.0,0.0,0.0,Light Heavyweight,41.277864992150704,0.6674641148325355,0.43297262375837825,1.2207125640782497,,0.0,0.0,0.0,0.0,4,0.75,0.9500000000000001
Kelly Dullanty,4,2,0,0.07518896698050656,0.0,0.0,0.67,0.75,0.0,0.0,0.66,0.0,Welterweight,47.0,0.5218723584108196,0.2758620689655172,0.8729233943568433,,0.0,0.011999999999999983,0.0,0.066,6,0.6666666666666666,1.3333333333333335
Leslie Smith,10,7,1,0.045086858506829315,7.56,0.4,8.41,0.51,0.0,0.0,0.62,0.0,Featherweight,42.0,0.3076923076923075,0.3103448275862067,0.6631239937853435,2768.0,28.57142857142857,7.9278571428571425,0.0,0.062,18,0.5555555555555556,3.7111111111111112
Pedro Nobre,18,4,2,0.045086858506829315,1.37,0.3,9.16,0.35,0.0,0.0,0.0,0.0,Featherweight,35.8830242510699,0.4423076923076923,0.17241379310344812,0.6598083439179697,,0.0,-0.9189999999999998,0.0,0.0,24,0.75,4.950000000000001
Erick Sanchez,8,3,0,0.06013791274366793,0.0,0.0,0.0,0.0,0.0,0.0,0.0,0.0,Featherweight,35.8830242510699,0.4423076923076923,0.34482758620689663,0.8472731912582568,,0.0,0.0,0.0,0.0,11,0.7272727272727273,2.3454545454545457
Francisco Bueno,5,2,0,0.1804468903328471,0.0,0.0,0.0,0.0,0.0,0.0,0.0,0.0,Heavyweight,44.17465753424658,0.7320261437908496,0.3103448275862067,1.2228178617099035,,0.0,0.0,0.0,0.0,7,0.7142857142857143,1.542857142857143
Jeremy Jackson,9,5,0,0.09773239623392123,0.71,0.27,2.03,0.25,1.52,0.4,0.58,0.0,Middleweight,42.0,0.5968489341983318,0.34482758620689663,1.0394089166391498,,0.0,-0.035499999999999976,0.0,1.6380000000000001,14,0.6428571428571429,2.928571428571429
Tristan Arenal,7,4,0,0.07518896698050656,0.0,0.0,0.0,0.0,0.0,0.0,0.0,0.0,Welterweight,38.13361169102296,0.5218723584108196,0.3329867729451857,0.9300480983365118,,0.0,0.0,0.0,0.0,11,0.6363636363636364,2.3272727272727276
Tebaris Gordon,3,1,0,0.24058480307651503,3.53,0.16,49.41,0.22,0.0,0.0,0.0,0.0,Heavyweight,36.0,0.7320261437908496,0.4482758620689653,1.4208868089363298,,0.0,-6.4639999999999995,0.0,0.0,4,0.75,0.9500000000000001
Alvin Cacdac,18,13,0,0.030068956371833978,1.21,0.66,0.61,0.0,0.0,0.0,0.0,0.0,Flyweight,33.27091633466136,0.34781884781884764,0.20689655172413768,0.5847843559148194,,0.0,0.34299999999999997,0.0,0.0,31,0.5806451612903226,6.316129032258065
Joshua Weems,11,3,0,0.045086858506829315,5.25,0.64,3.34,0.61,4.77,0.4,1.0,0.0,Featherweight,30.0,0.4230769230769229,0.2758620689655172,0.7440258505492694,837.0,0.0,1.0310000000000001,1.0,5.179999999999999,14,0.7857142857142857,2.9571428571428573
Erick Montano,7,5,0,0.09773239623392123,2.79,0.44,2.06,0.64,2.29,0.36,0.66,0.0,Middleweight,39.0,0.5769230769230766,0.41379310344827575,1.0884485766052736,3021.0,33.33333333333333,8.905833333333332,0.3333333333333333,2.493333333333333,12,0.5833333333333334,2.516666666666667
Top Noi Kiwram,9,5,0,0.030068956371833978,4.47,0.59,3.23,0.66,2.72,0.85,0.74,0.0,Flyweight,32.0,0.34615384615384626,0.17241379310344812,0.5486365956291284,,0.0,0.8500000000000001,0.0,2.9215,14,0.6428571428571429,2.928571428571429
Kyle Reyes,15,7,0,0.06013791274366793,0.0,0.0,0.0,0.0,0.0,0.0,0.0,0.0,Featherweight,35.8830242510699,0.4423076923076923,0.2758620689655172,0.7783076740168774,,0.0,0.0,0.0,0.0,22,0.6818181818181818,4.536363636363637
Vince Morales,11,7,0,0.045086858506829315,4.17,0.37,4.24,0.53,0.14,0.25,0.64,0.0,Featherweight,34.0,0.4615384615384617,0.3103448275862067,0.8169701476314977,137.0,22.22222222222222,6.115555555555555,0.0,0.24150000000000002,18,0.6111111111111112,3.7222222222222223
Yukiya Naito,15,6,2,0.15037793396101312,1.54,0.33,5.13,0.6,0.0,0.0,0.0,0.0,Light Heavyweight,41.277864992150704,0.6674641148325355,0.4482758620689653,1.266117910862514,,0.0,-0.22849999999999993,0.0,0.0,23,0.6521739130434783,4.730434782608696
Joe Moreira,2,2,0,0.1353268797241745,0.0,0.0,0.0,0.0,0.0,0.0,0.0,0.0,Light Heavyweight,41.277864992150704,0.6674641148325355,0.3793103448275862,1.1821013393842963,,0.0,0.0,0.0,0.0,4,0.5,0.9
David Branch,22,6,0,0.12027582548733588,1.66,0.39,1.91,0.56,2.55,0.32,0.43,0.0,Light Heavyweight,43.0,0.7692307692307692,0.4482758620689653,1.3377824567870702,2146.0,33.33333333333333,8.623833333333332,0.3333333333333333,2.7243333333333335,28,0.7857142857142857,5.757142857142858
Gabriel Arges,0,0,0,0.09773239623392123,0.0,0.0,0.0,0.0,0.0,0.0,0.0,0.0,Middleweight,39.515151515151516,0.5968489341983318,0.3835561420620804,1.0781374724943333,,0.0,0.0,0.0,0.0,0,,
Dieusel Berto,0,3,0,0.14285240684259382,0.0,0.0,0.0,0.0,0.0,0.0,0.0,0.0,Light Heavyweight,41.277864992150704,0.6674641148325355,0.3103448275862067,1.120661349261336,,0.0,0.0,0.0,0.0,3,0.0,0.6000000000000001
Gleidson Cutis,7,4,0,0.07518896698050656,2.99,0.52,8.28,0.59,0.0,0.0,0.0,0.0,Welterweight,36.0,0.5218723584108196,0.3103448275862067,0.9074061529775328,,0.0,-0.3019999999999997,0.0,0.0,11,0.6363636363636364,2.3272727272727276
Brandon Visher,13,3,0,0.045086858506829315,2.55,0.45,3.76,0.42,0.67,0.2,0.0,0.0,Featherweight,40.0,0.3846153846153846,0.20689655172413768,0.6365987948463516,,0.0,0.22650000000000003,0.0,0.7000000000000001,16,0.8125,3.3625000000000003
Adlan Amagov,14,2,1,0.09773239623392123,3.29,0.47,0.82,0.78,5.84,0.56,1.0,0.0,Middleweight,38.0,0.6923076923076921,0.48275862068965525,1.2727987092312687,4134.0,50.0,13.4105,0.0,6.023999999999999,17,0.8235294117647058,3.5647058823529414
SeungWoo Choi,11,6,0,0.06013791274366793,3.48,0.38,3.02,0.47,0.87,0.54,0.69,0.0,Featherweight,32.0,0.6153846153846154,0.41379310344827575,1.089315631576559,207.0,42.857142857142854,11.277785714285715,0.14285714285714285,1.0557142857142858,17,0.6470588235294118,3.5294117647058827
Juan Adams,5,3,0,0.24058480307651503,7.09,0.55,4.06,0.34,0.91,0.66,0.57,0.0,Heavyweight,33.0,0.8461538461538458,0.5862068965517243,1.6729455457820852,1831.0,75.0,20.0745,0.0,1.066,8,0.625,1.725
War Machine,14,5,0,0.09773239623392123,2.32,0.6,3.17,0.43,1.16,0.5,0.4,0.0,Middleweight,43.0,0.5968489341983318,0.3793103448275862,1.0738916752598393,,0.0,0.289,0.0,1.275,19,0.7368421052631579,3.947368421052632
JungHyun Lee,8,1,0,0.030068956371833978,4.27,0.39,6.2,0.38,0.0,0.0,0.64,0.0,Flyweight,22.0,0.26923076923076916,0.17241379310344812,0.47171351870605127,,0.0,0.27249999999999996,0.0,0.064,9,0.8888888888888888,1.9777777777777779
CJ Hamilton,11,4,0,0.030068956371833978,2.47,0.31,3.93,0.58,0.0,0.0,0.62,0.0,Flyweight,38.0,0.3846153846153846,0.24137931034482762,0.6560636513320461,,0.0,0.17699999999999994,0.0,0.062,15,0.7333333333333333,3.1466666666666665
AJ Matthews,8,7,0,0.12027582548733588,5.11,0.52,4.96,0.51,0.0,0.0,1.0,0.0,Light Heavyweight,41.277864992150704,0.6674641148325355,0.3793103448275862,1.1670502851474576,,0.0,0.7140000000000002,0.0,0.1,15,0.5333333333333333,3.1066666666666665
James Toney,0,1,0,0.1729213632144278,0.0,0.0,2.41,0.27,0.0,0.0,0.0,0.0,Heavyweight,56.0,0.7320261437908496,0.3103448275862067,1.2152923345914841,5282.0,0.0,-0.321,1.0,0.25,1,0.0,0.2
William Macario,9,3,0,0.09773239623392123,4.92,0.54,3.96,0.65,1.85,0.45,0.78,0.0,Middleweight,33.0,0.6538461538461537,0.3793103448275862,1.1308888949076612,,0.0,0.8415,0.0,1.9955,12,0.75,2.5500000000000003
Modestas Bukauskas,15,6,0,0.15037793396101312,3.28,0.41,3.87,0.5,0.0,0.0,0.71,0.0,Light Heavyweight,31.0,0.7692307692307692,0.5172413793103448,1.436850082502127,200.0,25.0,6.6465000000000005,0.125,0.10225,21,0.7142857142857143,4.342857142857143
Mark Dickman,11,3,0,0.06013791274366793,0.0,0.0,0.0,0.0,0.0,0.0,0.0,0.0,Featherweight,35.8830242510699,0.4423076923076923,0.3103448275862067,0.8127904326375669,,0.0,0.0,0.0,0.0,14,0.7857142857142857,2.9571428571428573
Jared Gordon,20,6,0,0.07518896698050656,5.39,0.57,3.4,0.57,1.95,0.4,0.62,0.0,Welterweight,36.0,0.3846153846153846,0.3103448275862067,0.7701491791820978,235.0,35.714285714285715,9.96557142857143,0.07142857142857142,2.0898571428571424,26,0.7692307692307693,5.353846153846154
Floyd Sword,12,3,0,0.12027582548733588,0.78,0.42,1.57,0.4,0.0,0.0,0.33,0.0,Light Heavyweight,48.0,0.6674641148325355,0.41379310344827575,1.2015330437681473,,0.0,0.10350000000000004,0.0,0.033,15,0.8,3.16
Wes Albritton,0,1,0,0.12481766343986209,0.0,0.0,0.0,0.0,0.0,0.0,0.0,0.0,Light Heavyweight,41.277864992150704,0.6674641148325355,0.34482758620689663,1.1371093644792942,,0.0,0.0,0.0,0.0,1,0.0,0.2
Mauricio Alonso,13,7,0,0.09773239623392123,5.74,0.34,1.91,0.67,0.0,0.0,0.0,0.0,Middleweight,39.515151515151516,0.5968489341983318,0.48275862068965525,1.1773399511219083,,0.0,1.3170000000000002,0.0,0.0,20,0.65,4.13
Kyle Dietz,5,2,0,0.045086858506829315,1.82,0.45,2.08,0.62,0.0,0.0,0.0,0.0,Featherweight,38.0,0.4423076923076923,0.2758620689655172,0.7632566197800388,,0.0,0.326,0.0,0.0,7,0.7142857142857143,1.542857142857143
Alex Zuniga,6,3,0,0.06013791274366793,0.0,0.0,0.0,0.0,0.0,0.0,0.0,0.0,Featherweight,35.8830242510699,0.4423076923076923,0.2688069758224335,0.7712525808737938,,0.0,0.0,0.0,0.0,9,0.6666666666666666,1.9333333333333333
Ryan McGillivray,12,0,1,0.09773239623392123,1.27,0.2,2.2,0.52,0.0,0.0,0.44,0.0,Middleweight,39.515151515151516,0.5968489341983318,0.3793103448275862,1.0738916752598393,5002.0,0.0,0.10550000000000004,0.0,0.044000000000000004,13,0.9230769230769231,2.7846153846153845
Lissette Neri,6,4,0,0.06013791274366793,0.0,0.0,0.0,0.0,0.0,0.0,0.0,0.0,Featherweight,35.8830242510699,0.4423076923076923,0.0689655172413791,0.5714111222927394,,0.0,0.0,0.0,0.0,10,0.6,2.12
Pro Escobedo,1,0,0,0.15037793396101312,0.0,0.0,0.0,0.0,0.0,0.0,0.0,0.0,Light Heavyweight,41.277864992150704,0.6674641148325355,0.43297262375837825,1.250814672551927,,0.0,0.0,0.0,0.0,1,1.0,0.4
Dylan Mantello,7,3,0,0.07518896698050656,5.93,0.56,9.42,0.53,0.0,0.0,0.0,0.0,Welterweight,32.0,0.5769230769230766,0.4482758620689653,1.1003879059725485,,0.0,0.2609999999999999,0.0,0.0,10,0.7,2.14
Poliana Botelho,8,5,0,0.030068956371833978,2.9,0.58,2.8,0.54,0.85,0.57,0.76,0.0,Flyweight,36.0,0.34615384615384626,0.2758620689655172,0.6520848714911974,984.0,14.285714285714285,4.073428571428571,0.2857142857142857,1.0829285714285715,13,0.6153846153846154,2.723076923076923
Minoki Ichihara,0,1,0,0.10976660920302345,0.0,0.0,0.0,0.0,0.0,0.0,0.0,0.0,Middleweight,39.515151515151516,0.5968489341983318,0.24137931034482762,0.9479948537461829,,0.0,0.0,0.0,0.0,1,0.0,0.2
Cole Williams,11,3,0,0.09773239623392123,0.31,0.27,5.34,0.23,0.0,0.0,0.25,0.0,Middleweight,41.0,0.5769230769230766,0.41379310344827575,1.0884485766052736,1565.0,0.0,-0.6349999999999999,0.5,0.15,14,0.7857142857142857,2.9571428571428573
Isi Fitikefu,6,0,0,0.15037793396101312,0.0,0.0,0.0,0.0,0.0,0.0,0.0,0.0,Light Heavyweight,41.277864992150704,0.6674641148325355,0.34482758620689663,1.1626696350004453,,0.0,0.0,0.0,0.0,6,1.0,1.4000000000000001
Alexis Dufresne,6,3,0,0.045086858506829315,1.33,0.27,3.33,0.6,1.5,0.5,0.5,0.0,Featherweight,34.0,0.4423076923076923,0.3103448275862067,0.7977393784007283,3693.0,0.0,-0.022999999999999965,0.0,1.625,9,0.6666666666666666,1.9333333333333333
Silvana Gomez Juarez,11,5,0,0.01501790213499534,4.26,0.32,4.04,0.61,0.0,0.0,0.3,0.0,Strawweight,40.0,0.26923076923076916,0.10344827586206903,0.38769694722783354,823.0,25.0,6.8645,0.5,0.155,16,0.6875,3.3375000000000004
Tony Johnson,7,2,0,0.15037793396101312,4.0,0.92,3.67,0.22,0.0,0.0,0.9,0.0,Light Heavyweight,41.0,0.6923076923076921,0.48275862068965525,1.3254442469583605,,0.0,0.6664999999999999,0.0,0.09000000000000001,9,0.7777777777777778,1.9555555555555557
Alex Dunworth,2,2,0,0.07518896698050656,1.94,0.31,8.71,0.35,0.0,0.0,0.5,0.0,Welterweight,38.13361169102296,0.5218723584108196,0.2758620689655172,0.8729233943568433,,0.0,-0.7070000000000001,0.0,0.05,4,0.5,0.9
Brett Cooper,23,12,0,0.09773239623392123,0.0,0.0,0.0,0.0,0.0,0.0,0.0,0.0,Middleweight,37.0,0.5968489341983318,0.41379310344827575,1.1083744338805288,,0.0,0.0,0.0,0.0,35,0.6571428571428571,7.131428571428572
Joao Zaiden,10,3,0,0.15037793396101312,0.0,0.0,0.0,0.0,0.0,0.0,0.0,0.0,Light Heavyweight,41.277864992150704,0.6674641148325355,0.43297262375837825,1.250814672551927,,0.0,0.0,0.0,0.0,13,0.7692307692307693,2.753846153846154
Fabiano Scherner,11,10,0,0.22855059010741283,1.31,0.31,3.2,0.38,1.09,0.33,0.4,0.0,Heavyweight,52.0,0.7320261437908496,0.5172413793103448,1.4778181132086072,,0.0,-0.033499999999999974,0.0,1.1795000000000002,21,0.5238095238095238,4.304761904761905
Punahele Soriano,9,4,0,0.12027582548733588,3.96,0.45,4.55,0.48,0.79,0.4,0.33,0.0,Light Heavyweight,32.0,0.5384615384615383,0.3793103448275862,1.0380477087764604,249.0,37.5,9.844500000000002,0.125,0.9142500000000001,13,0.6923076923076923,2.7384615384615385
Lowell Anderson,0,1,0,0.08268134199708259,0.0,0.0,0.0,0.0,0.0,0.0,0.0,0.0,Welterweight,38.13361169102296,0.5218723584108196,0.20689655172413768,0.8114502521320399,,0.0,0.0,0.0,0.0,1,0.0,0.2
Eddie Sanchez,15,8,0,0.18797241745126642,3.45,0.43,3.3,0.43,1.13,0.26,0.42,0.0,Heavyweight,42.0,0.6153846153846154,0.48275862068965525,1.2861156535255371,,0.0,0.518,0.0,1.2109999999999999,23,0.6521739130434783,4.730434782608696
David Hood,1,3,0,0.14285240684259382,0.0,0.0,0.0,0.0,0.0,0.0,0.0,0.0,Light Heavyweight,41.277864992150704,0.6674641148325355,0.41379310344827575,1.2241096251234052,,0.0,0.0,0.0,0.0,4,0.25,0.8500000000000001
Dan Barrera,3,1,0,0.09773239623392123,0.8,0.7,1.2,0.28,1.0,0.08,0.0,0.0,Middleweight,44.0,0.5968489341983318,0.3103448275862067,1.0049261580184599,,0.0,0.20199999999999996,0.0,1.012,4,0.75,0.9500000000000001
Mike Bronzoulis,18,9,1,0.07518896698050656,1.13,0.34,2.54,0.37,0.0,0.0,0.33,0.0,Welterweight,38.13361169102296,0.5218723584108196,0.41379310344827575,1.0108544288396017,,0.0,0.024999999999999967,0.0,0.033,28,0.6428571428571429,5.7285714285714295
Greg Velasco,6,1,0,0.24058480307651503,0.0,0.0,1.52,0.0,0.0,0.0,0.0,0.0,Heavyweight,31.0,0.4615384615384617,0.48275862068965525,1.184881885304632,,0.0,-0.22799999999999998,0.0,0.0,7,0.8571428571428571,1.5714285714285716
Dae Won Kim,11,7,0,0.11278345047075986,1.75,0.32,2.51,0.36,3.43,0.42,0.0,0.0,Middleweight,39.515151515151516,0.5968489341983318,0.3793103448275862,1.088942729496678,,0.0,0.17900000000000016,0.0,3.4930000000000003,18,0.6111111111111112,3.7222222222222223
Yanis Ghemmouri,12,2,0,0.06013791274366793,2.27,0.38,4.22,0.4,0.0,0.0,0.0,0.0,Featherweight,30.0,0.4230769230769229,0.3103448275862067,0.7935596634067975,228.0,100.0,25.0705,0.0,0.0,14,0.8571428571428571,2.9714285714285715
Alex Ricci,10,5,0,0.07518896698050656,2.48,0.41,2.53,0.64,0.0,0.0,0.64,0.0,Welterweight,42.0,0.5218723584108196,0.3793103448275862,0.9763716702189124,,0.0,0.4185,0.0,0.064,15,0.6666666666666666,3.1333333333333333
Alex Crispin,0,1,0,0.07518896698050656,0.0,0.0,0.0,0.0,0.0,0.0,0.0,0.0,Welterweight,38.13361169102296,0.5218723584108196,0.3329867729451857,0.9300480983365118,,0.0,0.0,0.0,0.0,1,0.0,0.2
Aaron Miller,14,10,0,0.06013791274366793,0.0,0.0,0.0,0.0,0.0,0.0,0.0,0.0,Featherweight,35.8830242510699,0.4423076923076923,0.3103448275862067,0.8127904326375669,,0.0,0.0,0.0,0.0,24,0.5833333333333334,4.916666666666667
Ion Cherdivara,1,1,0,0.15037793396101312,0.0,0.0,0.0,0.0,0.0,0.0,0.0,0.0,Light Heavyweight,41.277864992150704,0.6674641148325355,0.43297262375837825,1.250814672551927,,0.0,0.0,0.0,0.0,2,0.5,0.5
Jeremy May,13,10,0,0.12027582548733588,0.0,0.0,0.0,0.0,0.0,0.0,0.0,0.0,Light Heavyweight,41.277864992150704,0.6674641148325355,0.4482758620689653,1.2360158023888368,,0.0,0.0,0.0,0.0,23,0.5652173913043478,4.71304347826087
Rodrigo Ruas,4,5,1,0.12027582548733588,1.28,0.35,7.0,0.41,0.0,0.0,0.0,0.0,Light Heavyweight,47.0,0.6674641148325355,0.34482758620689663,1.132567526526768,,0.0,-0.5985,0.0,0.0,10,0.4,2.08
Artem Frolov,11,0,0,0.12027582548733588,0.0,0.0,0.0,0.0,0.0,0.0,0.0,0.0,Light Heavyweight,41.277864992150704,0.6674641148325355,0.34482758620689663,1.132567526526768,,0.0,0.0,0.0,0.0,11,1.0,2.4000000000000004
Cody Stamann,21,6,1,0.045086858506829315,4.39,0.47,3.63,0.62,2.34,0.39,0.76,0.0,Featherweight,35.0,0.23076923076923084,0.20689655172413768,0.4827526410001978,95.0,7.142857142857142,2.525714285714286,0.21428571428571427,2.5280714285714283,28,0.75,5.750000000000001
Adam Schindler,10,6,0,0.07518896698050656,0.0,0.0,0.0,0.0,0.0,0.0,0.0,0.0,Welterweight,38.13361169102296,0.5218723584108196,0.2758620689655172,0.8729233943568433,,0.0,0.0,0.0,0.0,16,0.625,3.325
David Teymur,8,2,0,0.07518896698050656,4.69,0.43,3.53,0.55,0.94,0.33,0.77,0.0,Welterweight,35.0,0.5769230769230766,0.3103448275862067,0.9624568714897899,2202.0,33.33333333333333,9.144833333333333,0.16666666666666666,1.1081666666666667,10,0.8,2.16
Hans Nijman,9,7,0,0.21804137382310043,0.0,0.0,0.0,0.0,0.0,0.0,0.0,0.0,Heavyweight,65.0,0.7320261437908496,0.41379310344827575,1.363860621062226,,0.0,0.0,0.0,0.0,16,0.5625,3.3125
Fabio Gurgel,3,2,0,0.15037793396101312,0.0,0.0,0.0,0.0,0.0,0.0,0.0,0.0,Light Heavyweight,41.277864992150704,0.6674641148325355,0.41379310344827575,1.2316351522418243,,0.0,0.0,0.0,0.0,5,0.6,1.12
Mike Seal,13,15,1,0.12027582548733588,5.5,0.68,3.33,0.5,0.0,0.0,0.33,0.0,Light Heavyweight,41.277864992150704,0.6674641148325355,0.5517241379310344,1.3394640782509057,,0.0,1.0865,0.0,0.033,29,0.4482758620689655,5.889655172413794
Nikk Covert,3,4,0,0.12027582548733588,0.0,0.0,0.0,0.0,0.0,0.0,0.0,0.0,Light Heavyweight,41.277864992150704,0.6674641148325355,0.2758620689655172,1.0636020092853886,,0.0,0.0,0.0,0.0,7,0.42857142857142855,1.4857142857142858
Phil Harris,22,12,0,0.030068956371833978,2.34,0.26,3.16,0.68,1.76,0.21,0.6,0.0,Flyweight,41.0,0.26923076923076916,0.1379310344827586,0.43723076008536177,3861.0,25.0,6.515,0.25,1.9140000000000001,34,0.6470588235294118,6.9294117647058835
Hunter Worsham,7,3,0,0.12027582548733588,0.0,0.0,0.0,0.0,0.0,0.0,0.0,0.0,Light Heavyweight,41.277864992150704,0.6674641148325355,0.43297262375837825,1.2207125640782497,,0.0,0.0,0.0,0.0,10,0.7,2.14
Damien Trites,7,6,0,0.09020686911550194,0.0,0.0,0.0,0.0,0.0,0.0,0.0,0.0,Welterweight,38.13361169102296,0.5218723584108196,0.3793103448275862,0.9913895723539077,,0.0,0.0,0.0,0.0,13,0.5384615384615384,2.707692307692308
Jake Lindsey,12,7,0,0.07518896698050656,3.44,0.52,4.01,0.46,0.65,0.33,0.5,0.0,Welterweight,38.0,0.5218723584108196,0.3793103448275862,0.9763716702189124,3623.0,66.66666666666666,17.098166666666664,0.3333333333333333,0.8328333333333334,19,0.631578947368421,3.9263157894736844
Roland Payne,0,1,0,0.15037793396101312,0.0,0.0,0.0,0.0,0.0,0.0,0.0,0.0,Light Heavyweight,41.277864992150704,0.6674641148325355,0.3103448275862067,1.1281868763797553,,0.0,0.0,0.0,0.0,1,0.0,0.2
Greg McIntyre,6,4,0,0.07518896698050656,0.79,0.3,1.36,0.41,5.09,0.5,0.0,0.0,Welterweight,44.0,0.5218723584108196,0.34482758620689663,0.9418889115982227,,0.0,0.11499999999999999,0.0,5.165,10,0.6,2.12
Spencer Hearns,1,0,0,0.12027582548733588,0.0,0.0,0.0,0.0,0.0,0.0,0.0,0.0,Light Heavyweight,41.277864992150704,0.6674641148325355,0.3793103448275862,1.1670502851474576,,0.0,0.0,0.0,0.0,1,1.0,0.4
Dustin Jacoby,19,7,1,0.15037793396101312,5.46,0.46,4.02,0.59,0.4,0.25,0.6,0.0,Light Heavyweight,36.0,0.6923076923076921,0.5172413793103448,1.35992700557905,249.0,30.76923076923077,8.634807692307692,0.07692307692307693,0.5167307692307692,27,0.7037037037037037,5.540740740740741
Jamie Moyle,4,3,0,0.01501790213499534,4.51,0.51,4.0,0.65,1.0,0.21,0.5,0.0,Strawweight,35.0,0.26923076923076916,0.03448275862068955,0.31873142998645404,2412.0,0.0,0.727,0.0,1.0815000000000001,7,0.5714285714285714,1.5142857142857145
Steve Montgomery,9,5,0,0.12027582548733588,4.85,0.39,4.12,0.47,0.0,0.0,0.64,0.0,Light Heavyweight,34.0,0.6674641148325355,0.5517241379310344,1.3394640782509057,3378.0,50.0,13.243,0.0,0.064,14,0.6428571428571429,2.928571428571429
Scott Ventimiglia,14,6,1,0.12027582548733588,0.0,0.0,0.0,0.0,0.0,0.0,0.0,0.0,Light Heavyweight,41.277864992150704,0.6674641148325355,0.3793103448275862,1.1670502851474576,,0.0,0.0,0.0,0.0,21,0.6666666666666666,4.333333333333334
Sidney Silva,8,4,0,0.09773239623392123,2.86,0.65,3.3,0.34,3.3,1.0,0.0,0.0,Middleweight,52.0,0.5968489341983318,0.5172413793103448,1.2118227097425978,,0.0,0.4010000000000001,0.0,3.4499999999999997,12,0.6666666666666666,2.5333333333333337
Will Santiago,9,5,0,0.12027582548733588,1.47,0.39,5.53,0.56,1.0,0.5,1.0,0.0,Light Heavyweight,42.0,0.6674641148325355,0.24137931034482762,1.0291192506646991,,0.0,-0.30000000000000004,0.0,1.175,14,0.6428571428571429,2.928571428571429
Manuel Rodriguez,11,5,0,0.09773239623392123,0.81,0.33,3.23,0.38,9.09,0.75,0.0,0.0,Middleweight,39.0,0.5968489341983318,0.3103448275862067,1.0049261580184599,4443.0,0.0,-0.15899999999999997,0.0,9.2025,16,0.6875,3.3375000000000004
Kristian Rothaermel,4,3,0,0.15037793396101312,0.75,0.5,2.49,0.41,0.0,0.0,0.0,0.0,Light Heavyweight,53.0,0.6674641148325355,0.41379310344827575,1.2316351522418243,,0.0,-0.024500000000000022,0.0,0.0,7,0.5714285714285714,1.5142857142857145
Jamahal Hill,12,1,0,0.15037793396101312,7.31,0.54,3.35,0.47,0.0,0.0,0.73,0.0,Light Heavyweight,33.0,0.8076923076923075,0.5517241379310344,1.509794379584355,305.0,66.66666666666666,18.170166666666663,0.0,0.073,13,0.9230769230769231,2.7846153846153845
Chad Cook,10,12,0,0.15037793396101312,0.0,0.0,0.0,0.0,0.0,0.0,0.0,0.0,Light Heavyweight,41.277864992150704,0.6674641148325355,0.48275862068965525,1.300600669483204,,0.0,0.0,0.0,0.0,22,0.45454545454545453,4.490909090909091
Mark Striegl,18,4,0,0.06013791274366793,1.4,0.45,4.07,0.4,0.0,0.0,0.66,0.0,Featherweight,36.0,0.4615384615384617,0.2758620689655172,0.7975384432476468,1089.0,50.0,12.3895,0.0,0.066,22,0.8181818181818182,4.563636363636364
SeungGuk Choi,7,3,0,0.030068956371833978,2.69,0.42,2.69,0.65,1.02,0.27,0.74,0.0,Flyweight,28.0,0.23076923076923084,0.20689655172413768,0.4677347388652025,739.0,0.0,0.4505,1.0,1.3845,10,0.7,2.14
Ray Sefo,2,2,0,0.20299031958626176,0.86,0.31,1.71,0.72,0.0,0.0,0.66,0.0,Heavyweight,53.0,0.7320261437908496,0.41379310344827575,1.3488095668253872,,0.0,0.1285,0.0,0.066,4,0.5,0.9
Sandra Lavado,10,3,0,0.01501790213499534,0.87,0.37,2.67,0.34,0.0,0.0,0.33,0.0,Strawweight,30.0,0.3076923076923075,0.24137931034482762,0.5640895201721304,,0.0,-0.057999999999999996,0.0,0.033,13,0.7692307692307693,2.753846153846154
Hugo Viana,8,4,0,0.045086858506829315,3.05,0.38,3.2,0.57,0.22,0.06,0.5,0.0,Featherweight,42.0,0.34615384615384626,0.20689655172413768,0.5981372563848133,3483.0,50.0,12.943999999999999,0.0,0.279,12,0.6666666666666666,2.5333333333333337
Claudio Mattos,5,4,0,0.12027582548733588,0.0,0.0,3.53,0.0,0.0,0.0,0.0,0.0,Light Heavyweight,41.277864992150704,0.6674641148325355,0.43297262375837825,1.2207125640782497,,0.0,-0.5295,0.0,0.0,9,0.5555555555555556,1.9111111111111112
Gareth Joseph,9,5,0,0.15037793396101312,0.0,0.0,0.0,0.0,0.0,0.0,0.0,0.0,Light Heavyweight,41.277864992150704,0.6674641148325355,0.43297262375837825,1.250814672551927,,0.0,0.0,0.0,0.0,14,0.6428571428571429,2.928571428571429
Tom Watson,17,9,0,0.12027582548733588,4.01,0.44,4.41,0.5,0.15,0.07,0.43,0.0,Light Heavyweight,42.0,0.5769230769230766,0.4482758620689653,1.1454747644793777,3476.0,14.285714285714285,4.075428571428571,0.0,0.20350000000000001,26,0.6538461538461539,5.330769230769231
Steve Bosse,12,2,0,0.15037793396101312,5.99,0.52,5.38,0.5,0.92,0.33,1.0,0.0,Light Heavyweight,43.0,0.5384615384615383,0.3793103448275862,1.0681498172501376,3161.0,66.66666666666666,17.536166666666666,0.0,1.0695000000000001,14,0.8571428571428571,2.9714285714285715
Tiki Ghosn,10,7,1,0.09773239623392123,2.78,0.46,2.94,0.58,0.41,0.5,0.61,0.0,Middleweight,48.0,0.5968489341983318,0.34482758620689663,1.0394089166391498,,0.0,0.4329999999999999,0.0,0.546,18,0.5555555555555556,3.7111111111111112
Brunno Ferreira,10,1,0,0.12027582548733588,5.79,0.53,5.22,0.47,0.0,0.0,0.5,0.0,Light Heavyweight,32.0,0.5384615384615383,0.34482758620689663,1.0035649501557709,109.0,80.0,20.840999999999998,0.2,0.1,11,0.9090909090909091,2.381818181818182
Jhonata Diniz,6,0,0,0.22404190425672985,7.69,0.42,7.38,0.36,0.0,0.0,1.0,0.0,Heavyweight,33.0,0.8076923076923075,0.5517241379310344,1.5834583498800718,88.0,33.33333333333333,9.286833333333332,0.0,0.1,6,1.0,1.4000000000000001
Stephanie Luciano,5,1,1,0.01501790213499534,5.8,0.57,2.33,0.61,1.0,1.0,0.83,0.0,Strawweight,25.0,0.26923076923076916,0.20689655172413768,0.49114522308990216,186.0,0.0,1.306,0.0,1.2329999999999999,7,0.7142857142857143,1.542857142857143
Erick Gonzalez,14,8,0,0.07518896698050656,2.4,0.36,8.08,0.4,6.0,0.55,0.5,0.0,Welterweight,33.0,0.6538461538461537,0.3793103448275862,1.1083454656542466,718.0,66.66666666666666,16.186666666666664,0.3333333333333333,6.215833333333332,22,0.6363636363636364,4.527272727272727
Bharat Kandare,5,3,0,0.045086858506829315,0.7,0.1,1.88,0.72,0.0,0.0,0.0,0.0,Featherweight,37.0,0.5384615384615383,0.24137931034482762,0.8249277073131953,2636.0,0.0,0.02100000000000002,1.0,0.25,8,0.625,1.725
Drew Dimanlig,3,4,0,0.12027582548733588,3.7,0.73,3.17,0.2,0.0,0.0,0.0,0.0,Light Heavyweight,41.277864992150704,0.6674641148325355,0.43297262375837825,1.2207125640782497,,0.0,0.6255,0.0,0.0,7,0.42857142857142855,1.4857142857142858
Yousri Belgaroui,5,3,0,0.12027582548733588,2.2,0.47,3.2,0.51,0.0,0.0,0.75,0.0,Light Heavyweight,37.0,0.8076923076923075,0.5862068965517243,1.5141750297313676,,0.0,0.24050000000000005,0.0,0.07500000000000001,8,0.625,1.725
John Makdessi,18,9,0,0.07518896698050656,5.52,0.49,4.15,0.68,0.0,0.0,0.86,0.0,Welterweight,39.0,0.3846153846153846,0.2758620689655172,0.7356664205614083,522.0,25.0,7.2075,0.05,0.0985,27,0.6666666666666666,5.533333333333334
James Barnes,14,5,0,0.045086858506829315,0.57,0.34,3.02,0.39,1.08,0.16,0.4,0.0,Featherweight,42.0,0.5,0.2758620689655172,0.8209489274723465,,0.0,-0.18399999999999994,0.0,1.1440000000000001,19,0.7368421052631579,3.947368421052632
Mitchell Sipe,4,1,0,0.21051584670468107,5.5,0.56,9.98,0.46,1.53,0.2,0.0,0.0,Heavyweight,28.0,0.7320261437908496,0.48275862068965525,1.425300611185186,,0.0,0.05899999999999994,0.0,1.56,5,0.8,1.1600000000000001
Daniel Spitz,6,3,0,0.21051584670468107,2.6,0.35,5.3,0.46,0.74,0.66,0.0,0.0,Heavyweight,34.0,0.9230769230769229,0.6551724137931033,1.7887651835747072,1944.0,50.0,12.494,0.0,0.839,9,0.6666666666666666,1.9333333333333333
Raja Shippen,18,11,1,0.06013791274366793,0.0,0.0,0.0,0.0,0.0,0.0,0.0,0.0,Featherweight,35.8830242510699,0.4423076923076923,0.20689655172413768,0.7093421567754978,,0.0,0.0,0.0,0.0,30,0.6,6.12
Ailiya Muratbek,9,2,0,0.07518896698050656,0.0,0.0,0.0,0.0,0.0,0.0,0.0,0.0,Welterweight,38.13361169102296,0.5218723584108196,0.3329867729451857,0.9300480983365118,,0.0,0.0,0.0,0.0,11,0.8181818181818182,2.3636363636363638
Michal Figlak,8,1,0,0.07518896698050656,1.87,0.29,4.0,0.44,1.0,0.2,0.57,0.0,Welterweight,28.0,0.4615384615384617,0.34482758620689663,0.8815550147258648,291.0,0.0,-0.008499999999999841,0.0,1.087,9,0.8888888888888888,1.9777777777777779
Jose Canseco,0,1,0,0.20299031958626176,0.78,0.1,4.68,0.62,0.0,0.0,0.0,0.0,Heavyweight,60.0,0.7320261437908496,0.5517241379310344,1.4867406013081457,,0.0,-0.3939999999999999,0.0,0.0,1,0.0,0.2
Chad Griggs,11,3,0,0.15037793396101312,2.67,0.5,2.22,0.46,1.51,0.66,0.41,0.0,Light Heavyweight,46.0,0.5769230769230766,0.4482758620689653,1.1755768729530551,4470.0,0.0,0.5035000000000001,1.0,1.9,14,0.7857142857142857,2.9571428571428573
Dmitri Stepanov,0,1,0,0.16841267736374488,0.0,0.0,0.0,0.0,0.0,0.0,0.0,0.0,Heavyweight,44.17465753424658,0.7320261437908496,0.5172413793103448,1.4176802004649391,,0.0,0.0,0.0,0.0,1,0.0,0.2
Josh Haynes,14,11,0,0.09773239623392123,1.25,0.22,4.03,0.52,0.94,0.18,0.42,0.0,Middleweight,47.0,0.5968489341983318,0.3103448275862067,1.0049261580184599,,0.0,-0.17000000000000004,0.0,1.009,25,0.56,5.112
Seichi Ikemoto,21,19,5,0.09471555496618486,2.59,0.32,3.74,0.57,1.23,0.26,0.6,0.0,Welterweight,49.0,0.5218723584108196,0.3793103448275862,0.9958982582045907,,0.0,0.236,0.0,1.329,45,0.4666666666666667,9.093333333333334
Matt Skelton,0,1,0,0.24058480307651503,0.0,0.0,0.54,0.0,0.0,0.0,0.66,0.0,Heavyweight,58.0,0.7320261437908496,0.5172413793103448,1.4898523261777092,,0.0,-0.081,0.0,0.066,1,0.0,0.2
Lina Kvokov,0,3,0,0.045086858506829315,2.31,0.3,12.12,0.19,0.0,0.0,0.0,0.0,Featherweight,35.8830242510699,0.4423076923076923,0.3103448275862067,0.7977393784007283,,0.0,-1.152,0.0,0.0,3,0.0,0.6000000000000001
Todd Duffee,9,3,0,0.23305927595809578,5.93,0.37,2.87,0.56,0.72,0.25,0.9,0.0,Heavyweight,39.0,0.7692307692307692,0.5172413793103448,1.5195314244992097,3500.0,100.0,26.21,0.0,0.8474999999999999,12,0.75,2.5500000000000003
Lyman Good,21,6,0,0.09773239623392123,5.34,0.48,4.01,0.63,0.27,1.0,0.75,0.0,Middleweight,39.0,0.6153846153846154,0.41379310344827575,1.1269101150668124,1698.0,50.0,13.424000000000001,0.16666666666666666,0.5366666666666667,27,0.7777777777777778,5.555555555555556
Jutaro Nakao,25,19,4,0.09773239623392123,0.53,0.38,1.06,0.44,0.38,0.5,0.56,0.0,Middleweight,54.0,0.5968489341983318,0.3103448275862067,1.0049261580184599,,0.0,0.11550000000000002,0.0,0.511,48,0.5208333333333334,9.704166666666667
Pietro Menga,13,0,0,0.030068956371833978,0.0,0.0,0.0,0.0,0.0,0.0,0.0,0.0,Flyweight,36.0,0.3846153846153846,0.24137931034482762,0.6560636513320461,,0.0,0.0,0.0,0.0,13,1.0,2.8000000000000003
Isis Verbeek,5,2,0,0.01501790213499534,3.13,0.43,3.53,0.53,0.0,0.0,0.66,0.0,Strawweight,30.0,0.23076923076923084,0.1379310344827586,0.3837181673869848,,0.0,0.4185,0.0,0.066,7,0.7142857142857143,1.542857142857143
Shane Primm,5,5,0,0.15037793396101312,0.83,0.26,2.25,0.62,1.78,0.2,0.0,0.0,Light Heavyweight,40.0,0.6674641148325355,0.5172413793103448,1.3350834281038935,,0.0,0.015000000000000069,0.0,1.81,10,0.5,2.1
Naho Sugiyuma,12,5,0,0.0,2.59,0.48,2.45,0.71,2.05,1.0,0.66,0.0,Strawweight,33.46363636363636,0.21923076923076928,0.03448275862068955,0.25371352785145884,,0.0,0.4825,0.0,2.2659999999999996,17,0.7058823529411765,3.5411764705882356
Anthony Lapsley,23,7,0,0.09773239623392123,0.53,0.34,0.58,0.66,0.0,0.0,0.2,0.0,Middleweight,44.0,0.5968489341983318,0.3103448275862067,1.0049261580184599,3931.0,50.0,12.7125,0.0,0.020000000000000004,30,0.7666666666666667,6.153333333333333
Jason Freeman,6,4,0,0.1804468903328471,0.0,0.0,0.0,0.0,0.0,0.0,0.0,0.0,Heavyweight,44.17465753424658,0.7320261437908496,0.48275862068965525,1.3952316548133519,,0.0,0.0,0.0,0.0,10,0.6,2.12
Eddie Mendez,8,3,1,0.12027582548733588,1.71,0.33,3.43,0.11,0.0,0.0,0.0,0.0,Light Heavyweight,41.277864992150704,0.6674641148325355,0.34482758620689663,1.132567526526768,4267.0,0.0,-0.0044999999999999485,1.0,0.25,12,0.6666666666666666,2.5333333333333337
Joe Neal,6,2,0,0.045086858506829315,1.87,0.19,3.8,0.66,0.0,0.0,0.0,0.0,Featherweight,35.8830242510699,0.4423076923076923,0.20689655172413768,0.6942911025386593,,0.0,0.034500000000000086,0.0,0.0,8,0.75,1.75
Courtney Buck,12,11,0,0.045086858506829315,1.49,0.28,3.24,0.54,0.0,0.0,0.33,0.0,Featherweight,42.0,0.4423076923076923,0.34482758620689663,0.8322221370214182,,0.0,0.023499999999999965,0.0,0.033,23,0.5217391304347826,4.704347826086957
Bartosz Fabinski,15,5,0,0.09773239623392123,2.23,0.68,1.46,0.51,7.1,0.7,0.8,0.0,Middleweight,38.0,0.6538461538461537,0.41379310344827575,1.1653716535283507,1397.0,0.0,0.551,0.16666666666666666,7.326666666666667,20,0.75,4.15
Steve Jennum,2,3,0,0.16539583609600847,0.0,0.0,0.0,0.0,0.0,0.0,0.0,0.0,Heavyweight,44.17465753424658,0.7320261437908496,0.34482758620689663,1.2422495660937547,,0.0,0.0,0.0,0.0,5,0.4,1.08
Sim Kai Xiong,5,1,0,0.030068956371833978,3.19,0.63,4.56,0.47,6.84,0.28,0.0,0.0,Flyweight,27.0,0.3076923076923075,0.17241379310344812,0.5101750571675896,,0.0,0.31000000000000005,0.0,6.882,6,0.8333333333333334,1.366666666666667
Amir Aliakbari,10,1,0,0.21804137382310043,0.0,0.0,0.0,0.0,0.0,0.0,0.0,0.0,Heavyweight,44.17465753424658,0.7320261437908496,0.5172413793103448,1.467308896924295,,0.0,0.0,0.0,0.0,11,0.9090909090909091,2.381818181818182
Melissa Dixon,6,0,0,0.045086858506829315,3.47,0.54,3.2,0.55,0.0,0.0,0.75,0.0,Featherweight,33.0,0.3846153846153846,0.24137931034482762,0.6710815534670416,,0.0,0.5780000000000001,0.0,0.07500000000000001,6,1.0,1.4000000000000001
Courtney Turner,0,3,0,0.09773239623392123,0.0,0.0,0.0,0.0,0.0,0.0,0.0,0.0,Middleweight,39.515151515151516,0.5968489341983318,0.48275862068965525,1.1773399511219083,,0.0,0.0,0.0,0.0,3,0.0,0.6000000000000001
Ray Sloan,8,1,0,0.15037793396101312,0.0,0.0,0.0,0.0,0.0,0.0,0.0,0.0,Light Heavyweight,41.277864992150704,0.6674641148325355,0.4482758620689653,1.266117910862514,,0.0,0.0,0.0,0.0,9,0.8888888888888888,1.9777777777777779
Olivier Murad,6,0,0,0.06013791274366793,2.6,0.36,2.2,0.61,1.0,1.0,0.55,0.0,Featherweight,31.0,0.5384615384615383,0.34482758620689663,0.9434270374121029,,0.0,0.4835,0.0,1.2049999999999998,6,1.0,1.4000000000000001
Chi Lewis-Parry,7,0,1,0.2074990054369447,0.0,0.0,0.0,0.0,0.0,0.0,0.0,0.0,Heavyweight,44.17465753424658,0.7320261437908496,0.7241379310344829,1.6636630802622772,,0.0,0.0,0.0,0.0,8,0.875,1.7750000000000001
Jon Manley,9,4,0,0.09773239623392123,1.13,0.2,4.33,0.45,1.0,0.07,0.2,0.0,Middleweight,38.0,0.5968489341983318,0.4482758620689653,1.1428571925012183,4372.0,0.0,-0.25949999999999995,0.0,1.0305,13,0.6923076923076923,2.7384615384615385
Jae Suk Lim,17,6,0,0.09773239623392123,2.43,0.5,4.05,0.37,12.16,1.0,1.0,0.0,Middleweight,45.0,0.5968489341983318,0.3103448275862067,1.0049261580184599,,0.0,0.15550000000000008,0.0,12.41,23,0.7391304347826086,4.747826086956522
Mychal Clark,10,14,0,0.17892189364805727,5.8,0.56,2.9,0.59,0.0,0.0,0.0,0.0,Heavyweight,44.17465753424658,0.7320261437908496,0.5172413793103448,1.4281894167492517,,0.0,1.2155,0.0,0.0,24,0.4166666666666667,4.883333333333334
Dominic Brown,16,23,0,0.12780135260575523,0.0,0.0,0.0,0.0,0.0,0.0,0.0,0.0,Light Heavyweight,41.277864992150704,0.6674641148325355,0.3793103448275862,1.174575812265877,,0.0,0.0,0.0,0.0,39,0.41025641025641024,7.8820512820512825
Emilio Cuellar,6,1,0,0.030068956371833978,0.0,0.0,0.0,0.0,0.0,0.0,0.0,0.0,Flyweight,33.27091633466136,0.34781884781884764,0.1997023071198213,0.5775901113105029,,0.0,0.0,0.0,0.0,7,0.8571428571428571,1.5714285714285716
Zarah Fairn,6,6,0,0.045086858506829315,4.55,0.31,7.4,0.45,0.0,0.0,0.6,0.0,Featherweight,41.0,0.5384615384615383,0.2758620689655172,0.8594104659338848,529.0,25.0,6.406999999999999,0.25,0.1225,12,0.5,2.5000000000000004
Azunna Anyanwu,14,5,0,0.21953321840604695,2.47,0.42,2.47,0.69,0.65,1.0,0.0,0.0,Heavyweight,43.0,0.7320261437908496,0.4482758620689653,1.3998352242658618,,0.0,0.43450000000000005,0.0,0.8,19,0.7368421052631579,3.947368421052632
Hashem Arkhagha,6,1,0,0.12027582548733588,1.84,0.44,8.97,0.43,0.0,0.0,0.5,0.0,Light Heavyweight,35.0,0.6538461538461537,0.48275862068965525,1.2568806000231447,,0.0,-0.7330000000000001,0.0,0.05,7,0.8571428571428571,1.5714285714285716
Albert Rios,13,6,0,0.06013791274366793,0.0,0.0,0.0,0.0,0.0,0.0,0.0,0.0,Featherweight,35.8830242510699,0.4423076923076923,0.2758620689655172,0.7783076740168774,,0.0,0.0,0.0,0.0,19,0.6842105263157895,3.936842105263158
Tatsuya Ando,13,3,1,0.045086858506829315,0.0,0.0,0.0,0.0,0.0,0.0,0.0,0.0,Featherweight,35.8830242510699,0.4423076923076923,0.2688069758224335,0.7562015266369551,,0.0,0.0,0.0,0.0,17,0.7647058823529411,3.5529411764705885
Won Jin Eoh,5,5,1,0.08268134199708259,3.74,0.44,3.58,0.46,0.0,0.0,0.5,0.0,Welterweight,38.13361169102296,0.5218723584108196,0.24137931034482762,0.8459330107527299,,0.0,0.555,0.0,0.05,11,0.45454545454545453,2.290909090909091
Guram Kutateladze,12,4,0,0.07518896698050656,4.62,0.45,4.53,0.56,0.69,0.18,0.75,0.0,Welterweight,33.0,0.5384615384615383,0.3793103448275862,0.9929608502696311,193.0,25.0,6.899500000000001,0.0,0.792,16,0.75,3.35
Khaos Williams,14,3,0,0.09773239623392123,5.77,0.39,5.33,0.42,0.0,0.0,0.8,0.0,Middleweight,30.0,0.7307692307692308,0.41379310344827575,1.2422947304514278,270.0,28.57142857142857,7.926857142857143,0.0,0.08000000000000002,17,0.8235294117647058,3.5647058823529414
Marcin Bandel,15,7,0,0.07518896698050656,0.79,0.5,5.26,0.23,0.0,0.0,0.0,0.0,Welterweight,35.0,0.5218723584108196,0.34482758620689663,0.9418889115982227,3595.0,100.0,24.543,0.0,0.0,22,0.6818181818181818,4.536363636363637
Loik Radzhabov,17,5,1,0.07518896698050656,2.61,0.42,5.31,0.46,7.3,0.52,0.5,0.0,Welterweight,34.0,0.4230769230769229,0.3793103448275862,0.8775762348850157,207.0,50.0,12.509,0.0,7.428,23,0.7391304347826086,4.747826086956522
Drakkar Klose,14,2,1,0.07518896698050656,4.33,0.55,3.4,0.52,1.78,0.3,0.68,0.0,Welterweight,36.0,0.4615384615384617,0.3103448275862067,0.8470722561051749,284.0,20.0,5.7605,0.1,1.918,17,0.8235294117647058,3.5647058823529414
Ruslan Magomedov,14,1,0,0.20600716085399814,4.02,0.47,1.47,0.66,0.33,1.0,0.88,0.0,Heavyweight,38.0,0.7692307692307692,0.5172413793103448,1.492479309395112,3420.0,0.0,0.9774999999999999,0.0,0.568,15,0.9333333333333333,3.1866666666666665
Blood Diamond,3,3,0,0.09773239623392123,3.12,0.55,2.17,0.48,0.0,0.0,0.73,0.0,Middleweight,36.0,0.6923076923076921,0.3793103448275862,1.1693504333691995,522.0,0.0,0.6365000000000001,0.3333333333333333,0.15633333333333332,6,0.5,1.3000000000000003
Viktor Pesta,10,4,0,0.20299031958626176,1.58,0.36,2.54,0.56,3.29,0.28,1.0,0.0,Heavyweight,34.0,0.7307692307692308,0.5172413793103448,1.4510009296658373,2950.0,40.0,10.17,0.2,3.4819999999999998,14,0.7142857142857143,2.942857142857143
Jerron Peoples,4,3,0,0.09773239623392123,0.0,0.0,0.0,0.0,0.0,0.0,0.0,0.0,Middleweight,39.515151515151516,0.5968489341983318,0.41379310344827575,1.1083744338805288,,0.0,0.0,0.0,0.0,7,0.5714285714285714,1.5142857142857145
Lucas Gamaza,8,4,0,0.09773239623392123,7.57,0.31,6.99,0.45,0.0,0.0,0.0,0.0,Middleweight,39.515151515151516,0.5968489341983318,0.3835561420620804,1.0781374724943333,,0.0,0.9735000000000003,0.0,0.0,12,0.6666666666666666,2.5333333333333337
Xie Bin,8,4,0,0.06013791274366793,2.24,0.39,3.08,0.59,4.81,0.45,0.0,0.0,Featherweight,26.0,0.5,0.34482758620689663,0.9049654989505646,,0.0,0.2645000000000002,0.0,4.8774999999999995,12,0.6666666666666666,2.5333333333333337
Ron Henderson,4,3,0,0.030068956371833978,2.53,0.25,3.6,0.48,1.0,0.2,0.0,0.0,Flyweight,33.27091633466136,0.34781884781884764,0.34482758620689663,0.7227153903975783,,0.0,0.2144999999999999,0.0,1.03,7,0.5714285714285714,1.5142857142857145
Ryan Larson,6,2,0,0.09773239623392123,0.0,0.0,0.0,0.0,0.0,0.0,0.0,0.0,Middleweight,39.515151515151516,0.5968489341983318,0.3835561420620804,1.0781374724943333,,0.0,0.0,0.0,0.0,8,0.75,1.75
Randall Wallace,15,6,0,0.12027582548733588,1.13,0.38,4.11,0.45,2.13,0.5,0.0,0.0,Light Heavyweight,35.0,0.5769230769230766,0.3793103448275862,1.0765092472379987,,0.0,-0.19050000000000006,0.0,2.205,21,0.7142857142857143,4.342857142857143
JJ Ambrose,28,7,0,0.09773239623392123,3.16,0.69,6.32,0.33,0.0,0.0,0.5,0.0,Middleweight,39.515151515151516,0.5968489341983318,0.34482758620689663,1.0394089166391498,,0.0,0.02950000000000008,0.0,0.05,35,0.8,7.16
Marcos Conrado Jr.,5,1,0,0.1729213632144278,1.6,0.34,9.69,0.35,1.84,0.14,0.0,0.0,Heavyweight,42.0,0.7320261437908496,0.48275862068965525,1.3877061276949325,,0.0,-0.9329999999999997,0.0,1.861,6,0.8333333333333334,1.366666666666667
Maria Oliveira,13,7,0,0.01501790213499534,5.03,0.38,5.76,0.44,0.95,0.44,0.47,0.0,Strawweight,28.0,0.4230769230769229,0.20689655172413768,0.6449913769360559,613.0,0.0,0.5355000000000002,0.0,1.063,20,0.65,4.13
Amiran Gogoladze,14,3,0,0.09773239623392123,1.64,0.66,0.82,0.0,0.0,0.0,0.0,0.0,Middleweight,27.0,0.6153846153846154,0.4482758620689653,1.161392873687502,,0.0,0.41900000000000004,0.0,0.0,17,0.8235294117647058,3.5647058823529414
Victoria Leonardo,9,6,0,0.030068956371833978,3.27,0.39,4.7,0.46,1.6,0.27,0.71,0.0,Flyweight,34.0,0.23076923076923084,0.17241379310344812,0.43325198024451295,172.0,40.0,10.2595,0.0,1.7115,15,0.6,3.12
Derek Downey,11,4,0,0.12027582548733588,0.32,1.0,3.36,0.12,2.4,0.16,0.0,0.0,Light Heavyweight,44.0,0.6674641148325355,0.4482758620689653,1.2360158023888368,,0.0,-0.20599999999999996,0.0,2.424,15,0.7333333333333333,3.1466666666666665
Sabah Homasi,11,8,0,0.09773239623392123,4.98,0.48,6.91,0.47,2.8,0.5,0.66,0.0,Middleweight,36.0,0.5384615384615383,0.41379310344827575,1.0499870381437353,2580.0,100.0,25.375,0.0,2.941,19,0.5789473684210527,3.9157894736842107
Timothy Cuamba,7,1,0,0.06013791274366793,2.87,0.34,4.47,0.53,0.0,0.0,0.83,0.0,Featherweight,26.0,0.5,0.3103448275862067,0.8704827403298746,,0.0,0.19450000000000012,0.0,0.083,8,0.875,1.7750000000000001
Guilherme Costa,7,1,0,0.07518896698050656,0.0,0.0,0.0,0.0,0.0,0.0,0.0,0.0,Welterweight,38.13361169102296,0.5218723584108196,0.3329867729451857,0.9300480983365118,,0.0,0.0,0.0,0.0,8,0.875,1.7750000000000001
Galore Bofando,5,3,0,0.09773239623392123,3.63,0.45,3.63,0.54,2.37,1.0,0.5,0.0,Middleweight,42.0,0.5384615384615383,0.3793103448275862,1.0155042795230458,2615.0,50.0,13.034,0.5,2.695,8,0.625,1.725
Iouri Kotchkine,7,4,1,0.19546479246784249,0.67,0.38,4.92,0.15,0.0,0.0,0.25,0.0,Heavyweight,44.17465753424658,0.7320261437908496,0.48275862068965525,1.4102495569483473,,0.0,-0.472,0.0,0.025,12,0.5833333333333334,2.516666666666667
Jose Medina,11,3,0,0.15037793396101312,1.6,0.26,4.87,0.53,0.0,0.0,0.14,0.0,Light Heavyweight,33.0,0.6153846153846154,0.41379310344827575,1.1795556527939044,,0.0,-0.19900000000000007,0.0,0.014000000000000002,14,0.7857142857142857,2.9571428571428573
KJ Noons,13,9,0,0.07518896698050656,3.68,0.35,3.78,0.65,0.08,0.2,0.68,0.0,Welterweight,42.0,0.4615384615384617,0.34482758620689663,0.8815550147258648,3294.0,20.0,5.5205,0.2,0.22799999999999998,22,0.5909090909090909,4.5181818181818185
Denys Bondar,16,5,0,0.030068956371833978,4.89,0.45,6.42,0.56,2.75,0.5,0.62,0.0,Flyweight,32.0,0.4230769230769229,0.20689655172413768,0.6600424311728945,354.0,0.0,0.4335000000000001,0.3333333333333333,2.9703333333333335,21,0.7619047619047619,4.352380952380953
Andreas Spang,9,3,0,0.12027582548733588,0.0,0.0,0.0,0.0,0.0,0.0,0.0,0.0,Light Heavyweight,41.277864992150704,0.6674641148325355,0.4482758620689653,1.2360158023888368,,0.0,0.0,0.0,0.0,12,0.75,2.5500000000000003
Steve Lopez,13,6,1,0.07518896698050656,1.39,0.24,2.69,0.62,0.0,0.0,0.37,0.0,Welterweight,40.0,0.5218723584108196,0.3793103448275862,0.9763716702189124,5254.0,0.0,0.08499999999999996,0.0,0.037,20,0.65,4.13
Jesse Strader,5,3,0,0.045086858506829315,5.03,0.51,5.28,0.47,3.87,0.57,1.0,0.0,Featherweight,33.0,0.4615384615384617,0.24137931034482762,0.7480046303901187,1089.0,50.0,13.138,0.0,4.0555,8,0.625,1.725
Kailan Hill,4,1,0,0.12027582548733588,2.6,0.53,4.8,0.37,3.0,0.42,0.0,0.0,Light Heavyweight,30.0,0.7307692307692308,0.4482758620689653,1.2993209183255319,,0.0,0.09150000000000003,0.0,3.063,5,0.8,1.1600000000000001
Ricky Palacios,10,1,0,0.06013791274366793,7.73,0.53,3.27,0.59,0.0,0.0,1.0,0.0,Featherweight,37.0,0.4423076923076923,0.20689655172413768,0.7093421567754978,,0.0,1.6364999999999998,0.0,0.1,11,0.9090909090909091,2.381818181818182
Eli Aronov,6,1,0,0.12027582548733588,8.92,0.68,6.49,0.38,12.16,1.0,0.0,0.0,Light Heavyweight,28.0,0.5384615384615383,0.34482758620689663,1.0035649501557709,,0.0,1.4495,0.0,12.31,7,0.8571428571428571,1.5714285714285716
Ivan Serati,12,4,0,0.15037793396101312,0.86,0.26,5.33,0.29,0.0,0.0,0.0,0.0,Light Heavyweight,41.277864992150704,0.6674641148325355,0.41379310344827575,1.2316351522418243,,0.0,-0.489,0.0,0.0,16,0.75,3.35
Tom Nolan,6,0,0,0.07518896698050656,9.4,0.54,1.45,0.5,0.0,0.0,0.0,0.0,Welterweight,24.0,0.5769230769230766,0.5172413793103448,1.169353423213928,179.0,66.66666666666666,18.982166666666664,0.0,0.0,6,1.0,1.4000000000000001
Montserrat Rendon,6,0,0,0.045086858506829315,4.6,0.37,4.0,0.44,3.0,0.6,1.0,0.0,Featherweight,35.0,0.3846153846153846,0.2758620689655172,0.7055643120877311,326.0,0.0,0.6900000000000001,0.0,3.19,6,1.0,1.4000000000000001
Luis Pajuelo,8,1,0,0.06013791274366793,9.15,0.61,5.11,0.62,0.0,0.0,0.66,0.0,Featherweight,30.0,0.4230769230769229,0.34482758620689663,0.8280424220274875,326.0,0.0,1.7359999999999998,1.0,0.316,9,0.8888888888888888,1.9777777777777779
Levi Avera,18,15,0,0.09773239623392123,0.0,0.0,0.0,0.0,0.0,0.0,0.0,0.0,Middleweight,39.515151515151516,0.5968489341983318,0.4482758620689653,1.1428571925012183,,0.0,0.0,0.0,0.0,33,0.5454545454545454,6.70909090909091
Carlton Minus,10,3,0,0.09773239623392123,3.5,0.4,4.97,0.5,0.0,0.0,0.58,0.0,Middleweight,31.0,0.6538461538461537,0.34482758620689663,1.0964061362869715,1516.0,0.0,0.2845000000000001,0.0,0.057999999999999996,13,0.7692307692307693,2.753846153846154
Kyle Bradley,19,12,0,0.07518896698050656,1.99,0.4,3.45,0.58,0.65,0.5,0.4,0.0,Welterweight,42.0,0.5,0.3103448275862067,0.8855337945667132,,0.0,0.14700000000000002,0.0,0.765,31,0.6129032258064516,6.322580645161291
Asjabharan,7,6,0,0.045086858506829315,0.0,0.0,0.0,0.0,0.0,0.0,0.0,0.0,Featherweight,35.8830242510699,0.4423076923076923,0.20689655172413768,0.6942911025386593,,0.0,0.0,0.0,0.0,13,0.5384615384615384,2.707692307692308
Hakeem Dawodu,13,4,1,0.06013791274366793,5.45,0.5,3.37,0.56,0.0,0.0,0.65,0.0,Featherweight,33.0,0.5769230769230766,0.2758620689655172,0.9129230586322618,550.0,10.0,3.541,0.1,0.09,18,0.7222222222222222,3.7444444444444445
Cain Carrizosa,10,3,0,0.07518896698050656,2.72,0.42,5.8,0.51,0.0,0.0,0.14,0.0,Welterweight,38.0,0.5218723584108196,0.2758620689655172,0.8729233943568433,3616.0,0.0,-0.02949999999999997,0.5,0.139,13,0.7692307692307693,2.753846153846154
Dave Beneteau,6,5,1,0.21804137382310043,0.0,0.0,0.0,0.0,0.0,0.0,0.0,0.0,Heavyweight,44.17465753424658,0.7320261437908496,0.48275862068965525,1.4328261383036054,,0.0,0.0,0.0,0.0,12,0.5,2.5000000000000004
Terrell Brown,3,1,0,0.12027582548733588,0.0,0.0,0.0,0.0,0.0,0.0,0.0,0.0,Light Heavyweight,41.277864992150704,0.6674641148325355,0.43297262375837825,1.2207125640782497,,0.0,0.0,0.0,0.0,4,0.75,0.9500000000000001
Jimmy Quinlan,3,1,1,0.12027582548733588,2.08,0.7,5.94,0.16,4.46,0.25,0.0,0.0,Light Heavyweight,38.0,0.6674641148325355,0.41379310344827575,1.2015330437681473,4323.0,100.0,24.793,0.0,4.4975,5,0.6,1.12
Valmir Lazaro,15,5,0,0.07518896698050656,4.87,0.37,4.09,0.61,1.33,0.4,0.96,0.0,Welterweight,39.0,0.5769230769230766,0.41379310344827575,1.065905147351859,3371.0,0.0,0.7695000000000001,0.0,1.4860000000000002,20,0.75,4.15
Jonathan Contrestano,6,0,0,0.07518896698050656,0.0,0.0,0.0,0.0,0.0,0.0,0.0,0.0,Welterweight,38.13361169102296,0.5218723584108196,0.3329867729451857,0.9300480983365118,,0.0,0.0,0.0,0.0,6,1.0,1.4000000000000001
Nohelin Hernandez,9,4,0,0.045086858506829315,1.32,0.34,2.63,0.52,0.71,0.5,0.37,0.0,Featherweight,30.0,0.5,0.34482758620689663,0.8899144447137259,1964.0,0.0,0.08150000000000007,1.0,1.072,13,0.6923076923076923,2.7384615384615385
Sirwan Kakai,12,5,0,0.045086858506829315,3.57,0.41,4.63,0.62,4.0,0.42,0.83,0.0,Featherweight,35.0,0.4423076923076923,0.17241379310344812,0.6598083439179697,3476.0,0.0,0.3729999999999999,0.0,4.146,17,0.7058823529411765,3.5411764705882356
Ante Delija,17,3,0,0.21051584670468107,0.0,0.0,0.0,0.0,0.0,0.0,0.0,0.0,Heavyweight,34.0,0.7320261437908496,0.5517241379310344,1.494266128426565,,0.0,0.0,0.0,0.0,20,0.85,4.17
Jeff Terry,2,3,0,0.15037793396101312,1.09,0.5,9.27,0.19,0.0,0.0,1.0,0.0,Light Heavyweight,41.277864992150704,0.6674641148325355,0.48275862068965525,1.300600669483204,,0.0,-0.9894999999999998,0.0,0.1,5,0.4,1.08
Ido Pariente,13,6,0,0.07518896698050656,0.0,0.0,2.86,0.45,0.0,0.0,0.0,0.0,Welterweight,38.13361169102296,0.5218723584108196,0.2758620689655172,0.8729233943568433,,0.0,-0.3615,0.0,0.0,19,0.6842105263157895,3.936842105263158
Herman Terrado,15,3,1,0.09773239623392123,0.0,0.0,0.0,0.0,0.0,0.0,0.0,0.0,Middleweight,39.515151515151516,0.5968489341983318,0.3835561420620804,1.0781374724943333,,0.0,0.0,0.0,0.0,19,0.7894736842105263,3.9578947368421056
Rico Altamirano,4,3,0,0.09773239623392123,0.0,0.0,0.0,0.0,0.0,0.0,0.0,0.0,Middleweight,39.515151515151516,0.5968489341983318,0.34482758620689663,1.0394089166391498,,0.0,0.0,0.0,0.0,7,0.5714285714285714,1.5142857142857145
Roman Bravo-Young,0,1,0,0.15037793396101312,0.0,0.0,0.0,0.0,0.0,0.0,0.0,0.0,Light Heavyweight,41.277864992150704,0.6674641148325355,0.43297262375837825,1.250814672551927,,0.0,0.0,0.0,0.0,1,0.0,0.2
Nick Urso,10,3,0,0.030068956371833978,3.61,0.45,5.06,0.36,0.0,0.0,0.0,0.0,Flyweight,39.0,0.3076923076923075,0.20689655172413768,0.5446578157882791,,0.0,0.2875000000000001,0.0,0.0,13,0.7692307692307693,2.753846153846154
Motoki Miyazawa,7,3,0,0.09471555496618486,1.23,0.28,3.91,0.61,0.0,0.0,0.0,0.0,Welterweight,38.13361169102296,0.5218723584108196,0.3793103448275862,0.9958982582045907,,0.0,-0.13150000000000006,0.0,0.0,10,0.7,2.14
Marquel Mederos,8,1,0,0.07518896698050656,5.78,0.6,1.93,0.63,0.0,0.0,1.0,0.0,Welterweight,28.0,0.4230769230769229,0.34482758620689663,0.8430934762643261,,0.0,1.37,0.0,0.1,9,0.8888888888888888,1.9777777777777779
Cameron Rowston,8,2,0,0.12027582548733588,0.0,0.0,0.0,0.0,0.0,0.0,0.0,0.0,Light Heavyweight,41.277864992150704,0.6674641148325355,0.43297262375837825,1.2207125640782497,,0.0,0.0,0.0,0.0,10,0.8,2.16
Batgerel Danaa,12,5,0,0.045086858506829315,5.38,0.36,4.21,0.47,0.52,0.5,0.62,0.0,Featherweight,35.0,0.4615384615384617,0.24137931034482762,0.7480046303901187,662.0,75.0,19.606,0.0,0.657,17,0.7058823529411765,3.5411764705882356
Daniel Weichel,39,9,0,0.06013791274366793,5.71,0.42,4.05,0.61,0.84,0.5,0.83,0.0,Featherweight,35.8830242510699,0.4615384615384617,0.34482758620689663,0.8665039604890262,,0.0,0.9955,0.0,0.9979999999999999,48,0.8125,9.762500000000001
Dylan Salvador,5,2,0,0.07518896698050656,4.34,0.37,11.57,0.46,0.0,0.0,0.0,0.0,Welterweight,31.0,0.4230769230769229,0.3103448275862067,0.8086107176436361,,0.0,-0.5075000000000001,0.0,0.0,7,0.7142857142857143,1.542857142857143
Juan Miranda,7,5,0,0.07518896698050656,0.0,0.0,0.0,0.0,0.0,0.0,0.0,0.0,Welterweight,38.13361169102296,0.5218723584108196,0.3329867729451857,0.9300480983365118,,0.0,0.0,0.0,0.0,12,0.5833333333333334,2.516666666666667
Mehdi Baghdad,11,5,0,0.07518896698050656,3.13,0.3,4.56,0.46,0.0,0.0,0.33,0.0,Welterweight,39.0,0.5218723584108196,0.4482758620689653,1.0453371874602915,3142.0,0.0,0.22750000000000004,0.5,0.158,16,0.6875,3.3375000000000004
Sean Salmon,18,21,0,0.12027582548733588,1.49,0.33,2.03,0.65,4.06,0.5,0.0,0.0,Light Heavyweight,47.0,0.6674641148325355,0.34482758620689663,1.132567526526768,,0.0,0.2315000000000001,0.0,4.135,39,0.46153846153846156,7.892307692307693
Jeremy Hamilton,9,2,0,0.12027582548733588,0.0,0.0,0.0,0.0,0.0,0.0,0.0,0.0,Light Heavyweight,41.277864992150704,0.6674641148325355,0.43297262375837825,1.2207125640782497,,0.0,0.0,0.0,0.0,11,0.8181818181818182,2.3636363636363638
Aji Susilo,6,4,0,0.07518896698050656,0.0,0.0,0.0,0.0,0.0,0.0,0.0,0.0,Welterweight,38.13361169102296,0.5218723584108196,0.34482758620689663,0.9418889115982227,,0.0,0.0,0.0,0.0,10,0.6,2.12
Michelle Maher,1,2,0,0.06013791274366793,0.0,0.0,0.0,0.0,0.0,0.0,0.0,0.0,Featherweight,35.8830242510699,0.4423076923076923,0.2688069758224335,0.7712525808737938,,0.0,0.0,0.0,0.0,3,0.3333333333333333,0.6666666666666667
Ramiro Hernandez,19,9,0,0.045086858506829315,2.72,0.28,5.51,0.64,0.0,0.0,0.0,0.0,Featherweight,38.0,0.4423076923076923,0.3103448275862067,0.7977393784007283,,0.0,0.005500000000000171,0.0,0.0,28,0.6785714285714286,5.735714285714287
David Velasquez,10,10,0,0.06013791274366793,0.0,0.0,0.0,0.0,0.0,0.0,0.0,0.0,Featherweight,35.8830242510699,0.4423076923076923,0.17241379310344812,0.6748593981548083,,0.0,0.0,0.0,0.0,20,0.5,4.1
Raquel Pa'aluhi,6,5,0,0.045086858506829315,1.71,0.56,3.42,0.46,0.0,0.0,0.18,0.0,Featherweight,35.8830242510699,0.4423076923076923,0.24137931034482762,0.7287738611593493,,0.0,0.09550000000000003,0.0,0.018,11,0.5454545454545454,2.309090909090909
Yazmin Jauregui,10,1,0,0.01501790213499534,6.26,0.41,4.87,0.54,0.0,0.0,1.0,0.0,Strawweight,25.0,0.23076923076923084,0.10344827586206903,0.3492354087662952,151.0,40.0,10.9975,0.2,0.15000000000000002,11,0.9090909090909091,2.381818181818182
Nate Quarry,12,4,0,0.12027582548733588,4.96,0.44,2.8,0.66,0.25,0.33,0.6,0.0,Light Heavyweight,52.0,0.5384615384615383,0.41379310344827575,1.0725304673971499,5432.0,100.0,26.006999999999998,0.0,0.3595,16,0.75,3.35
Leonardo Morales,6,2,0,0.045086858506829315,2.05,0.47,2.05,0.58,0.0,0.0,0.62,0.0,Featherweight,32.0,0.4423076923076923,0.2758620689655172,0.7632566197800388,3539.0,0.0,0.38599999999999995,0.5,0.187,8,0.75,1.75
Mateo Vogel,8,3,0,0.06013791274366793,4.47,0.46,2.87,0.65,1.0,0.16,0.0,0.0,Featherweight,28.0,0.5,0.2758620689655172,0.8359999817091851,,0.0,0.8765,0.0,1.024,11,0.7272727272727273,2.3454545454545457
Yamato Nishikawa,21,3,6,0.07518896698050656,0.0,0.0,0.0,0.0,0.0,0.0,0.0,0.0,Welterweight,22.0,0.5218723584108196,0.24137931034482762,0.8384406357361538,,0.0,0.0,0.0,0.0,30,0.7,6.14
Hiroko Yamanaka,13,3,0,0.045086858506829315,2.1,0.26,3.54,0.63,0.0,0.0,1.0,0.0,Featherweight,35.8830242510699,0.4423076923076923,0.3793103448275862,0.8667048956421077,,0.0,0.14050000000000007,0.0,0.1,16,0.8125,3.3625000000000003
Manolo Zecchini,11,4,0,0.06013791274366793,2.34,0.21,6.75,0.46,0.0,0.0,0.0,0.0,Featherweight,28.0,0.3846153846153846,0.2758620689655172,0.7206153663245697,529.0,100.0,24.683500000000002,0.0,0.0,15,0.7333333333333333,3.1466666666666665
Jin Bala,23,3,0,0.07518896698050656,0.0,0.0,0.0,0.0,0.0,0.0,0.0,0.0,Welterweight,38.13361169102296,0.5218723584108196,0.3103448275862067,0.9074061529775328,,0.0,0.0,0.0,0.0,26,0.8846153846153846,5.376923076923077
Veta Arteaga,3,1,0,0.030068956371833978,3.2,0.36,1.92,0.65,0.0,0.0,0.4,0.0,Flyweight,33.27091633466136,0.34781884781884764,0.24137931034482762,0.6192671145355093,,0.0,0.6815,0.0,0.04000000000000001,4,0.75,0.9500000000000001
Alexander Shlemenko,56,9,0,0.12027582548733588,4.36,0.6,1.71,0.63,0.0,0.0,0.0,0.0,Light Heavyweight,41.277864992150704,0.6674641148325355,0.3793103448275862,1.1670502851474576,,0.0,1.048,0.0,0.0,65,0.8615384615384616,13.172307692307692
Brad Riddell,10,4,0,0.07518896698050656,4.71,0.53,3.53,0.53,1.77,0.36,0.63,0.0,Welterweight,33.0,0.5,0.24137931034482762,0.8165682773253342,823.0,14.285714285714285,4.404928571428571,0.2857142857142857,1.9584285714285714,14,0.7142857142857143,2.942857142857143
Carlos Huachin,10,5,1,0.045086858506829315,2.1,0.21,4.8,0.5,0.0,0.0,0.66,0.0,Featherweight,28.0,0.34615384615384626,0.1379310344827586,0.5291717391434342,1971.0,50.0,12.421999999999999,0.0,0.066,16,0.625,3.325
Larry Parker,13,6,1,0.15037793396101312,0.0,0.0,0.0,0.0,0.0,0.0,0.0,0.0,Light Heavyweight,41.277864992150704,0.6674641148325355,0.3793103448275862,1.1971523936211348,,0.0,0.0,0.0,0.0,20,0.65,4.13
ChangHo Lee,9,1,0,0.045086858506829315,4.3,0.69,1.03,0.47,4.3,0.35,0.25,0.0,Featherweight,30.0,0.4230769230769229,0.2758620689655172,0.7440258505492694,235.0,0.0,1.1289999999999998,0.0,4.3775,10,0.9,2.18
Carlos Felipe,11,2,0,0.21051584670468107,4.88,0.45,5.6,0.5,0.0,0.0,0.72,0.0,Heavyweight,30.0,0.6538461538461537,0.41379310344827575,1.2781551039991106,1215.0,0.0,0.545,0.0,0.072,13,0.8461538461538461,2.769230769230769
Rodolfo Rubio Perez,10,16,1,0.06013791274366793,1.13,0.36,1.0,0.62,2.0,0.33,0.33,0.0,Featherweight,38.0,0.4423076923076923,0.17241379310344812,0.6748593981548083,,0.0,0.2975,0.0,2.0825,27,0.37037037037037035,5.474074074074075
Lucasz Sudolski,8,1,0,0.15037793396101312,5.7,0.67,4.89,0.28,0.0,0.0,1.0,0.0,Light Heavyweight,31.0,0.6538461538461537,0.5517241379310344,1.3559482257382012,,0.0,0.8675000000000003,0.0,0.1,9,0.8888888888888888,1.9777777777777779
Melton Bowen,0,1,0,0.1804468903328471,0.0,0.0,0.0,0.0,0.0,0.0,0.0,0.0,Heavyweight,55.0,0.7320261437908496,0.41379310344827575,1.3262661375719724,,0.0,0.0,0.0,0.0,1,0.0,0.2
Edson Drago,11,7,0,0.1729213632144278,1.16,0.4,2.39,0.36,0.0,0.0,0.55,0.0,Heavyweight,47.0,0.7320261437908496,0.5517241379310344,1.456671644936312,,0.0,0.0655,0.0,0.05500000000000001,18,0.6111111111111112,3.7222222222222223
Jarjis Danho,7,1,1,0.24058480307651503,3.38,0.5,5.25,0.49,0.51,0.16,1.0,0.0,Heavyweight,41.0,0.6153846153846154,0.5172413793103448,1.3732107977714751,1404.0,0.0,0.23099999999999998,0.0,0.634,9,0.7777777777777778,1.9555555555555557
Dave Herman,22,6,0,0.20600716085399814,4.98,0.6,3.78,0.48,1.49,1.0,0.58,0.0,Heavyweight,40.0,0.7307692307692308,0.5517241379310344,1.4885005295542633,4239.0,80.0,20.87,0.0,1.698,28,0.7857142857142857,5.757142857142858
Bob Schrijber,20,17,1,0.20299031958626176,0.0,0.0,0.0,0.0,0.0,0.0,0.0,0.0,Heavyweight,44.17465753424658,0.7320261437908496,0.41379310344827575,1.3488095668253872,,0.0,0.0,0.0,0.0,38,0.5263157894736842,7.705263157894738
Dominic Waters,9,5,0,0.09773239623392123,0.48,0.23,2.53,0.39,4.07,0.52,0.28,0.0,Middleweight,35.0,0.8076923076923075,0.4482758620689653,1.3537005659951942,3202.0,33.33333333333333,8.178333333333333,0.0,4.176,14,0.6428571428571429,2.928571428571429
Derrick Burnsed,1,0,3,0.07518896698050656,0.0,0.0,0.0,0.0,0.0,0.0,0.0,0.0,Welterweight,38.13361169102296,0.5218723584108196,0.3329867729451857,0.9300480983365118,,0.0,0.0,0.0,0.0,4,0.25,0.8500000000000001
Josh Diekmann,15,8,0,0.21200769128762764,0.28,0.05,8.17,0.25,0.0,0.0,0.0,0.0,Heavyweight,44.17465753424658,0.7320261437908496,0.1379310344827586,1.0819648695612358,,0.0,-1.108,0.0,0.0,23,0.6521739130434783,4.730434782608696
Yasuhiro Urushitani,21,8,6,0.030068956371833978,3.47,0.39,4.71,0.65,0.0,0.0,0.8,0.0,Flyweight,48.0,0.34781884781884764,0.17241379310344812,0.5503015972941298,4477.0,50.0,12.8365,0.0,0.08000000000000002,35,0.6,7.12
Danny Barlow,7,0,0,0.09773239623392123,12.15,0.57,5.32,0.61,0.0,0.0,0.0,0.0,Middleweight,29.0,0.8076923076923075,0.48275862068965525,1.3881833246158841,186.0,50.0,14.945,0.0,0.0,7,1.0,1.6
Bentley Syler,5,1,0,0.030068956371833978,1.3,0.18,1.73,0.79,0.0,0.0,0.75,0.0,Flyweight,42.0,0.34781884781884764,0.1379310344827586,0.5158188386734402,3616.0,100.0,25.220000000000002,0.0,0.07500000000000001,6,0.8333333333333334,1.366666666666667
Mario Miranda,14,7,0,0.12027582548733588,1.96,0.54,2.46,0.36,1.02,0.6,0.54,0.0,Light Heavyweight,45.0,0.6153846153846154,0.5172413793103448,1.252901820182296,5072.0,50.0,12.783,0.0,1.1640000000000001,21,0.6666666666666666,4.333333333333334
Valesca Machado,8,3,0,0.01501790213499534,2.4,0.32,2.87,0.64,0.0,0.0,0.76,0.0,Strawweight,28.0,0.1923076923076925,0.1379310344827586,0.34525662892544645,,0.0,0.3294999999999999,0.0,0.07600000000000001,11,0.7272727272727273,2.3454545454545457
Bibulatov Magomed,14,2,0,0.030068956371833978,3.6,0.51,1.83,0.52,2.85,0.4,0.75,0.0,Flyweight,36.0,0.26923076923076916,0.17241379310344812,0.47171351870605127,,0.0,0.8055000000000001,0.0,2.9850000000000003,16,0.875,3.375
Jason Saggo,12,4,0,0.07518896698050656,2.5,0.39,2.94,0.52,2.33,0.4,0.23,0.0,Welterweight,39.0,0.5,0.3793103448275862,0.9544993118080928,2706.0,50.0,12.84,0.0,2.4130000000000003,16,0.75,3.35
Seth Kleinbeck,8,4,0,0.12027582548733588,2.55,0.33,2.42,0.4,0.98,0.25,0.9,0.0,Light Heavyweight,41.277864992150704,0.6674641148325355,0.48275862068965525,1.2704985610095267,,0.0,0.4005000000000001,0.0,1.1075000000000002,12,0.6666666666666666,2.5333333333333337
Aiemann Zahabi,10,2,0,0.045086858506829315,3.04,0.43,3.4,0.72,0.25,0.16,0.75,0.0,Featherweight,37.0,0.3846153846153846,0.2758620689655172,0.7055643120877311,102.0,25.0,6.694,0.0,0.34900000000000003,12,0.8333333333333334,2.566666666666667
Yusuke Kasuya,9,3,0,0.07518896698050656,2.17,0.44,4.34,0.48,1.36,0.33,0.0,0.0,Welterweight,35.0,0.5218723584108196,0.24137931034482762,0.8384406357361538,3000.0,50.0,12.5515,0.0,1.4095000000000002,12,0.75,2.5500000000000003
Ashe Bowman,9,11,0,0.07518896698050656,2.43,0.42,4.86,0.57,0.0,0.0,0.0,0.0,Welterweight,38.13361169102296,0.5218723584108196,0.3103448275862067,0.9074061529775328,,0.0,0.04800000000000004,0.0,0.0,20,0.45,4.09
Yoshiaki Yatsu,0,2,0,0.09020686911550194,0.0,0.0,5.57,0.48,0.0,0.0,0.0,0.0,Welterweight,68.0,0.5218723584108196,0.4482758620689653,1.0603550895952867,,0.0,-0.7635000000000001,0.0,0.0,2,0.0,0.4
Steve Vigneault,12,6,0,0.12027582548733588,2.19,0.28,5.75,0.44,0.0,0.0,1.0,0.0,Light Heavyweight,46.0,0.6674641148325355,0.34482758620689663,1.132567526526768,,0.0,-0.19299999999999995,0.0,0.1,18,0.6666666666666666,3.7333333333333334
Cody Sons,3,7,0,0.15037793396101312,0.0,0.0,0.0,0.0,0.0,0.0,0.0,0.0,Light Heavyweight,41.277864992150704,0.6674641148325355,0.3103448275862067,1.1281868763797553,,0.0,0.0,0.0,0.0,10,0.3,2.06
Hugh Pulley,6,3,0,0.07518896698050656,4.47,0.63,3.27,0.57,4.0,0.66,0.69,0.0,Welterweight,38.13361169102296,0.5218723584108196,0.41379310344827575,1.0108544288396017,,0.0,0.8385,0.0,4.168,9,0.6666666666666666,1.9333333333333333
Nicolae Negumereanu,13,2,0,0.15037793396101312,3.58,0.41,5.56,0.39,1.02,0.28,0.62,0.0,Light Heavyweight,30.0,0.7692307692307692,0.41379310344827575,1.3334018066400581,823.0,50.0,12.7015,0.0,1.124,15,0.8666666666666667,3.1733333333333333
Yusaku Nakamura,14,4,1,0.06013791274366793,1.72,0.45,3.67,0.55,0.0,0.0,0.83,0.0,Featherweight,35.8830242510699,0.4423076923076923,0.17241379310344812,0.6748593981548083,,0.0,0.052000000000000046,0.0,0.083,19,0.7368421052631579,3.947368421052632
Remo Cardarelli,7,5,0,0.045086858506829315,2.27,0.47,1.47,0.59,0.0,0.0,1.0,0.0,Featherweight,35.8830242510699,0.4423076923076923,0.2688069758224335,0.7562015266369551,,0.0,0.5295,0.0,0.1,12,0.5833333333333334,2.516666666666667
Rob McCullough,19,8,0,0.07518896698050656,2.47,0.36,2.84,0.59,0.46,1.0,0.68,0.0,Welterweight,47.0,0.4230769230769229,0.3103448275862067,0.8086107176436361,,0.0,0.35200000000000004,0.0,0.6779999999999999,27,0.7037037037037037,5.540740740740741
Juliana Lima,9,5,0,0.01501790213499534,1.94,0.44,2.11,0.55,1.72,0.31,0.7,0.0,Strawweight,42.0,0.26923076923076916,0.17241379310344812,0.45666246446921266,2573.0,0.0,0.339,0.14285714285714285,1.8722142857142858,14,0.6428571428571429,2.928571428571429
Azat Maksum,17,0,0,0.030068956371833978,3.07,0.24,5.4,0.61,2.0,0.18,0.0,0.0,Flyweight,30.0,0.4615384615384617,0.24137931034482762,0.7329867282551232,375.0,0.0,0.09699999999999998,0.0,2.027,17,1.0,3.6000000000000005
Carlos Zevallos,3,4,0,0.15037793396101312,4.36,0.65,2.28,0.68,0.0,0.0,1.0,0.0,Light Heavyweight,41.277864992150704,0.6674641148325355,0.41379310344827575,1.2316351522418243,,0.0,0.9800000000000003,0.0,0.1,7,0.42857142857142855,1.4857142857142858
Tony Petarra,2,3,1,0.13681872430712108,0.0,0.0,0.0,0.0,0.0,0.0,0.0,0.0,Light Heavyweight,41.277864992150704,0.6674641148325355,0.3793103448275862,1.183593183967243,,0.0,0.0,0.0,0.0,6,0.3333333333333333,1.2666666666666668
JJ Aldrich,13,6,0,0.030068956371833978,4.05,0.46,4.53,0.6,0.71,0.25,0.66,0.0,Flyweight,32.0,0.34615384615384626,0.17241379310344812,0.5486365956291284,277.0,13.333333333333334,3.8483333333333336,0.06666666666666667,0.8301666666666666,19,0.6842105263157895,3.936842105263158
Cole Escovedo,17,9,0,0.045086858506829315,1.77,0.43,4.32,0.49,0.43,0.33,0.13,0.0,Featherweight,43.0,0.5384615384615383,0.24137931034482762,0.8249277073131953,4841.0,33.33333333333333,8.287333333333333,0.0,0.4925,26,0.6538461538461539,5.330769230769231
Riki Fukuda,24,9,0,0.12027582548733588,4.24,0.43,3.71,0.64,2.17,0.43,0.7,0.0,Light Heavyweight,44.0,0.5769230769230766,0.41379310344827575,1.1109920058586882,4365.0,0.0,0.6855000000000002,0.0,2.3044999999999995,33,0.7272727272727273,6.745454545454546
Willamy Freire,26,6,0,0.07518896698050656,1.53,0.37,0.93,0.62,0.5,1.0,0.73,0.0,Welterweight,37.0,0.5218723584108196,0.2758620689655172,0.8729233943568433,5135.0,0.0,0.41,0.0,0.723,32,0.8125,6.5625
Junye Gao,19,12,0,0.030068956371833978,0.0,0.0,0.0,0.0,0.0,0.0,0.0,0.0,Flyweight,33.27091633466136,0.34781884781884764,0.1997023071198213,0.5775901113105029,,0.0,0.0,0.0,0.0,31,0.6129032258064516,6.322580645161291
David Bielkheden,24,12,0,0.07518896698050656,1.11,0.57,1.64,0.54,2.65,0.63,0.14,0.0,Welterweight,45.0,0.5,0.34482758620689663,0.9200165531874032,,0.0,0.22650000000000006,0.0,2.7584999999999997,36,0.6666666666666666,7.333333333333334
WonBin Ki,17,9,0,0.07518896698050656,5.47,0.47,3.24,0.55,0.0,0.0,0.0,0.0,Welterweight,34.0,0.5769230769230766,0.3793103448275862,1.0314223887311695,,0.0,1.058,0.0,0.0,26,0.6538461538461539,5.330769230769231
Kaitlin Young,7,9,1,0.045086858506829315,2.83,0.26,6.33,0.51,2.5,1.0,0.0,0.0,Featherweight,39.0,0.4423076923076923,0.3103448275862067,0.7977393784007283,,0.0,-0.11349999999999993,0.0,2.65,17,0.4117647058823529,3.482352941176471
Casey Huffman,3,1,0,0.12027582548733588,0.0,0.0,0.0,0.0,0.0,0.0,0.0,0.0,Light Heavyweight,41.277864992150704,0.6674641148325355,0.5172413793103448,1.3049813196302162,,0.0,0.0,0.0,0.0,4,0.75,0.9500000000000001
Bo Cantrell,10,10,0,0.19546479246784249,3.16,0.16,12.63,0.0,0.0,0.0,0.0,0.0,Heavyweight,56.0,0.7320261437908496,0.48275862068965525,1.4102495569483473,,0.0,-1.0725,0.0,0.0,20,0.5,4.1
Rico Farrington,7,3,0,0.09773239623392123,6.33,0.41,7.2,0.51,0.0,0.0,0.2,0.0,Middleweight,35.0,0.8076923076923075,0.5517241379310344,1.4571488418572631,,0.0,0.661,0.0,0.020000000000000004,10,0.7,2.14
Paul Jones,11,1,1,0.141327410157804,0.0,0.0,0.0,0.0,0.0,0.0,0.0,0.0,Light Heavyweight,61.0,0.6674641148325355,0.3103448275862067,1.1191363525765463,,0.0,0.0,0.0,0.0,13,0.8461538461538461,2.769230769230769
Gabe Lemley,13,9,0,0.07518896698050656,0.82,0.35,6.03,0.45,0.0,0.0,0.0,0.0,Welterweight,38.13361169102296,0.5218723584108196,0.2758620689655172,0.8729233943568433,,0.0,-0.562,0.0,0.0,22,0.5909090909090909,4.5181818181818185
Yuri Vaulin,0,1,0,0.1383437209919109,0.0,0.0,0.0,0.0,0.0,0.0,0.0,0.0,Light Heavyweight,41.277864992150704,0.6674641148325355,0.5517241379310344,1.3575319737554807,,0.0,0.0,0.0,0.0,1,0.0,0.2
Shane Howell,13,10,0,0.030068956371833978,1.27,0.32,2.55,0.42,0.0,0.0,0.2,0.0,Flyweight,41.0,0.34781884781884764,0.2758620689655172,0.6537498731561988,3678.0,0.0,0.062000000000000055,0.5,0.14500000000000002,23,0.5652173913043478,4.71304347826087
AJ Fonseca,5,4,0,0.06013791274366793,0.0,0.0,0.0,0.0,0.0,0.0,0.0,0.0,Featherweight,35.8830242510699,0.4423076923076923,0.1379310344827586,0.6403766395341188,,0.0,0.0,0.0,0.0,9,0.5555555555555556,1.9111111111111112
Donavon Frelow,6,3,0,0.045086858506829315,2.4,0.27,3.2,0.52,1.0,1.0,0.26,0.0,Featherweight,40.0,0.4423076923076923,0.24137931034482762,0.7287738611593493,,0.0,0.252,0.0,1.176,9,0.6666666666666666,1.9333333333333333
Jason Tan,5,3,0,0.09773239623392123,0.69,0.29,7.37,0.18,0.0,0.0,0.0,0.0,Middleweight,43.0,0.5968489341983318,0.34482758620689663,1.0394089166391498,,0.0,-0.8479999999999999,0.0,0.0,8,0.625,1.725
Joe Son,0,4,0,0.19698978915263227,0.0,0.0,0.0,0.0,0.0,0.0,0.0,0.0,Heavyweight,54.0,0.7320261437908496,0.1379310344827586,1.0669469674262406,,0.0,0.0,0.0,0.0,4,0.0,0.8
Zach Rosol,3,2,0,0.2074990054369447,0.0,0.0,14.21,0.25,0.0,0.0,0.0,0.0,Heavyweight,44.17465753424658,0.7320261437908496,0.4813494694960208,1.4208746187238153,,0.0,-2.094,0.0,0.0,5,0.6,1.12
Chris Liguori,15,10,0,0.12027582548733588,0.29,0.33,1.44,0.0,0.0,0.0,0.5,0.0,Light Heavyweight,41.277864992150704,0.6674641148325355,0.3103448275862067,1.0980847679060781,,0.0,-0.07749999999999999,0.0,0.05,25,0.6,5.12
Zelim Imadaev,8,3,0,0.09773239623392123,2.91,0.36,4.35,0.43,0.38,0.5,0.6,0.0,Middleweight,30.0,0.6923076923076921,0.41379310344827575,1.203833191989889,1621.0,33.33333333333333,8.544833333333333,0.0,0.515,11,0.7272727272727273,2.3454545454545457
Garrett Gross,11,7,0,0.07518896698050656,2.39,0.45,1.67,0.46,0.0,0.0,0.52,0.0,Welterweight,36.0,0.5218723584108196,0.3103448275862067,0.9074061529775328,,0.0,0.506,0.0,0.052000000000000005,18,0.6111111111111112,3.7222222222222223
Andreas Stahl,10,4,0,0.09773239623392123,2.83,0.37,4.74,0.57,1.55,0.66,0.8,0.0,Middleweight,36.0,0.5968489341983318,0.3793103448275862,1.0738916752598393,3352.0,50.0,12.656,0.0,1.729,14,0.7142857142857143,2.942857142857143
Jeremia Siregar,6,3,0,0.030068956371833978,2.8,0.42,7.37,0.29,0.0,0.0,0.75,0.0,Flyweight,33.0,0.1923076923076925,0.0689655172413791,0.29134216592090556,,0.0,-0.278,0.0,0.07500000000000001,9,0.6666666666666666,1.9333333333333333
Joe Slick,16,5,3,0.141327410157804,0.0,0.0,0.0,0.0,0.0,0.0,0.0,0.0,Light Heavyweight,47.0,0.6674641148325355,0.41379310344827575,1.2225846284386153,,0.0,0.0,0.0,0.0,24,0.6666666666666666,4.9333333333333345
Ross Pointon,6,17,0,0.09773239623392123,2.62,0.23,2.77,0.58,1.19,1.0,0.0,0.0,Middleweight,44.0,0.5968489341983318,0.2758620689655172,0.9704433993977702,,0.0,0.37250000000000005,0.0,1.3399999999999999,23,0.2608695652173913,4.6521739130434785
Jonas Bilharinho,9,1,1,0.06013791274366793,3.71,0.6,3.36,0.57,0.0,0.0,1.0,0.0,Featherweight,34.0,0.6538461538461537,0.3793103448275862,1.093294411417408,,0.0,0.6289999999999998,0.0,0.1,11,0.8181818181818182,2.3636363636363638
Andy Enz,10,4,0,0.12027582548733588,3.51,0.23,5.32,0.57,0.0,0.0,0.58,0.0,Light Heavyweight,33.0,0.7692307692307692,0.5172413793103448,1.4067479740284496,3665.0,33.33333333333333,8.544333333333332,0.0,0.057999999999999996,14,0.7142857142857143,2.942857142857143
Michael Knaap,18,22,3,0.1729213632144278,0.0,0.0,0.0,0.0,0.0,0.0,0.0,0.0,Heavyweight,40.0,0.7320261437908496,0.48275862068965525,1.3877061276949325,,0.0,0.0,0.0,0.0,43,0.4186046511627907,8.683720930232559
Theo Rlayang,5,1,0,0.06013791274366793,5.93,0.48,8.4,0.4,2.0,0.4,0.0,0.0,Featherweight,30.0,0.26923076923076916,0.24137931034482762,0.5707479923192647,,0.0,0.37850000000000006,0.0,2.06,6,0.8333333333333334,1.366666666666667
Carl Malenko,6,4,0,0.14285240684259382,0.0,0.0,0.0,0.0,0.0,0.0,0.0,0.0,Light Heavyweight,41.277864992150704,0.6674641148325355,0.3793103448275862,1.1896268665027154,,0.0,0.0,0.0,0.0,10,0.6,2.12
Chelsea Chandler,5,2,0,0.06013791274366793,3.12,0.45,3.06,0.42,0.78,0.33,0.33,0.0,Featherweight,34.0,0.3846153846153846,0.2758620689655172,0.7206153663245697,186.0,25.0,6.724,0.0,0.8625,7,0.7142857142857143,1.542857142857143
Alexander Crispim,8,6,0,0.06013791274366793,0.0,0.0,0.0,0.0,0.0,0.0,0.0,0.0,Featherweight,35.8830242510699,0.4423076923076923,0.2688069758224335,0.7712525808737938,,0.0,0.0,0.0,0.0,14,0.5714285714285714,2.9142857142857146
Michel Quinones,8,3,0,0.07518896698050656,2.91,0.29,5.98,0.48,0.0,0.0,0.36,0.0,Welterweight,40.0,0.5769230769230766,0.34482758620689663,0.9969396301104798,2650.0,50.0,12.4605,0.0,0.036,11,0.7272727272727273,2.3454545454545457
Michal Martinek,7,1,0,0.18797241745126642,2.45,0.53,4.29,0.51,0.0,0.0,0.0,0.0,Heavyweight,34.0,0.7320261437908496,0.48275862068965525,1.4027571819317712,,0.0,0.15150000000000008,0.0,0.0,8,0.875,1.7750000000000001
Dion Staring,35,14,0,0.19546479246784249,1.09,0.37,5.0,0.47,0.0,0.0,0.33,0.0,Heavyweight,46.0,0.7320261437908496,0.4482758620689653,1.3757667983276574,,0.0,-0.33299999999999996,0.0,0.033,49,0.7142857142857143,9.942857142857143
Chris Herrera,3,2,1,0.12027582548733588,2.04,0.37,3.35,0.48,1.8,1.0,1.0,0.0,Light Heavyweight,41.277864992150704,0.6674641148325355,0.34482758620689663,1.132567526526768,,0.0,0.15349999999999997,0.0,2.05,6,0.5,1.3000000000000003
Kai Kara-France,24,11,0,0.030068956371833978,4.57,0.39,3.24,0.65,0.63,0.33,0.88,0.0,Flyweight,31.0,0.4230769230769229,0.1379310344827586,0.5910769139315155,179.0,30.0,8.331999999999999,0.0,0.7675,35,0.6857142857142857,7.137142857142857
Deshaun Johnson,6,9,0,0.09322371038323829,2.27,0.41,6.67,0.43,0.0,0.0,0.0,0.0,Welterweight,38.13361169102296,0.5218723584108196,0.3329867729451857,0.9480828417392435,,0.0,-0.2865,0.0,0.0,15,0.4,3.08
Khomkrit Niimi,6,10,0,0.030068956371833978,0.0,0.0,5.73,0.44,0.0,0.0,0.0,0.0,Flyweight,33.27091633466136,0.34781884781884764,0.0689655172413791,0.4468533214320607,,0.0,-0.7935000000000001,0.0,0.0,16,0.375,3.2750000000000004
Booker DeRousse,6,5,0,0.15037793396101312,0.0,0.0,0.0,0.0,0.0,0.0,0.0,0.0,Light Heavyweight,41.277864992150704,0.6674641148325355,0.48275862068965525,1.300600669483204,,0.0,0.0,0.0,0.0,11,0.5454545454545454,2.309090909090909
Nick Agallar,24,6,0,0.07518896698050656,0.69,0.11,4.56,0.42,0.0,0.0,0.0,0.0,Welterweight,46.0,0.5218723584108196,0.2758620689655172,0.8729233943568433,,0.0,-0.4265,0.0,0.0,30,0.8,6.16
Tim Lajcik,7,6,1,0.1804468903328471,0.0,0.0,0.0,0.0,0.0,0.0,0.0,0.0,Heavyweight,59.0,0.7320261437908496,0.4482758620689653,1.360748896192662,,0.0,0.0,0.0,0.0,14,0.5,2.9000000000000004
Kyle Bolt,8,4,0,0.12027582548733588,7.27,0.52,7.27,0.45,0.0,0.0,0.0,0.0,Light Heavyweight,41.277864992150704,0.6674641148325355,0.48275862068965525,1.2704985610095267,,0.0,0.8985000000000001,0.0,0.0,12,0.6666666666666666,2.5333333333333337
Jess Bouscal,3,2,0,0.07518896698050656,0.0,0.0,0.0,0.0,0.0,0.0,0.0,0.0,Welterweight,38.13361169102296,0.5218723584108196,0.3329867729451857,0.9300480983365118,,0.0,0.0,0.0,0.0,5,0.6,1.12
Charalampos Grigoriou,8,3,0,0.045086858506829315,13.0,0.65,4.0,0.63,0.0,0.0,0.0,0.0,Featherweight,32.0,0.34615384615384626,0.24137931034482762,0.6326200150055032,186.0,0.0,2.8745,0.5,0.125,11,0.7272727272727273,2.3454545454545457
Ozzy Diaz,7,2,0,0.12027582548733588,1.65,0.32,3.91,0.44,0.0,0.0,0.0,0.0,Light Heavyweight,34.0,0.8076923076923075,0.5517241379310344,1.4796922711106777,81.0,100.0,24.956,0.0,0.0,9,0.7777777777777778,1.9555555555555557
Jordan Dowdy,4,3,0,0.09773239623392123,2.11,0.44,2.63,0.5,0.0,0.0,0.0,0.0,Middleweight,39.515151515151516,0.5968489341983318,0.3835561420620804,1.0781374724943333,,0.0,0.29599999999999993,0.0,0.0,7,0.5714285714285714,1.5142857142857145
Jeremiah Riggs,7,8,0,0.12027582548733588,0.0,0.0,0.0,0.0,0.0,0.0,0.0,0.0,Light Heavyweight,41.277864992150704,0.6674641148325355,0.41379310344827575,1.2015330437681473,,0.0,0.0,0.0,0.0,15,0.4666666666666667,3.0933333333333333
Ibragim Magomedov,22,8,1,0.21804137382310043,0.26,0.04,3.86,0.42,0.0,0.0,0.0,0.0,Heavyweight,44.17465753424658,0.7320261437908496,0.41379310344827575,1.363860621062226,,0.0,-0.44299999999999995,0.0,0.0,31,0.7096774193548387,6.341935483870968
Ben Wall,8,7,1,0.07518896698050656,1.47,0.29,8.53,0.29,0.0,0.0,1.0,0.0,Welterweight,35.0,0.5218723584108196,0.34482758620689663,0.9418889115982227,3931.0,100.0,24.189500000000002,0.0,0.1,16,0.5,3.3000000000000003
Te Edwards,6,3,0,0.07518896698050656,1.5,0.41,4.15,0.44,0.72,1.0,0.44,0.0,Welterweight,34.0,0.5384615384615383,0.2758620689655172,0.889512574407562,2216.0,50.0,12.4005,0.0,0.914,9,0.6666666666666666,1.9333333333333333
Dos Caras Jr.,9,5,0,0.1804468903328471,0.77,0.23,1.2,0.59,0.0,0.0,0.72,0.0,Heavyweight,47.0,0.7320261437908496,0.5517241379310344,1.464197172054731,,0.0,0.14700000000000002,0.0,0.072,14,0.6428571428571429,2.928571428571429
Kaiwen,12,5,0,0.06013791274366793,4.57,0.54,3.65,0.57,0.0,0.0,0.9,0.0,Featherweight,29.0,0.5384615384615383,0.3103448275862067,0.9089442787914129,,0.0,0.7885000000000001,0.0,0.09000000000000001,17,0.7058823529411765,3.5411764705882356
Donovan Beard,7,2,0,0.12027582548733588,0.0,0.0,5.77,0.28,0.0,0.0,0.0,0.0,Light Heavyweight,35.0,0.7692307692307692,0.48275862068965525,1.3722652154077601,,0.0,-0.8234999999999999,0.0,0.0,9,0.7777777777777778,1.9555555555555557
Thaddeus Luster,0,1,0,0.1578703089775892,0.0,0.0,0.0,0.0,0.0,0.0,0.0,0.0,Heavyweight,44.17465753424658,0.7320261437908496,0.5172413793103448,1.4071378320787837,,0.0,0.0,0.0,0.0,1,0.0,0.2
Jay Cucciniello,8,1,0,0.07518896698050656,0.93,0.21,4.73,0.36,0.0,0.0,0.71,0.0,Welterweight,38.0,0.5218723584108196,0.24137931034482762,0.8384406357361538,2413.0,0.0,-0.381,0.0,0.071,9,0.8888888888888888,1.9777777777777779
Simon Biyong,7,1,0,0.15037793396101312,0.0,0.0,0.0,0.0,0.0,0.0,0.0,0.0,Light Heavyweight,41.277864992150704,0.6674641148325355,0.43297262375837825,1.250814672551927,,0.0,0.0,0.0,0.0,8,0.875,1.7750000000000001
Alexander Munoz,7,2,0,0.07518896698050656,3.7,0.42,4.73,0.55,3.0,0.4,1.0,0.0,Welterweight,34.0,0.5384615384615383,0.3103448275862067,0.9239953330282515,578.0,0.0,0.3820000000000001,0.0,3.16,9,0.7777777777777778,1.9555555555555557
Nicdali Rivera-Calanoc,9,10,0,0.0,1.82,0.2,2.42,0.78,0.0,0.0,0.0,0.0,Strawweight,33.46363636363636,0.21923076923076928,0.10344827586206903,0.3226790450928383,,0.0,0.249,0.0,0.0,19,0.47368421052631576,3.8947368421052633
Stephanie Frausto,8,7,0,0.01501790213499534,1.43,0.21,3.57,0.6,0.0,0.0,0.0,0.0,Strawweight,34.0,0.11538461538461542,0.0689655172413791,0.19936803476098985,,0.0,-0.04600000000000004,0.0,0.0,15,0.5333333333333333,3.1066666666666665
Rocky Long,21,37,1,0.06013791274366793,0.0,0.0,0.0,0.0,0.0,0.0,0.0,0.0,Featherweight,35.8830242510699,0.4423076923076923,0.2688069758224335,0.7712525808737938,,0.0,0.0,0.0,0.0,59,0.3559322033898305,11.871186440677967
Chris Avila,5,4,0,0.06013791274366793,2.37,0.3,4.17,0.48,0.0,0.0,0.46,0.0,Featherweight,32.0,0.4423076923076923,0.34482758620689663,0.8472731912582568,3021.0,0.0,0.09900000000000009,0.0,0.046000000000000006,9,0.5555555555555556,1.9111111111111112
Keenan Raymond,3,3,0,0.09020686911550194,0.0,0.0,0.0,0.0,0.0,0.0,0.0,0.0,Welterweight,38.13361169102296,0.5218723584108196,0.3329867729451857,0.9450660004715072,,0.0,0.0,0.0,0.0,6,0.5,1.3000000000000003
Fabricio Guerreiro,21,5,0,0.06013791274366793,1.87,0.31,2.2,0.67,2.0,0.5,0.0,0.0,Featherweight,35.8830242510699,0.4423076923076923,0.34482758620689663,0.8472731912582568,,0.0,0.3000000000000001,0.0,2.075,26,0.8076923076923077,5.361538461538462
Viktoriia Dudakova,8,0,0,0.01501790213499534,3.14,0.52,2.45,0.5,2.45,0.41,0.5,0.0,Strawweight,26.0,0.34615384615384626,0.17241379310344812,0.5335855413922898,193.0,0.0,0.5965,0.0,2.5615,8,1.0,1.8
Hiroyuki Abe,8,15,3,0.06013791274366793,1.71,0.36,3.11,0.63,0.0,0.0,0.33,0.0,Featherweight,35.8830242510699,0.4423076923076923,0.20689655172413768,0.7093421567754978,,0.0,0.1275,0.0,0.033,26,0.3076923076923077,5.2615384615384615
Alexandre Barros,22,11,0,0.09773239623392123,0.98,0.4,4.05,0.36,1.84,0.5,1.0,0.0,Middleweight,48.0,0.5968489341983318,0.3103448275862067,1.0049261580184599,,0.0,-0.22849999999999993,0.0,2.015,33,0.6666666666666666,6.733333333333334
Billy Miles,2,2,0,0.09773239623392123,0.0,0.0,1.25,0.33,0.0,0.0,0.0,0.0,Middleweight,46.0,0.5968489341983318,0.34482758620689663,1.0394089166391498,,0.0,-0.138,0.0,0.0,4,0.5,0.9
Frank Megallon,2,3,0,0.12027582548733588,1.14,0.21,5.32,0.54,0.0,0.0,0.0,0.0,Light Heavyweight,41.277864992150704,0.6674641148325355,0.34482758620689663,1.132567526526768,,0.0,-0.39000000000000007,0.0,0.0,5,0.4,1.08
Shimon Smotritsky,8,2,0,0.09773239623392123,3.52,0.34,8.67,0.56,3.52,0.33,0.5,0.0,Middleweight,24.0,0.6153846153846154,0.48275862068965525,1.195875632308192,,0.0,-0.26849999999999996,0.0,3.6195,10,0.8,2.16
Lukasz Sajewski,13,3,0,0.07518896698050656,2.06,0.35,3.88,0.57,1.01,0.25,0.66,0.0,Welterweight,34.0,0.5,0.2758620689655172,0.8510510359460237,3049.0,33.33333333333333,8.421833333333332,0.3333333333333333,1.1968333333333334,16,0.8125,3.3625000000000003
Pat Audinwood,11,2,1,0.07518896698050656,1.17,0.12,4.31,0.41,0.8,0.5,0.0,0.0,Welterweight,38.0,0.5218723584108196,0.41379310344827575,1.0108544288396017,5177.0,0.0,-0.26849999999999996,0.5,1.0,14,0.7857142857142857,2.9571428571428573
Bobby Sanchez,10,35,0,0.07518896698050656,0.0,0.0,0.0,1.0,0.0,0.0,1.0,0.0,Welterweight,38.13361169102296,0.5218723584108196,0.24137931034482762,0.8384406357361538,,0.0,0.15,0.0,0.1,45,0.2222222222222222,9.044444444444444
Luis Gomez,4,1,0,0.06013791274366793,1.57,0.33,4.03,0.55,4.48,0.5,0.33,0.0,Featherweight,30.0,0.3846153846153846,0.24137931034482762,0.6861326077038801,,0.0,-0.0635,0.0,4.588000000000001,5,0.8,1.1600000000000001
Sean Wilson,36,29,0,0.06013791274366793,1.01,0.31,5.88,0.62,0.0,0.0,0.0,0.0,Featherweight,35.8830242510699,0.4423076923076923,0.2758620689655172,0.7783076740168774,,0.0,-0.47450000000000003,0.0,0.0,65,0.5538461538461539,13.11076923076923
Roman Kopylov,12,2,0,0.12027582548733588,4.72,0.53,4.11,0.6,0.47,0.5,0.92,0.0,Light Heavyweight,33.0,0.6538461538461537,0.41379310344827575,1.1879150827817653,256.0,50.0,13.2595,0.25,0.6994999999999999,14,0.8571428571428571,2.9714285714285715
Marcin Wrzosek,12,4,0,0.07518896698050656,3.47,0.43,4.07,0.43,3.0,0.25,0.33,0.0,Welterweight,38.13361169102296,0.5218723584108196,0.3103448275862067,0.9074061529775328,3351.0,0.0,0.4075,0.0,3.0705,16,0.75,3.35
Marlon Sims,3,4,0,0.09773239623392123,0.0,0.0,0.0,0.0,0.0,0.0,0.0,0.0,Middleweight,39.515151515151516,0.5968489341983318,0.3835561420620804,1.0781374724943333,,0.0,0.0,0.0,0.0,7,0.42857142857142855,1.4857142857142858
Kathryn Paprocki,3,2,0,0.01501790213499534,1.0,0.23,4.27,0.43,0.0,0.0,0.0,0.0,Strawweight,31.0,0.1923076923076925,0.10344827586206903,0.3107738703047569,,0.0,-0.27999999999999997,0.0,0.0,5,0.6,1.12
Michael Page,12,0,0,0.09773239623392123,4.53,0.76,0.45,0.77,3.4,1.0,1.0,0.0,Middleweight,39.515151515151516,0.5968489341983318,0.48275862068965525,1.1773399511219083,228.0,0.0,1.3325,0.0,3.65,12,1.0,2.6000000000000005
Ramon Taveras,9,2,0,0.045086858506829315,7.2,0.58,6.17,0.66,0.0,0.0,0.0,0.0,Featherweight,31.0,0.4615384615384617,0.2758620689655172,0.7824873890108082,389.0,0.0,1.0895000000000001,0.0,0.0,11,0.8181818181818182,2.3636363636363638
Carlo Pedersoli Jr.,11,3,0,0.09773239623392123,4.17,0.37,4.12,0.61,2.91,0.44,0.0,0.0,Middleweight,31.0,0.6538461538461537,0.3793103448275862,1.1308888949076612,,0.0,0.59,0.0,2.976,14,0.7857142857142857,2.9571428571428573
Matt Dixon,9,1,0,0.09773239623392123,1.97,0.43,4.56,0.37,3.06,0.3,0.0,0.0,Middleweight,29.0,0.6538461538461537,0.34482758620689663,1.0964061362869715,,0.0,-0.04999999999999993,0.0,3.105,10,0.9,2.18
Nursulton Ruziboev,35,8,2,0.12027582548733588,4.68,0.66,2.34,0.4,11.69,1.0,0.0,0.0,Light Heavyweight,31.0,0.6923076923076921,0.5862068965517243,1.3987904143467522,277.0,66.66666666666666,17.677666666666667,0.0,11.84,45,0.7777777777777778,9.155555555555555
Talita Nogueira,6,0,0,0.06013791274366793,0.0,0.0,0.0,0.0,0.0,0.0,0.0,0.0,Featherweight,35.8830242510699,0.4423076923076923,0.34482758620689663,0.8472731912582568,,0.0,0.0,0.0,0.0,6,1.0,1.4000000000000001
Ketlen Souza,13,4,0,0.030068956371833978,0.0,0.0,1.71,0.7,0.0,0.0,0.0,0.0,Flyweight,30.0,0.1923076923076925,0.10344827586206903,0.3258249245415955,151.0,0.0,-0.15150000000000002,0.6666666666666666,0.16666666666666666,17,0.7647058823529411,3.5529411764705885
Isao Kobayashi,21,4,4,0.06013791274366793,1.01,0.33,1.66,0.45,2.17,1.0,1.0,0.0,Featherweight,35.8830242510699,0.4423076923076923,0.2758620689655172,0.7783076740168774,,0.0,0.13700000000000004,0.0,2.42,29,0.7241379310344828,5.944827586206897
Dakota Bush,8,4,0,0.07518896698050656,2.77,0.38,4.42,0.41,2.4,0.33,0.0,0.0,Welterweight,30.0,0.5769230769230766,0.34482758620689663,0.9969396301104798,1124.0,50.0,12.667,0.0,2.4495,12,0.6666666666666666,2.5333333333333337
Mizuki,15,6,0,0.01501790213499534,4.56,0.5,5.62,0.48,0.33,0.14,0.85,0.0,Strawweight,30.0,0.26923076923076916,0.10344827586206903,0.38769694722783354,508.0,0.0,0.4690000000000001,0.0,0.43600000000000005,21,0.7142857142857143,4.342857142857143
Justin McCully,11,5,2,0.1804468903328471,1.58,0.37,2.02,0.46,1.28,0.44,0.43,0.0,Heavyweight,48.0,0.5769230769230766,0.4482758620689653,1.205645829324889,,0.0,0.23500000000000004,0.0,1.389,18,0.6111111111111112,3.7222222222222223
Jose Alday,14,6,1,0.045086858506829315,3.13,0.44,3.13,0.58,0.0,0.0,0.57,0.0,Featherweight,33.0,0.3846153846153846,0.24137931034482762,0.6710815534670416,,0.0,0.48799999999999993,0.0,0.056999999999999995,21,0.6666666666666666,4.333333333333334
Gerard Gordeau,2,2,0,0.1669208327807983,0.0,0.0,0.0,0.0,0.0,0.0,0.0,0.0,Heavyweight,65.0,0.7320261437908496,0.5862068965517243,1.4851538731233722,,0.0,0.0,0.0,0.0,4,0.5,0.9
Josh Shockman,6,3,0,0.19546479246784249,0.87,0.32,0.87,0.58,0.0,0.0,0.23,0.0,Heavyweight,44.0,0.7320261437908496,0.5517241379310344,1.4792150741897263,,0.0,0.23799999999999993,0.0,0.023000000000000003,9,0.6666666666666666,1.9333333333333333
Rhys McKee,10,5,1,0.09773239623392123,6.06,0.48,9.47,0.44,0.0,0.0,0.33,0.0,Middleweight,29.0,0.7692307692307692,0.48275862068965525,1.3497217861543458,319.0,25.0,6.506499999999999,0.0,0.033,16,0.625,3.325
Carter Williams,4,5,0,0.24058480307651503,1.55,0.36,2.32,0.58,2.9,0.33,1.0,0.0,Heavyweight,44.17465753424658,0.7320261437908496,0.4482758620689653,1.4208868089363298,,0.0,0.1985,0.0,3.0495,9,0.4444444444444444,1.8888888888888888
Javy Ayala,10,5,0,0.24058480307651503,0.83,0.25,5.0,0.33,0.0,0.0,0.0,0.0,Heavyweight,44.17465753424658,0.7320261437908496,0.4482758620689653,1.4208868089363298,,0.0,-0.443,0.0,0.0,15,0.6666666666666666,3.1333333333333333
Augusto Sakai,16,5,1,0.24058480307651503,4.6,0.49,3.83,0.48,0.23,0.4,0.56,0.0,Heavyweight,33.0,0.7307692307692308,0.5172413793103448,1.4885954131560906,718.0,55.55555555555556,14.63438888888889,0.0,0.34600000000000003,22,0.7272727272727273,4.545454545454546
Jeff Cox,10,7,0,0.07518896698050656,0.56,0.25,1.69,0.33,4.23,0.5,0.8,0.0,Welterweight,56.0,0.5218723584108196,0.34482758620689663,0.9418889115982227,,0.0,-0.014000000000000012,0.0,4.385000000000001,17,0.5882352941176471,3.51764705882353
Jason Suttie,0,1,0,0.1578703089775892,2.07,0.83,4.97,0.36,0.0,0.0,0.0,0.0,Heavyweight,51.0,0.7320261437908496,0.41379310344827575,1.3036895562167146,,0.0,-0.007999999999999896,0.0,0.0,1,0.0,0.2
Collin Anglin,8,3,0,0.06013791274366793,4.59,0.48,5.54,0.51,2.28,0.66,1.0,0.0,Featherweight,31.0,0.5,0.3103448275862067,0.8704827403298746,1187.0,100.0,25.489,0.0,2.479,11,0.7272727272727273,2.3454545454545457
Denis Sobolev,4,7,0,0.1669208327807983,0.0,0.0,5.45,0.33,0.0,0.0,0.0,0.0,Heavyweight,44.17465753424658,0.7320261437908496,0.5172413793103448,1.4161883558819928,,0.0,-0.768,0.0,0.0,11,0.36363636363636365,2.272727272727273
Jin Oh Kim,0,4,0,0.15037793396101312,5.06,0.25,8.43,0.5,0.0,0.0,0.66,0.0,Light Heavyweight,41.277864992150704,0.6674641148325355,0.3103448275862067,1.1281868763797553,,0.0,0.12549999999999994,0.0,0.066,4,0.0,0.8
Adli Edwards,4,1,0,0.06013791274366793,0.0,0.0,0.0,0.0,0.0,0.0,0.0,0.0,Featherweight,35.8830242510699,0.4423076923076923,0.2688069758224335,0.7712525808737938,,0.0,0.0,0.0,0.0,5,0.8,1.1600000000000001
Joshua Wang-Kim,5,2,0,0.045086858506829315,2.95,0.4,4.43,0.6,1.17,1.0,0.66,0.0,Featherweight,32.0,0.5,0.3103448275862067,0.855431686093036,,0.0,0.2430000000000001,0.0,1.386,7,0.7142857142857143,1.542857142857143
Elisha Helsper,0,4,0,0.045086858506829315,0.0,0.0,0.0,0.0,0.0,0.0,0.0,0.0,Featherweight,42.0,0.4423076923076923,0.20689655172413768,0.6942911025386593,,0.0,0.0,0.0,0.0,4,0.0,0.8
Ryan Parker,0,1,0,0.19546479246784249,0.0,0.0,0.0,0.0,0.0,0.0,0.0,0.0,Heavyweight,44.17465753424658,0.7320261437908496,0.5172413793103448,1.4447323155690368,,0.0,0.0,0.0,0.0,1,0.0,0.2
Billy Goff,9,2,0,0.09773239623392123,10.22,0.46,4.3,0.64,4.04,0.4,1.0,0.0,Middleweight,26.0,0.5384615384615383,0.34482758620689663,0.9810215209023562,,0.0,2.0980000000000003,0.0,4.199999999999999,11,0.8181818181818182,2.3636363636363638
Lu Zhengyong,12,7,0,0.030068956371833978,0.0,0.0,0.0,0.0,0.0,0.0,0.0,0.0,Flyweight,33.27091633466136,0.34781884781884764,0.1997023071198213,0.5775901113105029,,0.0,0.0,0.0,0.0,19,0.631578947368421,3.9263157894736844
Jean Silva,19,12,3,0.08268134199708259,0.73,0.22,2.93,0.52,0.0,0.0,0.0,0.0,Welterweight,47.0,0.5218723584108196,0.20689655172413768,0.8114502521320399,214.0,66.66666666666666,16.531666666666666,0.0,0.0,34,0.5588235294117647,6.911764705882353
Brandon Lewis,6,2,0,0.045086858506829315,2.17,0.29,3.63,0.53,1.0,0.15,0.2,0.0,Featherweight,27.0,0.4615384615384617,0.1379310344827586,0.6445563545280496,,0.0,0.13550000000000006,0.0,1.0425,8,0.75,1.75
Josh Paiva,8,2,0,0.030068956371833978,0.0,0.0,0.0,0.0,0.0,0.0,0.0,0.0,Flyweight,33.27091633466136,0.34781884781884764,0.20689655172413768,0.5847843559148194,,0.0,0.0,0.0,0.0,10,0.8,2.16
Issac DeJesus,12,7,1,0.06013791274366793,0.0,0.0,0.0,0.0,0.0,0.0,0.0,0.0,Featherweight,35.8830242510699,0.4423076923076923,0.2688069758224335,0.7712525808737938,,0.0,0.0,0.0,0.0,20,0.6,4.12
Filip Pejic,12,2,2,0.045086858506829315,0.0,0.0,0.88,0.33,0.0,0.0,0.0,0.0,Featherweight,32.0,0.4423076923076923,0.2758620689655172,0.7632566197800388,3230.0,0.0,-0.0825,1.0,0.25,16,0.75,3.35
Alex Reyes,13,4,0,0.07518896698050656,4.04,0.39,10.91,0.4,0.0,0.0,0.0,0.0,Welterweight,38.0,0.5769230769230766,0.3793103448275862,1.0314223887311695,179.0,66.66666666666666,16.178166666666662,0.0,0.0,17,0.7647058823529411,3.5529411764705885
Mark Eddiva,6,3,0,0.06013791274366793,3.37,0.45,2.98,0.54,1.45,0.22,0.63,0.0,Featherweight,38.0,0.3846153846153846,0.2758620689655172,0.7206153663245697,3252.0,0.0,0.5665,0.25,1.6084999999999998,9,0.6666666666666666,1.9333333333333333
Murad Chunkaiev,8,4,0,0.12027582548733588,0.85,0.16,3.41,0.66,8.53,1.0,0.0,0.0,Light Heavyweight,41.277864992150704,0.6674641148325355,0.3793103448275862,1.1670502851474576,,0.0,-0.16799999999999993,0.0,8.68,12,0.6666666666666666,2.5333333333333337
Gilbert Aldana,6,2,0,0.21804137382310043,2.91,0.54,6.26,0.26,2.57,0.4,0.33,0.0,Heavyweight,47.0,0.7320261437908496,0.4482758620689653,1.3983433796829154,,0.0,-0.06449999999999989,0.0,2.663,8,0.75,1.75
Kelly Faszholz,4,2,0,0.045086858506829315,4.01,0.48,3.61,0.52,0.0,0.0,0.44,0.0,Featherweight,39.0,0.4423076923076923,0.2758620689655172,0.7632566197800388,3056.0,50.0,13.135000000000002,0.0,0.044000000000000004,6,0.6666666666666666,1.3333333333333335
Ryan Bastianelli,6,7,0,0.045086858506829315,0.0,0.0,0.0,0.0,0.0,0.0,0.0,0.0,Featherweight,35.8830242510699,0.4423076923076923,0.17241379310344812,0.6598083439179697,,0.0,0.0,0.0,0.0,13,0.46153846153846156,2.6923076923076925
Jinensibieke Asikeerbai,36,11,0,0.07518896698050656,2.0,0.5,10.0,0.0,0.0,0.0,0.0,0.0,Welterweight,36.0,0.4230769230769229,0.20689655172413768,0.7051624417815672,,0.0,-0.9,0.0,0.0,47,0.7659574468085106,9.553191489361703
Nurullo Aliev,9,0,0,0.07518896698050656,2.5,0.51,0.46,0.59,3.06,0.44,0.0,0.0,Welterweight,24.0,0.5384615384615383,0.34482758620689663,0.9584780916489415,718.0,0.0,0.7464999999999999,0.0,3.126,9,1.0,2.0
Danny Davis,13,11,1,0.09773239623392123,0.0,0.0,0.0,0.0,0.0,0.0,0.0,0.0,Middleweight,39.515151515151516,0.5968489341983318,0.48275862068965525,1.1773399511219083,,0.0,0.0,0.0,0.0,25,0.52,5.104
Shin Haraguchi,7,0,0,0.07518896698050656,2.99,0.7,0.65,0.39,14.01,0.8,0.0,0.0,Welterweight,26.0,0.3846153846153846,0.20689655172413768,0.6667009033200288,,0.0,0.8485,0.0,14.129999999999999,7,1.0,1.6
Reza Nasri,0,1,0,0.15037793396101312,0.0,0.0,0.0,0.0,0.0,0.0,0.0,0.0,Light Heavyweight,41.277864992150704,0.6674641148325355,0.3793103448275862,1.1971523936211348,,0.0,0.0,0.0,0.0,1,0.0,0.2
Aaron Trujillo,0,1,0,0.030068956371833978,0.0,0.0,0.0,0.0,0.0,0.0,0.0,0.0,Flyweight,33.27091633466136,0.34781884781884764,0.17241379310344812,0.5503015972941298,,0.0,0.0,0.0,0.0,1,0.0,0.2
Atsushi Yamamoto,19,11,3,0.05112054104230206,1.97,0.39,1.27,0.7,1.12,0.33,1.0,0.0,Featherweight,44.0,0.4423076923076923,0.20689655172413768,0.7003247850741321,,0.0,0.485,0.0,1.2695000000000003,33,0.5757575757575758,6.715151515151516
Akira Kikuchi,16,4,0,0.07518896698050656,3.67,0.56,0.4,0.14,2.0,0.4,1.0,0.0,Welterweight,46.0,0.5218723584108196,0.2758620689655172,0.8729233943568433,,0.0,0.9904999999999999,0.0,2.16,20,0.8,4.16
Marcelo Brito,13,8,0,0.09773239623392123,0.6,0.2,3.53,0.55,0.0,0.0,0.5,0.0,Middleweight,47.0,0.5968489341983318,0.4482758620689653,1.1428571925012183,,0.0,-0.25699999999999995,0.0,0.05,21,0.6190476190476191,4.323809523809524
Reese Andy,7,3,0,0.15037793396101312,2.87,0.5,3.5,0.58,0.67,0.2,0.4,0.0,Light Heavyweight,51.0,0.6674641148325355,0.41379310344827575,1.2316351522418243,,0.0,0.37949999999999995,0.0,0.7400000000000001,10,0.7,2.14
Fredy Serrano,3,2,0,0.030068956371833978,1.58,0.26,1.89,0.61,2.84,0.25,0.84,0.0,Flyweight,45.0,0.26923076923076916,0.10344827586206903,0.40274800146467216,2979.0,25.0,6.505,0.0,2.9615,5,0.6,1.12
Daniel Gallemore,7,3,0,0.24058480307651503,3.1,0.41,6.0,0.52,0.0,0.0,0.0,0.0,Heavyweight,44.17465753424658,0.7320261437908496,0.5862068965517243,1.5588178434190891,,0.0,0.03500000000000003,0.0,0.0,10,0.7,2.14
Gilbert Jimenez,8,12,1,0.07518896698050656,0.0,0.0,0.0,0.0,0.0,0.0,0.0,0.0,Welterweight,38.13361169102296,0.5218723584108196,0.3329867729451857,0.9300480983365118,,0.0,0.0,0.0,0.0,21,0.38095238095238093,4.276190476190476
Alexander Poppeck,9,3,0,0.15037793396101312,4.01,0.57,9.81,0.33,0.0,0.0,0.0,0.0,Light Heavyweight,32.0,0.6674641148325355,0.48275862068965525,1.300600669483204,,0.0,-0.3055000000000001,0.0,0.0,12,0.75,2.5500000000000003
Dillon Smith,0,0,0,0.09773239623392123,0.0,0.0,0.0,0.0,0.0,0.0,0.0,0.0,Middleweight,39.515151515151516,0.5968489341983318,0.41379310344827575,1.1083744338805288,,0.0,0.0,0.0,0.0,0,,
Cesar Almeida,4,0,0,0.12027582548733588,4.73,0.61,1.87,0.48,0.0,0.0,0.7,0.0,Light Heavyweight,36.0,0.6153846153846154,0.4482758620689653,1.1839363029409165,130.0,33.33333333333333,9.429333333333332,0.0,0.06999999999999999,4,1.0,1.0
Hugo Cunha,6,0,0,0.21804137382310043,0.0,0.0,0.0,0.0,0.0,0.0,0.0,0.0,Heavyweight,44.17465753424658,0.7320261437908496,0.5517241379310344,1.5017916555449844,,0.0,0.0,0.0,0.0,6,1.0,1.4000000000000001
Jason McLean,6,7,0,0.06013791274366793,0.0,0.0,0.0,0.0,0.0,0.0,0.0,0.0,Featherweight,35.8830242510699,0.4423076923076923,0.17241379310344812,0.6748593981548083,,0.0,0.0,0.0,0.0,13,0.46153846153846156,2.6923076923076925
Laverne Clark,27,21,1,0.09773239623392123,0.0,0.0,0.0,0.0,0.0,0.0,0.0,0.0,Middleweight,51.0,0.5968489341983318,0.3793103448275862,1.0738916752598393,,0.0,0.0,0.0,0.0,49,0.5510204081632653,9.910204081632653
Adrienna Jenkins,19,6,0,0.06013791274366793,0.0,0.0,0.0,0.0,0.0,0.0,0.0,0.0,Featherweight,35.8830242510699,0.4423076923076923,0.2758620689655172,0.7783076740168774,,0.0,0.0,0.0,0.0,25,0.76,5.152
Val Woodburn,7,1,0,0.12027582548733588,3.16,0.22,11.05,0.3,0.0,0.0,1.0,0.0,Light Heavyweight,31.0,0.6153846153846154,0.2758620689655172,1.0115225098374685,361.0,50.0,11.721499999999999,0.0,0.1,8,0.875,1.7750000000000001
David Lee,12,10,0,0.07518896698050656,1.49,0.5,3.31,0.42,0.0,0.0,0.5,0.0,Welterweight,38.13361169102296,0.5218723584108196,0.34482758620689663,0.9418889115982227,,0.0,0.03900000000000009,0.0,0.05,22,0.5454545454545454,4.50909090909091
Fabio Mello,11,8,0,0.07518896698050656,0.86,0.35,3.94,0.5,0.0,0.0,0.0,0.0,Welterweight,38.13361169102296,0.5218723584108196,0.17241379310344812,0.7694751184947742,,0.0,-0.23099999999999998,0.0,0.0,19,0.5789473684210527,3.9157894736842107
Rosi Sexton,13,5,0,0.045086858506829315,3.31,0.39,7.42,0.41,0.75,0.1,0.8,0.0,Featherweight,47.0,0.4423076923076923,0.10344827586206903,0.5908428266765906,4127.0,0.0,-0.14600000000000002,0.0,0.845,18,0.7222222222222222,3.7444444444444445
Claudio Ribeiro,11,4,0,0.12027582548733588,4.65,0.57,3.34,0.31,0.76,0.5,0.75,0.0,Light Heavyweight,32.0,0.7307692307692308,0.4482758620689653,1.2993209183255319,347.0,100.0,25.822,0.0,0.9099999999999999,15,0.7333333333333333,3.1466666666666665
Dave Rickels,18,4,0,0.07518896698050656,4.29,0.59,5.53,0.42,0.0,0.0,0.25,0.0,Welterweight,38.13361169102296,0.5218723584108196,0.3793103448275862,0.9763716702189124,,0.0,0.42400000000000004,0.0,0.025,22,0.8181818181818182,4.563636363636364
Ben Reiter,17,2,1,0.12027582548733588,1.8,0.46,1.53,0.54,7.0,0.43,0.0,0.0,Light Heavyweight,41.277864992150704,0.6674641148325355,0.5172413793103448,1.3049813196302162,,0.0,0.3935,0.0,7.0645,20,0.85,4.17
Ryan Madigan,5,3,0,0.09773239623392123,0.0,0.0,3.35,0.47,0.0,0.0,0.0,0.0,Middleweight,39.515151515151516,0.5968489341983318,0.41379310344827575,1.1083744338805288,,0.0,-0.43199999999999994,0.0,0.0,8,0.625,1.725
Joey Roberts,4,3,0,0.14285240684259382,0.0,0.0,0.0,0.0,0.0,0.0,0.0,0.0,Light Heavyweight,41.277864992150704,0.6674641148325355,0.48275862068965525,1.2930751423647846,,0.0,0.0,0.0,0.0,7,0.5714285714285714,1.5142857142857145
Richie Smullen,3,1,1,0.07518896698050656,1.98,0.77,2.26,0.65,8.49,0.66,0.0,0.0,Welterweight,33.0,0.3846153846153846,0.3103448275862067,0.7701491791820978,2413.0,0.0,0.4075000000000001,1.0,8.839,5,0.6,1.12
Alberta Cerra Leon,0,1,0,0.1999734783185254,0.0,0.0,0.0,0.0,0.0,0.0,0.0,0.0,Heavyweight,44.17465753424658,0.7320261437908496,0.2758620689655172,1.2078616910748923,,0.0,0.0,0.0,0.0,1,0.0,0.2
Andrew Todhunter,8,0,0,0.12027582548733588,0.0,0.0,0.0,0.0,0.0,0.0,0.0,0.0,Light Heavyweight,37.0,0.6674641148325355,0.41379310344827575,1.2015330437681473,,0.0,0.0,0.0,0.0,8,1.0,1.8
Horacio Gutierrez,4,3,0,0.06013791274366793,0.86,0.26,2.91,0.46,0.0,0.0,0.5,0.0,Featherweight,35.8830242510699,0.4423076923076923,0.34482758620689663,0.8472731912582568,3112.0,50.0,12.3995,0.0,0.05,7,0.5714285714285714,1.5142857142857145
Kolton Englund,9,4,0,0.07518896698050656,2.31,0.25,11.54,0.4,0.0,0.0,0.0,0.0,Welterweight,31.0,0.4230769230769229,0.34482758620689663,0.8430934762643261,,0.0,-1.0434999999999999,0.0,0.0,13,0.6923076923076923,2.7384615384615385
Wagner Silva,6,3,0,0.09773239623392123,1.69,0.29,2.87,0.65,0.0,0.0,0.58,0.0,Middleweight,38.0,0.5968489341983318,0.41379310344827575,1.1083744338805288,3749.0,0.0,0.14749999999999996,1.0,0.308,9,0.6666666666666666,1.9333333333333333
Kevin Knabjian,12,7,1,0.09773239623392123,0.0,0.0,15.56,0.22,0.0,0.0,1.0,0.0,Middleweight,40.0,0.5968489341983318,0.34482758620689663,1.0394089166391498,,0.0,-2.301,0.0,0.1,20,0.6,4.12
Alonzo Martinez,42,20,1,0.07518896698050656,3.07,0.27,7.33,0.52,0.0,0.0,0.0,0.0,Welterweight,38.13361169102296,0.5218723584108196,0.34482758620689663,0.9418889115982227,,0.0,-0.19999999999999996,0.0,0.0,63,0.6666666666666666,12.733333333333334
Taiyilake Nueraji,9,1,0,0.09773239623392123,11.01,0.48,7.39,0.58,0.0,0.0,0.0,0.0,Middleweight,24.0,0.6538461538461537,0.48275862068965525,1.2343371707697304,,0.0,1.8270000000000004,0.0,0.0,10,0.9,2.18
Jorge Ortiz,18,9,1,0.12027582548733588,3.53,0.58,2.8,0.73,0.0,0.0,0.0,0.0,Light Heavyweight,41.277864992150704,0.6674641148325355,0.41379310344827575,1.2015330437681473,,0.0,0.688,0.0,0.0,28,0.6428571428571429,5.7285714285714295
Mark Madsen,12,2,0,0.07518896698050656,3.56,0.49,3.97,0.52,2.86,0.66,0.62,0.0,Welterweight,40.0,0.5384615384615383,0.2758620689655172,0.889512574407562,459.0,33.33333333333333,8.803833333333333,0.16666666666666666,3.0626666666666664,14,0.8571428571428571,2.9714285714285715
Ahmad Hassanzada,10,2,0,0.07518896698050656,2.59,0.34,4.42,0.4,2.5,0.22,0.0,0.0,Welterweight,28.0,0.6538461538461537,0.4482758620689653,1.1773109828956256,,0.0,0.11250000000000016,0.0,2.533,12,0.8333333333333334,2.566666666666667
Josh San Diego,8,3,0,0.045086858506829315,0.0,0.0,0.0,0.0,0.0,0.0,0.0,0.0,Featherweight,35.8830242510699,0.4423076923076923,0.34482758620689663,0.8322221370214182,,0.0,0.0,0.0,0.0,11,0.7272727272727273,2.3454545454545457
Eric Galvan,0,0,0,0.07518896698050656,0.0,0.0,0.0,0.0,0.0,0.0,0.0,0.0,Welterweight,38.13361169102296,0.5218723584108196,0.3329867729451857,0.9300480983365118,,0.0,0.0,0.0,0.0,0,,
Rafael Fiziev,12,3,0,0.07518896698050656,4.9,0.51,4.97,0.49,0.29,0.4,0.89,0.0,Welterweight,31.0,0.5,0.2758620689655172,0.8510510359460237,508.0,33.33333333333333,8.988333333333333,0.0,0.439,15,0.8,3.16
JJ Okanovich,7,1,0,0.07518896698050656,6.93,0.55,5.27,0.5,0.0,0.0,1.0,0.0,Welterweight,34.0,0.6923076923076921,0.3793103448275862,1.146807004115785,,0.0,1.1270000000000002,0.0,0.1,8,0.875,1.7750000000000001
Abu Azaitar,14,4,1,0.12027582548733588,4.38,0.43,4.32,0.51,1.0,0.37,0.42,0.0,Light Heavyweight,38.0,0.6923076923076921,0.3103448275862067,1.1229283453812346,480.0,0.0,0.6095,0.0,1.0975000000000001,19,0.7368421052631579,3.947368421052632
Ariel Gandulla,7,9,0,0.15037793396101312,1.95,0.23,2.07,0.72,1.88,0.66,0.0,0.0,Light Heavyweight,56.0,0.6674641148325355,0.3793103448275862,1.1971523936211348,,0.0,0.331,0.0,1.9789999999999999,16,0.4375,3.2875
Brandon Polcare,1,1,0,0.030068956371833978,0.43,0.5,0.0,0.0,0.0,0.0,0.0,0.0,Flyweight,33.27091633466136,0.34781884781884764,0.1997023071198213,0.5775901113105029,,0.0,0.20750000000000002,0.0,0.0,2,0.5,0.5
Dave Courchaine,20,7,0,0.09773239623392123,0.0,0.0,0.0,0.0,0.0,0.0,0.0,0.0,Middleweight,39.515151515151516,0.5968489341983318,0.2758620689655172,0.9704433993977702,,0.0,0.0,0.0,0.0,27,0.7407407407407407,5.548148148148148
Johnny Rhodes,2,1,0,0.1578703089775892,0.0,0.0,0.0,0.0,0.0,0.0,0.0,0.0,Heavyweight,44.17465753424658,0.7320261437908496,0.41379310344827575,1.3036895562167146,,0.0,0.0,0.0,0.0,3,0.6666666666666666,0.7333333333333334
Pat Benson,3,5,3,0.07518896698050656,0.0,0.0,0.0,0.0,0.0,0.0,0.0,0.0,Welterweight,38.13361169102296,0.5218723584108196,0.3103448275862067,0.9074061529775328,,0.0,0.0,0.0,0.0,11,0.2727272727272727,2.254545454545455
Vitaly Minakov,20,0,0,0.2165163771383106,0.0,0.0,0.0,0.0,0.0,0.0,0.0,0.0,Heavyweight,44.17465753424658,0.7320261437908496,0.48275862068965525,1.4313011416188155,,0.0,0.0,0.0,0.0,20,1.0,4.2
Byron Bloodworth,6,3,0,0.045086858506829315,1.82,0.28,5.18,0.5,0.0,0.0,0.0,0.0,Featherweight,41.0,0.4423076923076923,0.2758620689655172,0.7632566197800388,4428.0,100.0,24.808999999999997,0.0,0.0,9,0.6666666666666666,1.9333333333333333
Cameron VanCamp,15,7,1,0.07518896698050656,5.31,0.47,6.41,0.4,0.0,0.0,0.0,0.0,Welterweight,31.0,0.6153846153846154,0.48275862068965525,1.1733322030547773,879.0,100.0,25.52,0.0,0.0,23,0.6521739130434783,4.730434782608696
Ronald Carillo,4,2,0,0.030068956371833978,0.0,0.0,0.0,0.0,0.0,0.0,0.0,0.0,Flyweight,33.27091633466136,0.34781884781884764,0.1997023071198213,0.5775901113105029,,0.0,0.0,0.0,0.0,6,0.6666666666666666,1.3333333333333335
Steve White,1,4,0,0.10525792335234052,0.0,0.0,0.0,0.0,0.0,0.0,0.0,0.0,Middleweight,39.515151515151516,0.5968489341983318,0.3793103448275862,1.0814172023782587,,0.0,0.0,0.0,0.0,5,0.2,1.04
Stephen Ledbetter,8,3,0,0.06013791274366793,1.2,0.38,1.6,0.57,5.0,0.45,1.0,0.0,Featherweight,42.0,0.4423076923076923,0.3103448275862067,0.8127904326375669,,0.0,0.22150000000000003,0.0,5.1674999999999995,11,0.7272727272727273,2.3454545454545457
Kengo Watanabe,8,13,3,0.1729213632144278,0.6,0.4,3.4,0.35,1.0,1.0,0.37,0.0,Heavyweight,49.0,0.7320261437908496,0.5517241379310344,1.456671644936312,,0.0,-0.22749999999999998,0.0,1.1869999999999998,24,0.3333333333333333,4.866666666666667
Augusto Mendes,6,2,0,0.045086858506829315,2.42,0.34,3.91,0.56,1.75,0.33,0.8,0.0,Featherweight,41.0,0.26923076923076916,0.20689655172413768,0.5212141794617362,2860.0,33.33333333333333,8.503833333333333,0.0,1.8795000000000002,8,0.75,1.75
Josh McDonald,9,5,0,0.12027582548733588,0.8,0.57,3.4,0.33,9.0,0.5,0.0,0.0,Light Heavyweight,41.277864992150704,0.6674641148325355,0.43297262375837825,1.2207125640782497,,0.0,-0.14650000000000002,0.0,9.075,14,0.6428571428571429,2.928571428571429
Ike Villanueva,18,14,0,0.15037793396101312,3.66,0.38,7.24,0.36,0.6,0.5,1.0,0.0,Light Heavyweight,40.0,0.5769230769230766,0.4482758620689653,1.1755768729530551,1026.0,66.66666666666666,16.625666666666667,0.0,0.7749999999999999,32,0.5625,6.5125
Kenji Arai,15,15,5,0.06013791274366793,8.79,0.27,10.29,0.39,0.0,0.0,0.0,0.0,Featherweight,45.0,0.4423076923076923,0.34482758620689663,0.8472731912582568,,0.0,0.7664999999999997,0.0,0.0,35,0.42857142857142855,7.085714285714285
Waachiim Spiritwolf,12,13,1,0.09773239623392123,10.0,1.0,10.0,0.0,0.0,0.0,0.0,0.0,Middleweight,39.515151515151516,0.5968489341983318,0.2758620689655172,0.9704433993977702,,0.0,1.2000000000000002,0.0,0.0,26,0.46153846153846156,5.292307692307692
Norman Parke,23,6,1,0.07518896698050656,3.06,0.35,2.88,0.64,1.98,0.26,0.77,0.0,Welterweight,38.0,0.4615384615384617,0.3793103448275862,0.9160377733465545,3273.0,12.5,3.624,0.0,2.096,30,0.7666666666666667,6.153333333333333
Alan Baudot,8,3,0,0.2074990054369447,5.36,0.58,4.82,0.46,0.0,0.0,0.62,0.0,Heavyweight,37.0,0.8076923076923075,0.5172413793103448,1.5324326924395968,963.0,50.0,13.302,0.0,0.062,11,0.7272727272727273,2.3454545454545457
Guilherme Viana,7,3,0,0.15037793396101312,2.92,0.4,2.72,0.59,1.2,0.66,0.77,0.0,Light Heavyweight,41.277864992150704,0.6674641148325355,0.5517241379310344,1.369566186724583,,0.0,0.49050000000000005,0.0,1.376,10,0.7,2.14
Manuel Gaxhja,7,0,0,0.07518896698050656,0.0,0.0,0.0,0.0,0.0,0.0,0.0,0.0,Welterweight,27.0,0.5218723584108196,0.2758620689655172,0.8729233943568433,,0.0,0.0,0.0,0.0,7,1.0,1.6
Jairzinho Rozenstruik,13,5,0,0.20600716085399814,2.81,0.45,3.15,0.45,0.0,0.0,0.73,0.0,Heavyweight,36.0,0.7692307692307692,0.48275862068965525,1.4579965507744226,179.0,64.28571428571429,16.458928571428572,0.07142857142857142,0.09085714285714286,18,0.7222222222222222,3.7444444444444445
Tanner Boser,21,10,1,0.15037793396101312,4.7,0.52,2.75,0.58,0.0,0.0,0.63,0.0,Light Heavyweight,33.0,0.6538461538461537,0.48275862068965525,1.2869827084968222,557.0,40.0,10.9535,0.0,0.063,32,0.65625,6.53125
Eldari Kurtanidze,0,1,0,0.19546479246784249,0.47,0.2,3.72,0.6,0.0,0.0,0.0,0.0,Heavyweight,52.0,0.7320261437908496,0.20689655172413768,1.1343874879828297,,0.0,-0.31050000000000005,0.0,0.0,1,0.0,0.2
Jesus Pinedo,16,5,1,0.07518896698050656,3.23,0.38,4.37,0.52,2.5,1.0,1.0,0.0,Welterweight,28.0,0.5218723584108196,0.34482758620689663,0.9418889115982227,2153.0,0.0,0.30599999999999994,0.0,2.75,22,0.7272727272727273,4.545454545454546
Mitch Raposo,5,1,0,0.030068956371833978,2.57,0.25,3.18,0.56,3.67,0.66,0.0,0.0,Flyweight,26.0,0.23076923076923084,0.17241379310344812,0.43325198024451295,256.0,0.0,0.2995,0.0,3.769,6,0.8333333333333334,1.366666666666667
Gary Frazier,3,3,0,0.21051584670468107,1.5,0.39,2.77,0.46,0.0,0.0,1.0,0.0,Heavyweight,44.17465753424658,0.7320261437908496,0.41379310344827575,1.3563350939438066,,0.0,0.10650000000000004,0.0,0.1,6,0.5,1.3000000000000003
Francois Botha,0,1,0,0.23305927595809578,0.0,0.0,1.05,0.77,0.0,0.0,0.0,0.0,Heavyweight,56.0,0.7320261437908496,0.48275862068965525,1.4478440404386008,,0.0,-0.04200000000000001,0.0,0.0,1,0.0,0.2
Todd Butler,1,4,0,0.14285240684259382,0.0,0.0,0.0,0.0,0.0,0.0,0.0,0.0,Light Heavyweight,41.277864992150704,0.6674641148325355,0.4482758620689653,1.2585923837440947,,0.0,0.0,0.0,0.0,5,0.2,1.04
Kelly Kobold,19,3,1,0.045086858506829315,2.33,0.21,4.11,0.59,1.67,0.11,0.0,0.0,Featherweight,41.0,0.4423076923076923,0.20689655172413768,0.6942911025386593,,0.0,0.09650000000000003,0.0,1.6864999999999999,23,0.8260869565217391,4.765217391304349
John Lewis,3,4,3,0.07518896698050656,0.0,0.0,4.0,0.66,0.0,0.0,0.0,0.0,Welterweight,38.13361169102296,0.5218723584108196,0.41379310344827575,1.0108544288396017,,0.0,-0.501,0.0,0.0,10,0.3,2.06
Andrew Ramm,4,4,0,0.08268134199708259,0.0,0.0,0.0,0.0,0.0,0.0,0.0,0.0,Welterweight,38.13361169102296,0.5218723584108196,0.4482758620689653,1.0528295624768673,,0.0,0.0,0.0,0.0,8,0.5,1.7000000000000002
Ruben Villareal,22,28,3,0.24058480307651503,5.18,0.53,4.86,0.35,0.0,0.0,0.0,0.0,Heavyweight,54.0,0.7320261437908496,0.5517241379310344,1.5243350847983992,,0.0,0.7245,0.0,0.0,53,0.41509433962264153,10.68301886792453
David Smith,5,1,0,0.07518896698050656,0.0,0.0,0.0,0.0,0.0,0.0,0.0,0.0,Welterweight,38.13361169102296,0.5218723584108196,0.3329867729451857,0.9300480983365118,,0.0,0.0,0.0,0.0,6,0.8333333333333334,1.366666666666667
Micheal Gillmore,6,5,0,0.09773239623392123,2.04,0.57,3.02,0.43,0.0,0.0,0.5,0.0,Middleweight,37.0,0.5384615384615383,0.3793103448275862,1.0155042795230458,1082.0,50.0,12.7355,0.5,0.175,11,0.5454545454545454,2.309090909090909
Fabio Cherant,7,4,0,0.15037793396101312,1.35,0.4,4.89,0.38,0.0,0.0,0.0,0.0,Light Heavyweight,30.0,0.6153846153846154,0.4482758620689653,1.214038411414594,1096.0,33.33333333333333,8.074333333333334,0.0,0.0,11,0.6363636363636364,2.3272727272727276
Mayana Kellem,7,1,0,0.045086858506829315,1.94,0.22,2.9,0.62,0.0,0.0,0.0,0.0,Featherweight,43.0,0.4423076923076923,0.17241379310344812,0.6598083439179697,,0.0,0.187,0.0,0.0,8,0.875,1.7750000000000001
Puja Tomar,8,4,0,0.01501790213499534,0.0,0.0,0.0,0.0,0.0,0.0,0.0,0.0,Strawweight,33.46363636363636,0.21923076923076928,0.11741236819606739,0.35166103956183203,249.0,0.0,0.0,0.0,0.0,12,0.6666666666666666,2.5333333333333337
Elvis Mutapcic,15,6,1,0.12027582548733588,3.41,0.4,4.27,0.38,0.0,0.0,0.81,0.0,Light Heavyweight,38.0,0.5384615384615383,0.41379310344827575,1.0725304673971499,2993.0,50.0,12.849,0.0,0.08100000000000002,22,0.6818181818181818,4.536363636363637
Alexander Sarnavskiy,35,6,0,0.07518896698050656,1.43,0.66,2.06,0.42,0.0,0.0,0.75,0.0,Welterweight,38.13361169102296,0.5218723584108196,0.3793103448275862,0.9763716702189124,,0.0,0.2435,0.0,0.07500000000000001,41,0.8536585365853658,8.370731707317074
Joe Merritt,7,2,0,0.09773239623392123,1.53,0.58,0.73,0.66,0.0,0.0,0.68,0.0,Middleweight,40.0,0.5968489341983318,0.41379310344827575,1.1083744338805288,3518.0,0.0,0.48800000000000004,0.0,0.068,9,0.7777777777777778,1.9555555555555557
Aliev Makhmud,0,1,0,0.1353268797241745,1.12,0.3,2.24,0.36,2.1,0.5,0.0,0.0,Light Heavyweight,54.0,0.6674641148325355,0.20689655172413768,1.0096875462808477,,0.0,0.057999999999999996,0.0,2.1750000000000003,1,0.0,0.2
Brad Gumm,10,6,1,0.09773239623392123,0.0,0.0,0.0,0.0,0.0,0.0,0.0,0.0,Middleweight,39.515151515151516,0.5968489341983318,0.3793103448275862,1.0738916752598393,,0.0,0.0,0.0,0.0,17,0.5882352941176471,3.51764705882353
Adrian Diaz,11,4,1,0.06013791274366793,0.48,0.42,3.84,0.51,2.4,0.5,0.0,0.0,Featherweight,36.0,0.4423076923076923,0.34482758620689663,0.8472731912582568,,0.0,-0.29549999999999993,0.0,2.475,16,0.6875,3.3375000000000004
Feng Pengchao,15,9,1,0.045086858506829315,0.0,0.0,0.0,0.0,0.0,0.0,0.0,0.0,Featherweight,35.8830242510699,0.4423076923076923,0.2688069758224335,0.7562015266369551,,0.0,0.0,0.0,0.0,25,0.6,5.12
Jordan Radev,23,5,0,0.12027582548733588,1.35,0.23,2.38,0.66,0.0,0.0,0.8,0.0,Light Heavyweight,48.0,0.6674641148325355,0.24137931034482762,1.0291192506646991,,0.0,0.12550000000000006,0.0,0.08000000000000002,28,0.8214285714285714,5.764285714285715
Young Hwang,8,5,0,0.045086858506829315,0.0,0.0,0.0,0.0,0.0,0.0,0.0,0.0,Featherweight,35.8830242510699,0.4423076923076923,0.3103448275862067,0.7977393784007283,,0.0,0.0,0.0,0.0,13,0.6153846153846154,2.723076923076923
Xue Do Won,0,1,0,0.09020686911550194,0.0,0.0,0.0,0.0,0.0,0.0,0.0,0.0,Welterweight,38.13361169102296,0.5218723584108196,0.24137931034482762,0.8534585378711491,,0.0,0.0,0.0,0.0,1,0.0,0.2
Drew Pendleton,5,0,0,0.06013791274366793,0.0,0.0,0.0,0.0,0.0,0.0,0.0,0.0,Featherweight,35.8830242510699,0.4423076923076923,0.2688069758224335,0.7712525808737938,,0.0,0.0,0.0,0.0,5,1.0,1.2
Matt Andersen,14,8,1,0.18797241745126642,0.0,0.0,0.0,0.0,0.0,0.0,0.0,0.0,Heavyweight,53.0,0.7320261437908496,0.48275862068965525,1.4027571819317712,,0.0,0.0,0.0,0.0,23,0.6086956521739131,4.721739130434783
Estefani Almeida,7,3,0,0.030068956371833978,3.13,0.37,6.07,0.42,0.0,0.0,0.0,0.0,Flyweight,36.0,0.34781884781884764,0.1379310344827586,0.5158188386734402,,0.0,0.009000000000000008,0.0,0.0,10,0.7,2.14
Kevin Roddy,15,16,1,0.06013791274366793,2.64,0.3,2.38,0.6,0.0,0.0,0.5,0.0,Featherweight,35.8830242510699,0.4423076923076923,0.3793103448275862,0.8817559498789465,,0.0,0.45299999999999996,0.0,0.05,32,0.46875,6.49375
David Avellan,2,1,0,0.12027582548733588,3.33,0.25,10.0,0.57,0.0,0.0,0.0,0.0,Light Heavyweight,41.277864992150704,0.6674641148325355,0.3103448275862067,1.0980847679060781,,0.0,-0.5319999999999999,0.0,0.0,3,0.6666666666666666,0.7333333333333334
Ashkan Mokhtarian,13,3,0,0.030068956371833978,1.95,0.43,3.66,0.43,0.54,0.16,0.33,0.0,Flyweight,39.0,0.34615384615384626,0.20689655172413768,0.5831193542498179,2643.0,50.0,12.589,0.0,0.5970000000000001,16,0.8125,3.3625000000000003
Koyomi Matsushima,13,6,0,0.06013791274366793,2.7,0.47,2.83,0.59,9.0,0.52,0.33,0.0,Featherweight,32.0,0.3076923076923075,0.24137931034482762,0.609209530780803,,0.0,0.43300000000000005,0.0,9.110999999999999,19,0.6842105263157895,3.936842105263158
Marco Ruas,9,4,2,0.1578703089775892,0.0,0.0,0.0,0.0,0.0,0.0,0.0,0.0,Heavyweight,64.0,0.7320261437908496,0.4482758620689653,1.3381723148374043,,0.0,0.0,0.0,0.0,15,0.6,3.12
Brett Rogers,17,10,0,0.24058480307651503,3.17,0.44,3.2,0.46,0.0,0.0,0.58,0.0,Heavyweight,43.0,0.8846153846153846,0.5862068965517243,1.711407084243624,,0.0,0.46950000000000003,0.0,0.057999999999999996,27,0.6296296296296297,5.525925925925926
Brianna Fortino,9,3,0,0.01501790213499534,3.53,0.41,3.23,0.57,2.5,0.45,0.66,0.0,Strawweight,31.0,0.15384615384615374,0.0,0.1688640559811491,,0.0,0.5654999999999999,0.0,2.6334999999999997,12,0.75,2.5500000000000003
Devin Cole,20,10,1,0.20299031958626176,3.5,0.55,2.14,0.48,2.18,0.42,0.66,0.0,Heavyweight,48.0,0.7320261437908496,0.5517241379310344,1.4867406013081457,,0.0,0.736,0.0,2.309,31,0.6451612903225806,6.329032258064516
Ryan Stonitsch,8,1,0,0.09773239623392123,2.53,0.36,2.53,0.71,0.0,0.0,0.0,0.0,Middleweight,48.0,0.5968489341983318,0.3103448275862067,1.0049261580184599,,0.0,0.4315,0.0,0.0,9,0.8888888888888888,1.9777777777777779
Rodney Faverus,25,20,3,0.16539583609600847,2.3,0.53,1.6,0.54,4.5,1.0,0.25,0.0,Heavyweight,44.17465753424658,0.7320261437908496,0.41379310344827575,1.3112150833351337,,0.0,0.5219999999999999,0.0,4.675000000000001,48,0.5208333333333334,9.704166666666667
James Mulheron,11,2,0,0.2074990054369447,2.4,0.31,3.47,0.42,0.0,0.0,0.25,0.0,Heavyweight,36.0,0.5769230769230766,0.34482758620689663,1.129249668566918,2768.0,0.0,0.2044999999999999,0.0,0.025,13,0.8461538461538461,2.769230769230769
Jonny Carson,11,7,0,0.07518896698050656,0.0,0.0,0.0,0.0,0.0,0.0,0.0,0.0,Welterweight,38.13361169102296,0.5218723584108196,0.34482758620689663,0.9418889115982227,,0.0,0.0,0.0,0.0,18,0.6111111111111112,3.7222222222222223
Nick Hein,14,5,0,0.07518896698050656,2.65,0.35,3.61,0.59,0.86,0.33,0.83,0.0,Welterweight,40.0,0.3076923076923075,0.20689655172413768,0.5897778263969518,2083.0,12.5,3.4044999999999996,0.125,1.02375,19,0.7368421052631579,3.947368421052632
Adam Hunter,7,1,0,0.12027582548733588,0.0,0.0,0.0,0.0,0.0,0.0,0.0,0.0,Light Heavyweight,41.0,0.6674641148325355,0.4482758620689653,1.2360158023888368,,0.0,0.0,0.0,0.0,8,0.875,1.7750000000000001
Mark Cherico,11,1,0,0.06013791274366793,3.69,0.34,7.37,0.56,5.03,0.5,0.0,0.0,Featherweight,38.0,0.4230769230769229,0.24137931034482762,0.7245941461654184,,0.0,-0.030999999999999917,0.0,5.105,12,0.9166666666666666,2.583333333333334
Nick Nolte,5,4,0,0.09773239623392123,0.0,0.0,0.0,0.0,0.0,0.0,0.0,0.0,Middleweight,39.515151515151516,0.5968489341983318,0.41379310344827575,1.1083744338805288,,0.0,0.0,0.0,0.0,9,0.5555555555555556,1.9111111111111112
Kyu Sung Kim,12,5,0,0.030068956371833978,0.0,0.0,0.0,0.0,0.0,0.0,0.0,0.0,Flyweight,33.27091633466136,0.34781884781884764,0.1997023071198213,0.5775901113105029,,0.0,0.0,0.0,0.0,17,0.7058823529411765,3.5411764705882356
Gleristone Santos,33,7,0,0.06013791274366793,3.4,0.31,4.4,0.64,0.0,0.0,0.75,0.0,Featherweight,35.8830242510699,0.4423076923076923,0.3103448275862067,0.8127904326375669,,0.0,0.348,0.0,0.07500000000000001,40,0.825,8.165
Emily Ducote,13,8,0,0.01501790213499534,6.93,0.48,7.98,0.56,0.25,0.14,0.92,0.0,Strawweight,31.0,0.1923076923076925,0.0689655172413791,0.27629111168406695,270.0,0.0,0.7155,0.0,0.36300000000000004,21,0.6190476190476191,4.323809523809524
Andy Waters,1,2,0,0.09773239623392123,0.0,0.0,0.0,0.0,0.0,0.0,0.0,0.0,Middleweight,39.515151515151516,0.5968489341983318,0.41379310344827575,1.1083744338805288,,0.0,0.0,0.0,0.0,3,0.3333333333333333,0.6666666666666667
Jason Gilliam,14,9,0,0.09773239623392123,0.79,0.33,3.14,0.42,0.0,0.0,0.0,0.0,Middleweight,39.515151515151516,0.5968489341983318,0.41379310344827575,1.1083744338805288,,0.0,-0.14449999999999996,0.0,0.0,23,0.6086956521739131,4.721739130434783
Johnny Cisneros,9,6,0,0.09773239623392123,0.0,0.0,0.0,0.0,0.0,0.0,0.0,0.0,Middleweight,39.515151515151516,0.5968489341983318,0.3793103448275862,1.0738916752598393,,0.0,0.0,0.0,0.0,15,0.6,3.12
Art Jimmerson,0,1,0,0.13681872430712108,0.0,0.0,0.0,0.0,0.0,0.0,0.0,0.0,Light Heavyweight,61.0,0.6674641148325355,0.4482758620689653,1.252558701208622,,0.0,0.0,0.0,0.0,1,0.0,0.2
Justin Hawes,6,9,0,0.15037793396101312,0.0,0.0,3.41,0.37,0.0,0.0,0.0,0.0,Light Heavyweight,41.277864992150704,0.6674641148325355,0.3793103448275862,1.1971523936211348,,0.0,-0.45599999999999996,0.0,0.0,15,0.4,3.08
Art Santore,18,8,0,0.12027582548733588,1.4,0.12,7.31,0.52,0.0,0.0,1.0,0.0,Light Heavyweight,41.277864992150704,0.6674641148325355,0.48275862068965525,1.2704985610095267,,0.0,-0.6444999999999999,0.0,0.1,26,0.6923076923076923,5.338461538461539
Charlie Ward,3,3,0,0.09773239623392123,1.64,0.19,7.21,0.53,0.0,0.0,0.0,0.0,Middleweight,44.0,0.5968489341983318,0.3793103448275862,1.0738916752598393,2768.0,50.0,11.946,0.5,0.125,6,0.5,1.3000000000000003
Jianping Yang,11,4,1,0.06013791274366793,1.4,0.26,2.07,0.65,1.0,0.25,0.33,0.0,Featherweight,36.0,0.4423076923076923,0.24137931034482762,0.7438249153961878,3826.0,0.0,0.189,0.0,1.0705,16,0.6875,3.3375000000000004
Clint Hester,11,6,0,0.15037793396101312,3.36,0.42,3.44,0.56,1.02,0.35,0.6,0.0,Light Heavyweight,38.0,0.7307692307692308,0.48275862068965525,1.3639057854198993,3217.0,42.857142857142854,11.206285714285714,0.14285714285714285,1.1682142857142859,17,0.6470588235294118,3.5294117647058827
Bas Rutten,28,4,1,0.15037793396101312,5.59,0.61,2.06,0.79,0.0,0.0,0.0,0.0,Light Heavyweight,59.0,0.6674641148325355,0.4482758620689653,1.266117910862514,,0.0,1.329,0.0,0.0,33,0.8484848484848485,6.76969696969697
Frank Camacho,22,10,0,0.07518896698050656,6.56,0.46,7.44,0.51,1.11,0.31,0.73,0.0,Welterweight,35.0,0.5769230769230766,0.34482758620689663,0.9969396301104798,1005.0,57.14285714285714,14.978214285714284,0.14285714285714285,1.2652142857142858,32,0.6875,6.5375000000000005
Sheymon Moraes,11,4,0,0.06013791274366793,3.0,0.42,3.64,0.63,0.0,0.0,0.53,0.0,Featherweight,34.0,0.5384615384615383,0.2758620689655172,0.8744615201707234,2041.0,20.0,5.382499999999999,0.2,0.10300000000000001,15,0.7333333333333333,3.1466666666666665
Ian McCall,13,5,1,0.030068956371833978,3.59,0.39,3.25,0.67,2.08,0.3,0.88,0.0,Flyweight,40.0,0.23076923076923084,0.17241379310344812,0.43325198024451295,3665.0,0.0,0.5885,0.0,2.213,19,0.6842105263157895,3.936842105263158
Jonathan Wilson,7,3,0,0.15037793396101312,2.92,0.48,5.65,0.56,0.37,1.0,0.8,0.0,Light Heavyweight,37.0,0.6538461538461537,0.48275862068965525,1.2869827084968222,2671.0,50.0,12.5625,0.0,0.6000000000000001,10,0.7,2.14
Julio Cesar Neves Jr.,33,1,0,0.06013791274366793,1.98,0.35,4.81,0.51,1.06,0.25,0.76,0.0,Featherweight,35.8830242510699,0.4423076923076923,0.2758620689655172,0.7783076740168774,,0.0,-0.07999999999999996,0.0,1.1735000000000002,34,0.9705882352941176,6.994117647058824
Hisaki Kato,8,2,0,0.12027582548733588,2.8,0.48,1.72,0.68,1.62,1.0,0.0,0.0,Light Heavyweight,41.277864992150704,0.6674641148325355,0.41379310344827575,1.2015330437681473,,0.0,0.6399999999999999,0.0,1.77,10,0.8,2.16
Karol Rosa,17,5,0,0.045086858506829315,5.43,0.55,4.17,0.48,1.38,0.47,0.68,0.0,Featherweight,30.0,0.34615384615384626,0.17241379310344812,0.5636544977641237,186.0,0.0,0.9140000000000001,0.0,1.5185,22,0.7727272727272727,4.554545454545455
Bao Quach,19,10,1,0.06013791274366793,0.0,0.0,0.0,0.0,0.0,0.0,0.0,0.0,Featherweight,45.0,0.4423076923076923,0.10344827586206903,0.6058938809134292,,0.0,0.0,0.0,0.0,30,0.6333333333333333,6.126666666666667
Alex Soto,8,3,1,0.045086858506829315,2.95,0.25,5.02,0.59,2.82,0.3,0.0,0.0,Featherweight,40.0,0.4423076923076923,0.2758620689655172,0.7632566197800388,4656.0,50.0,12.623,0.0,2.8649999999999998,12,0.6666666666666666,2.5333333333333337
Richie Hightower,8,4,0,0.09773239623392123,4.62,0.35,6.92,0.21,3.46,1.0,1.0,0.0,Middleweight,50.0,0.5968489341983318,0.2758620689655172,0.9704433993977702,,0.0,0.21850000000000014,0.0,3.71,12,0.6666666666666666,2.5333333333333337
Chris Hawk,5,10,0,0.15037793396101312,0.0,0.0,0.0,0.0,0.0,0.0,0.0,0.0,Light Heavyweight,41.277864992150704,0.6674641148325355,0.4482758620689653,1.266117910862514,,0.0,0.0,0.0,0.0,15,0.3333333333333333,3.066666666666667
Fabio Aguiar,17,1,0,0.12027582548733588,0.0,0.0,0.0,0.0,0.0,0.0,0.0,0.0,Light Heavyweight,41.277864992150704,0.6674641148325355,0.41379310344827575,1.2015330437681473,,0.0,0.0,0.0,0.0,18,0.9444444444444444,3.7888888888888888
Salvador Woods,8,17,0,0.09773239623392123,0.0,0.0,0.0,0.0,0.0,0.0,0.0,0.0,Middleweight,39.515151515151516,0.5968489341983318,0.3793103448275862,1.0738916752598393,,0.0,0.0,0.0,0.0,25,0.32,5.064
Terrence Mitchell,14,4,0,0.045086858506829315,2.21,0.34,8.85,0.41,3.69,0.5,0.0,0.0,Featherweight,35.0,0.6153846153846154,0.34482758620689663,1.0052990600983414,515.0,100.0,24.354499999999998,0.0,3.765,18,0.7777777777777778,3.7555555555555555
Thomas Paull,11,4,0,0.07518896698050656,7.33,0.33,8.67,0.64,0.0,0.0,0.0,0.0,Welterweight,30.0,0.34615384615384626,0.24137931034482762,0.6627221234791805,,0.0,0.6940000000000002,0.0,0.0,15,0.7333333333333333,3.1466666666666665
Paulo Costa,14,2,0,0.12027582548733588,6.5,0.6,6.38,0.47,0.53,0.75,0.79,0.0,Light Heavyweight,33.0,0.5384615384615383,0.4482758620689653,1.1070132260178394,256.0,40.0,10.8585,0.0,0.7215,16,0.875,3.375
Josh Bryant,15,4,0,0.12027582548733588,1.1,0.2,6.1,0.43,0.0,0.0,0.0,0.0,Light Heavyweight,44.0,0.6674641148325355,0.34482758620689663,1.132567526526768,5352.0,100.0,24.4645,0.0,0.0,19,0.7894736842105263,3.9578947368421056
Ravena Oliveira,7,2,1,0.045086858506829315,1.0,0.48,1.2,0.48,2.0,0.66,0.62,0.0,Featherweight,27.0,0.26923076923076916,0.17241379310344812,0.4867314208410466,487.0,0.0,0.238,0.0,2.161,10,0.7,2.14
Ed Ratcliff,7,3,0,0.07518896698050656,2.71,0.38,2.96,0.63,0.28,0.16,0.53,0.0,Welterweight,41.0,0.5,0.34482758620689663,0.9200165531874032,,0.0,0.4040000000000001,0.0,0.35700000000000004,10,0.7,2.14
Maheshate,9,3,0,0.07518896698050656,2.91,0.26,4.86,0.49,0.0,0.0,0.45,0.0,Welterweight,25.0,0.5,0.41379310344827575,0.9889820704287823,81.0,40.0,10.124,0.0,0.045000000000000005,12,0.75,2.5500000000000003
Luke Jumeau,13,5,0,0.09773239623392123,2.93,0.43,3.17,0.58,0.25,1.0,0.86,0.0,Middleweight,37.0,0.5384615384615383,0.3793103448275862,1.0155042795230458,1957.0,0.0,0.43,0.0,0.48600000000000004,18,0.7222222222222222,3.7444444444444445
Stephanie Webber,2,2,0,0.045086858506829315,0.91,0.8,3.85,0.15,6.79,0.4,0.0,0.0,Featherweight,35.8830242510699,0.4423076923076923,0.20689655172413768,0.6942911025386593,,0.0,-0.16749999999999993,0.0,6.85,4,0.5,0.9
Bob Cook,5,0,0,0.09773239623392123,0.0,0.0,0.0,0.0,0.0,0.0,0.0,0.0,Middleweight,39.515151515151516,0.5968489341983318,0.3103448275862067,1.0049261580184599,,0.0,0.0,0.0,0.0,5,1.0,1.2
Alex Enlund,14,2,0,0.06013791274366793,0.0,0.0,0.0,0.0,0.0,0.0,0.0,0.0,Featherweight,37.0,0.4423076923076923,0.34482758620689663,0.8472731912582568,,0.0,0.0,0.0,0.0,16,0.875,3.375
Dariya Zheleznykova,8,1,0,0.045086858506829315,0.0,0.0,0.0,0.0,0.0,0.0,0.0,0.0,Featherweight,35.8830242510699,0.4423076923076923,0.2688069758224335,0.7562015266369551,,0.0,0.0,0.0,0.0,9,0.8888888888888888,1.9777777777777779
Davi Bittencourt,14,4,0,0.045086858506829315,4.15,0.66,1.51,0.46,14.15,0.33,0.0,0.0,Featherweight,30.0,0.26923076923076916,0.17241379310344812,0.4867314208410466,,0.0,1.0120000000000002,0.0,14.1995,18,0.7777777777777778,3.7555555555555555
Francimar Barroso,19,7,0,0.15037793396101312,2.77,0.52,3.07,0.59,2.22,0.24,0.83,0.0,Light Heavyweight,44.0,0.6538461538461537,0.4482758620689653,1.2524999498761322,2580.0,0.0,0.42450000000000004,0.125,2.3702500000000004,26,0.7307692307692307,5.346153846153847
Abubakar Nurmagomedov,17,4,1,0.09773239623392123,2.78,0.53,2.61,0.65,1.25,0.22,0.88,0.0,Middleweight,35.0,0.5384615384615383,0.3793103448275862,1.0155042795230458,620.0,0.0,0.507,0.25,1.4335,22,0.7727272727272727,4.554545454545455
Kerry Schall,24,13,0,0.24058480307651503,0.94,0.11,4.84,0.63,0.0,0.0,0.0,0.0,Heavyweight,53.0,0.7320261437908496,0.48275862068965525,1.4553695675570197,,0.0,-0.37449999999999994,0.0,0.0,37,0.6486486486486487,7.5297297297297305
Eddie Ruiz,1,1,0,0.07518896698050656,0.2,0.25,1.4,0.47,2.0,0.12,0.0,0.0,Welterweight,57.0,0.5218723584108196,0.24137931034482762,0.8384406357361538,,0.0,-0.03950000000000001,0.0,2.018,2,0.5,0.5
Justin Gaethje,25,4,0,0.07518896698050656,7.35,0.6,7.5,0.53,0.13,0.25,0.75,0.0,Welterweight,36.0,0.4615384615384617,0.3793103448275862,0.9160377733465545,305.0,69.23076923076923,18.219692307692306,0.07692307692307693,0.26173076923076927,29,0.8620689655172413,5.972413793103449
Daniel Acacio,30,18,0,0.11278345047075986,3.52,0.36,2.85,0.62,0.33,0.2,0.81,0.0,Middleweight,47.0,0.5968489341983318,0.2758620689655172,0.9854944536346089,,0.0,0.6174999999999999,0.0,0.441,48,0.625,9.725000000000001
Greg Rebello,24,8,0,0.20299031958626176,2.61,0.39,2.92,0.58,0.0,0.0,0.0,0.0,Heavyweight,42.0,0.5769230769230766,0.41379310344827575,1.1937064999576141,,0.0,0.3794999999999999,0.0,0.0,32,0.75,6.550000000000001
Andrey Koreshkov,19,2,0,0.09773239623392123,2.84,0.39,1.92,0.63,4.8,0.53,0.0,0.0,Middleweight,39.515151515151516,0.5968489341983318,0.41379310344827575,1.1083744338805288,,0.0,0.5945,0.0,4.8795,21,0.9047619047619048,4.380952380952381
Erik Silva,9,2,0,0.06013791274366793,2.17,0.71,1.58,0.4,3.94,0.8,0.71,0.0,Featherweight,37.0,0.5,0.3103448275862067,0.8704827403298746,354.0,0.0,0.5075,0.5,4.255999999999999,11,0.8181818181818182,2.3636363636363638
Geza Kalman,4,9,0,0.14285240684259382,0.0,0.0,0.0,0.0,0.0,0.0,0.0,0.0,Light Heavyweight,41.277864992150704,0.6674641148325355,0.4482758620689653,1.2585923837440947,,0.0,0.0,0.0,0.0,13,0.3076923076923077,2.661538461538462
Sean Gannon,2,1,0,0.24058480307651503,0.0,0.0,6.38,0.28,0.0,0.0,0.5,0.0,Heavyweight,44.17465753424658,0.7320261437908496,0.5172413793103448,1.4898523261777092,,0.0,-0.9149999999999999,0.0,0.05,3,0.6666666666666666,0.7333333333333334
Dustin Moore,0,2,0,0.030068956371833978,0.0,0.0,0.0,0.0,0.0,0.0,0.0,0.0,Flyweight,33.27091633466136,0.34781884781884764,0.1379310344827586,0.5158188386734402,,0.0,0.0,0.0,0.0,2,0.0,0.4
Wayne Phillips,7,7,0,0.12027582548733588,0.0,0.0,0.0,0.0,0.0,0.0,0.0,0.0,Light Heavyweight,41.277864992150704,0.6674641148325355,0.43297262375837825,1.2207125640782497,,0.0,0.0,0.0,0.0,14,0.5,2.9000000000000004
Jennifer Gonzalez,13,5,0,0.030068956371833978,0.0,0.0,0.0,0.0,0.0,0.0,0.0,0.0,Flyweight,33.27091633466136,0.34781884781884764,0.0689655172413791,0.4468533214320607,,0.0,0.0,0.0,0.0,18,0.7222222222222222,3.7444444444444445
Ryan MacDonald,10,2,0,0.045086858506829315,2.28,0.29,6.49,0.45,0.0,0.0,0.0,0.0,Featherweight,31.0,0.5,0.3793103448275862,0.9243972033344154,1978.0,50.0,12.222,0.0,0.0,12,0.8333333333333334,2.566666666666667
Izabela Badurek,6,3,0,0.01501790213499534,3.74,0.71,4.9,0.32,1.75,0.12,1.0,0.0,Strawweight,33.0,0.21923076923076928,0.17241379310344812,0.4066624644692127,3595.0,0.0,0.39,0.0,1.868,9,0.6666666666666666,1.9333333333333333
Alavutdin Gadjiev,18,13,1,0.12027582548733588,0.99,0.27,0.99,0.57,0.0,0.0,0.5,0.0,Light Heavyweight,42.0,0.6674641148325355,0.48275862068965525,1.2704985610095267,,0.0,0.23850000000000002,0.0,0.05,32,0.5625,6.5125
Zviad Lazishvili,13,1,0,0.045086858506829315,4.2,0.39,6.13,0.51,0.0,0.0,0.0,0.0,Featherweight,33.0,0.4230769230769229,0.20689655172413768,0.67506033330789,1208.0,0.0,0.28500000000000014,0.0,0.0,14,0.9285714285714286,2.9857142857142858
Scott McAfee,14,7,0,0.07518896698050656,0.0,0.0,1.33,0.5,0.0,0.0,0.0,0.0,Welterweight,41.0,0.5218723584108196,0.2758620689655172,0.8729233943568433,,0.0,-0.12450000000000001,0.0,0.0,21,0.6666666666666666,4.333333333333334
Cameron Smotherman,8,4,0,0.045086858506829315,4.0,0.36,13.0,0.35,0.0,0.0,0.0,0.0,Featherweight,27.0,0.4230769230769229,0.3103448275862067,0.7785086091699589,116.0,0.0,-0.8254999999999999,0.0,0.0,12,0.6666666666666666,2.5333333333333337
Rafael Carvalho,14,1,0,0.12027582548733588,1.94,0.5,1.84,0.54,2.77,0.4,0.7,0.0,Light Heavyweight,41.277864992150704,0.6674641148325355,0.5172413793103448,1.3049813196302162,,0.0,0.3899999999999999,0.0,2.9,15,0.9333333333333333,3.1866666666666665
Chris Hofmann,9,2,0,0.09773239623392123,4.78,0.45,4.63,0.35,3.42,0.42,0.0,0.0,Middleweight,35.0,0.5384615384615383,0.41379310344827575,1.0499870381437353,,0.0,0.6430000000000001,0.0,3.483,11,0.8181818181818182,2.3636363636363638
Jaimelene Nievera,7,4,0,0.030068956371833978,1.67,0.53,8.73,0.33,1.79,0.16,0.0,0.0,Flyweight,40.0,0.34781884781884764,0.17241379310344812,0.5503015972941298,,0.0,-0.7365000000000002,0.0,1.814,11,0.6363636363636364,2.3272727272727276
Brandon Magana,6,2,0,0.09773239623392123,0.0,0.0,0.0,0.0,0.0,0.0,0.0,0.0,Middleweight,39.515151515151516,0.5968489341983318,0.3835561420620804,1.0781374724943333,,0.0,0.0,0.0,0.0,8,0.75,1.75
Jaime Alvarez,6,1,0,0.030068956371833978,2.73,0.4,4.53,0.56,1.0,0.33,0.5,0.0,Flyweight,36.0,0.4230769230769229,0.2758620689655172,0.7290079484142741,,0.0,0.16699999999999993,0.0,1.0995000000000001,7,0.8571428571428571,1.5714285714285716
Emanuel Newton,26,12,1,0.15037793396101312,1.92,0.49,1.35,0.51,2.02,1.0,0.0,0.0,Light Heavyweight,41.277864992150704,0.6674641148325355,0.4482758620689653,1.266117910862514,,0.0,0.45199999999999996,0.0,2.17,39,0.6666666666666666,7.9333333333333345
Gary Mangat,15,3,0,0.045086858506829315,0.0,0.0,0.0,0.0,0.0,0.0,0.0,0.0,Featherweight,35.8830242510699,0.4423076923076923,0.24137931034482762,0.7287738611593493,,0.0,0.0,0.0,0.0,18,0.8333333333333334,3.7666666666666666
Steve Kozola,8,0,0,0.07518896698050656,3.9,0.39,4.36,0.5,2.34,1.0,1.0,0.0,Welterweight,38.13361169102296,0.5218723584108196,0.3329867729451857,0.9300480983365118,,0.0,0.47399999999999987,0.0,2.59,8,1.0,1.8
Shonte Barnes,6,2,1,0.12027582548733588,2.32,0.38,1.55,0.67,0.0,0.0,0.6,0.0,Light Heavyweight,38.0,0.6923076923076921,0.3793103448275862,1.191893862622614,,0.0,0.524,0.0,0.06,9,0.6666666666666666,1.9333333333333333
Jesse Juarez,23,12,0,0.09773239623392123,1.71,0.48,2.87,0.52,2.69,0.33,0.5,0.0,Middleweight,43.0,0.5968489341983318,0.4482758620689653,1.1428571925012183,,0.0,0.17099999999999993,0.0,2.7895,35,0.6571428571428571,7.131428571428572
Brendon Marotte,8,2,0,0.07518896698050656,3.0,1.0,42.0,0.33,0.0,0.0,0.0,0.0,Welterweight,29.0,0.4615384615384617,0.3103448275862067,0.8470722561051749,158.0,50.0,7.1995,0.5,0.125,10,0.8,2.16
Yuji Nagata,0,2,0,0.1804468903328471,1.45,0.4,14.46,0.04,0.0,0.0,0.0,0.0,Heavyweight,56.0,0.7320261437908496,0.41379310344827575,1.3262661375719724,,0.0,-1.7205,0.0,0.0,2,0.0,0.4
Alton Cunningham,4,2,0,0.15037793396101312,3.33,0.75,4.94,0.2,1.67,0.1,1.0,0.0,Light Heavyweight,31.0,0.7307692307692308,0.48275862068965525,1.3639057854198993,,0.0,0.27149999999999996,0.0,1.785,6,0.6666666666666666,1.3333333333333335
Nikolay Veretennikov,9,4,0,0.09773239623392123,3.47,0.65,3.53,0.56,0.0,0.0,0.5,0.0,Middleweight,35.0,0.6153846153846154,0.4482758620689653,1.161392873687502,186.0,0.0,0.5520000000000002,0.0,0.05,13,0.6923076923076923,2.7384615384615385
Chad Johnson,6,2,0,0.18797241745126642,5.92,0.68,7.8,0.4,0.0,0.0,0.0,0.0,Heavyweight,38.0,0.8461538461538458,0.48275862068965525,1.5168848842947675,,0.0,0.5060000000000002,0.0,0.0,8,0.75,1.75
Marcus Brimage,7,7,0,0.045086858506829315,3.97,0.35,3.64,0.56,0.56,1.0,0.8,0.0,Featherweight,39.0,0.5,0.1379310344827586,0.6830178929895879,3497.0,50.0,13.1005,0.0,0.79,14,0.5,2.9000000000000004
Jared Papazian,20,13,0,0.045086858506829315,3.33,0.39,3.81,0.44,0.0,0.0,0.5,0.0,Featherweight,37.0,0.34615384615384626,0.2758620689655172,0.6671027736261927,4442.0,0.0,0.40500000000000014,0.3333333333333333,0.13333333333333333,33,0.6060606060606061,6.721212121212122
Matheus Scheffel,14,7,0,0.15037793396101312,1.33,0.36,3.0,0.47,0.0,0.0,1.0,0.0,Light Heavyweight,32.0,0.6538461538461537,0.48275862068965525,1.2869827084968222,,0.0,0.025000000000000078,0.0,0.1,21,0.6666666666666666,4.333333333333334
Scott Bessac,4,6,0,0.21051584670468107,0.0,0.0,0.0,0.0,0.0,0.0,0.0,0.0,Heavyweight,44.17465753424658,0.7320261437908496,0.5517241379310344,1.494266128426565,,0.0,0.0,0.0,0.0,10,0.4,2.08
Yuki Ishikawa,0,2,0,0.15037793396101312,1.07,0.28,8.57,0.11,0.0,0.0,0.5,0.0,Light Heavyweight,41.277864992150704,0.6674641148325355,0.3793103448275862,1.1971523936211348,,0.0,-0.9455,0.0,0.05,2,0.0,0.4
Julie Kedzie,16,13,0,0.045086858506829315,2.9,0.36,3.18,0.46,1.14,0.23,0.78,0.0,Featherweight,43.0,0.4423076923076923,0.17241379310344812,0.6598083439179697,4086.0,0.0,0.3889999999999999,0.0,1.2525,29,0.5517241379310345,5.910344827586208
Dennis Dombrow,7,5,0,0.06013791274366793,0.0,0.0,0.0,0.0,0.0,0.0,0.0,0.0,Featherweight,35.8830242510699,0.4423076923076923,0.2688069758224335,0.7712525808737938,,0.0,0.0,0.0,0.0,12,0.5833333333333334,2.516666666666667
Tulio Palhares,2,16,0,0.11278345047075986,0.0,0.0,0.0,0.0,0.0,0.0,0.0,0.0,Middleweight,39.515151515151516,0.5968489341983318,0.3835561420620804,1.093188526731172,,0.0,0.0,0.0,0.0,18,0.1111111111111111,3.6222222222222222
Peter Petties,5,3,0,0.06013791274366793,2.61,0.29,8.24,0.48,0.0,0.0,0.0,0.0,Featherweight,34.0,0.5384615384615383,0.3793103448275862,0.9779097960327925,,0.0,-0.4535000000000001,0.0,0.0,8,0.625,1.725
Jake Hecht,11,4,0,0.09773239623392123,3.26,0.47,2.76,0.56,2.04,0.37,0.4,0.0,Middleweight,41.0,0.5769230769230766,0.41379310344827575,1.0884485766052736,4632.0,33.33333333333333,8.912333333333333,0.3333333333333333,2.2188333333333334,15,0.7333333333333333,3.1466666666666665
Bobby Stack,8,3,0,0.07518896698050656,1.0,0.2,2.89,0.34,7.48,0.45,1.0,0.0,Welterweight,38.13361169102296,0.5218723584108196,0.3103448275862067,0.9074061529775328,,0.0,-0.09249999999999997,0.0,7.6475,11,0.7272727272727273,2.3454545454545457
Henrique Shiguemoto,13,4,1,0.12027582548733588,3.6,0.33,6.0,0.16,0.0,0.0,0.5,0.0,Light Heavyweight,35.0,0.5384615384615383,0.3793103448275862,1.0380477087764604,,0.0,0.09000000000000008,0.0,0.05,18,0.7222222222222222,3.7444444444444445
Eun Soo Lee,17,4,0,0.16539583609600847,0.0,0.0,3.05,0.6,0.0,0.0,0.5,0.0,Heavyweight,42.0,0.7320261437908496,0.4482758620689653,1.3456978419558234,,0.0,-0.36749999999999994,0.0,0.05,21,0.8095238095238095,4.361904761904762
Bristol Marunde,16,10,0,0.09773239623392123,1.42,0.21,4.4,0.47,1.6,0.33,0.14,0.0,Middleweight,42.0,0.6538461538461537,0.4482758620689653,1.1998544121490404,4211.0,100.0,24.8075,0.0,1.6635000000000002,26,0.6153846153846154,5.323076923076924
Ivan Shtyrkov,15,0,1,0.15037793396101312,0.0,0.0,0.0,0.0,0.0,0.0,0.0,0.0,Light Heavyweight,36.0,0.6153846153846154,0.41379310344827575,1.1795556527939044,,0.0,0.0,0.0,0.0,16,0.9375,3.3875
Emilio Chavez,12,9,0,0.06013791274366793,2.73,0.48,1.53,0.54,3.0,0.5,0.0,0.0,Featherweight,35.8830242510699,0.4423076923076923,0.3103448275862067,0.8127904326375669,,0.0,0.6299999999999999,0.0,3.075,21,0.5714285714285714,4.314285714285714
Edward Faaloloto,2,5,0,0.07518896698050656,2.28,0.32,6.25,0.44,1.01,0.25,0.33,0.0,Welterweight,40.0,0.4615384615384617,0.3329867729451857,0.8697142014641539,4848.0,50.0,12.2625,0.5,1.2055,7,0.2857142857142857,1.4571428571428573
Brian McLaughlin,6,2,0,0.07518896698050656,0.0,0.0,0.0,0.0,0.0,0.0,0.0,0.0,Welterweight,38.13361169102296,0.5218723584108196,0.3103448275862067,0.9074061529775328,,0.0,0.0,0.0,0.0,8,0.75,1.75
Carina Damm,2,13,0,0.045086858506829315,0.0,0.0,0.0,0.0,0.0,0.0,0.0,0.0,Featherweight,35.8830242510699,0.4423076923076923,0.1379310344827586,0.6253255852972802,,0.0,0.0,0.0,0.0,15,0.13333333333333333,3.026666666666667
Minoru Toyonaga,2,5,0,0.1353268797241745,0.0,0.0,0.0,0.0,0.0,0.0,0.0,0.0,Light Heavyweight,41.277864992150704,0.6674641148325355,0.3793103448275862,1.1821013393842963,,0.0,0.0,0.0,0.0,7,0.2857142857142857,1.4571428571428573
Wataru Sakata,11,14,0,0.1353268797241745,1.11,0.61,2.08,0.31,0.0,0.0,0.0,0.0,Light Heavyweight,51.0,0.6674641148325355,0.3103448275862067,1.1131358221429166,,0.0,0.134,0.0,0.0,25,0.44,5.088
Victor Madrigal,15,5,0,0.045086858506829315,2.31,0.38,9.56,0.5,0.0,0.0,0.0,0.0,Featherweight,34.0,0.5,0.24137931034482762,0.786466168851657,,0.0,-0.7055,0.0,0.0,20,0.75,4.15
Ray Steinbeiss,14,7,0,0.09773239623392123,0.0,0.0,0.0,1.0,0.0,0.0,0.0,0.0,Middleweight,45.0,0.5968489341983318,0.3793103448275862,1.0738916752598393,,0.0,0.15,0.0,0.0,21,0.6666666666666666,4.333333333333334
Stipe Miocic,20,4,0,0.20299031958626176,4.82,0.53,3.82,0.54,1.86,0.34,0.68,0.0,Heavyweight,42.0,0.8461538461538458,0.5517241379310344,1.600868303671142,88.0,63.1578947368421,16.608473684210526,0.0,1.979,24,0.8333333333333334,4.966666666666668
CJ Fernandes,14,8,3,0.09773239623392123,0.0,0.0,0.0,0.0,0.0,0.0,0.0,0.0,Middleweight,39.515151515151516,0.5968489341983318,0.48275862068965525,1.1773399511219083,,0.0,0.0,0.0,0.0,25,0.56,5.112
Joe Benoit,11,4,0,0.09773239623392123,0.0,0.0,0.0,1.0,0.0,0.0,0.0,0.0,Middleweight,42.0,0.5968489341983318,0.3103448275862067,1.0049261580184599,,0.0,0.15,0.0,0.0,15,0.7333333333333333,3.1466666666666665
Ken Cross,11,3,0,0.07518896698050656,2.2,0.57,1.4,0.55,1.0,0.12,0.66,0.0,Welterweight,30.0,0.5384615384615383,0.41379310344827575,1.0274436088903207,,0.0,0.5365000000000001,0.0,1.084,14,0.7857142857142857,2.9571428571428573
Nordine Taleb,15,7,0,0.09773239623392123,3.66,0.51,2.62,0.66,1.94,0.76,0.73,0.0,Middleweight,43.0,0.6153846153846154,0.4482758620689653,1.161392873687502,1985.0,33.33333333333333,9.056333333333331,0.16666666666666666,2.1686666666666663,22,0.6818181818181818,4.536363636363637
Tomohiko Hashimoto,1,4,0,0.21804137382310043,0.0,0.0,11.67,0.3,0.0,0.0,0.0,0.0,Heavyweight,44.17465753424658,0.7320261437908496,0.41379310344827575,1.363860621062226,,0.0,-1.7055,0.0,0.0,5,0.2,1.04
Ronald Jhun,24,26,2,0.09773239623392123,1.45,0.57,3.01,0.5,1.81,1.0,1.0,0.0,Middleweight,54.0,0.5968489341983318,0.3793103448275862,1.0738916752598393,,0.0,0.10000000000000003,0.0,2.06,52,0.46153846153846156,10.492307692307692
Akira Corassani,12,6,0,0.06013791274366793,3.25,0.45,4.91,0.5,0.7,0.28,0.86,0.0,Featherweight,42.0,0.3846153846153846,0.2758620689655172,0.7206153663245697,3672.0,50.0,12.741,0.0,0.828,18,0.6666666666666666,3.7333333333333334
Caros Fodor,11,6,0,0.07518896698050656,2.76,0.54,2.83,0.54,2.1,0.25,0.5,0.0,Welterweight,41.0,0.6153846153846154,0.3103448275862067,1.0009184099513286,4372.0,0.0,0.4544999999999999,0.0,2.1875,17,0.6470588235294118,3.5294117647058827
Mario Piazzon,8,0,0,0.24058480307651503,1.35,0.73,1.16,0.4,18.87,0.5,0.5,0.0,Heavyweight,26.0,0.5769230769230766,0.3103448275862067,1.1278527075857983,,0.0,0.3695000000000001,0.0,18.995,8,1.0,1.8
Besam Yousef,7,4,0,0.09773239623392123,3.14,0.53,3.98,0.38,1.33,0.66,0.5,0.0,Middleweight,39.0,0.5968489341983318,0.3793103448275862,1.0738916752598393,4330.0,0.0,0.351,0.5,1.604,11,0.6363636363636364,2.3272727272727276
Willie Peeters,9,10,1,0.1729213632144278,0.0,0.0,0.0,0.0,0.0,0.0,0.0,0.0,Heavyweight,59.0,0.7320261437908496,0.3103448275862067,1.2152923345914841,,0.0,0.0,0.0,0.0,20,0.45,4.09
Marco Polo Reyes,8,7,0,0.07518896698050656,6.0,0.37,5.52,0.59,0.0,0.0,0.46,0.0,Welterweight,40.0,0.5,0.3793103448275862,0.9544993118080928,1971.0,100.0,25.834500000000002,0.0,0.046000000000000006,15,0.5333333333333333,3.1066666666666665
Oleksandr Doskalchuk,10,2,0,0.030068956371833978,0.0,0.0,0.0,0.0,0.0,0.0,0.0,0.0,Flyweight,34.0,0.34781884781884764,0.20689655172413768,0.5847843559148194,,0.0,0.0,0.0,0.0,12,0.8333333333333334,2.566666666666667
Amir Rahnavardi,11,10,0,0.15037793396101312,0.67,0.25,0.0,1.0,0.0,0.0,0.5,0.0,Light Heavyweight,50.0,0.6674641148325355,0.41379310344827575,1.2316351522418243,,0.0,0.36750000000000005,0.0,0.05,21,0.5238095238095238,4.304761904761905
Shonie Carter,51,31,7,0.09773239623392123,1.62,0.36,2.32,0.47,0.75,0.66,0.75,0.0,Middleweight,52.0,0.5968489341983318,0.34482758620689663,1.0394089166391498,,0.0,0.1995,0.0,0.9239999999999999,89,0.5730337078651685,17.914606741573035
John Kuhner,1,2,0,0.09773239623392123,0.0,0.0,0.0,0.0,0.0,0.0,0.0,0.0,Middleweight,39.515151515151516,0.5968489341983318,0.3835561420620804,1.0781374724943333,,0.0,0.0,0.0,0.0,3,0.3333333333333333,0.6666666666666667
Jack Morrison,0,3,0,0.15037793396101312,0.0,0.0,19.31,0.4,0.0,0.0,0.0,0.0,Light Heavyweight,41.277864992150704,0.6674641148325355,0.3793103448275862,1.1971523936211348,,0.0,-2.8364999999999996,0.0,0.0,3,0.0,0.6000000000000001
Deron Winn,7,3,0,0.12027582548733588,4.55,0.44,6.21,0.46,4.28,0.52,0.4,0.0,Light Heavyweight,35.0,0.4615384615384617,0.20689655172413768,0.7887108387499353,970.0,20.0,5.363,0.2,4.448,10,0.7,2.14
Hailey Cowan,7,3,0,0.045086858506829315,2.97,0.42,3.17,0.34,1.5,0.33,0.8,0.0,Featherweight,33.0,0.34615384615384626,0.2758620689655172,0.6671027736261927,655.0,0.0,0.4020000000000001,0.0,1.6295000000000002,10,0.7,2.14
Ernie Verdicia,0,1,0,0.141327410157804,0.0,0.0,0.0,0.0,0.0,0.0,0.0,0.0,Light Heavyweight,41.277864992150704,0.6674641148325355,0.3793103448275862,1.1881018698179258,,0.0,0.0,0.0,0.0,1,0.0,0.2
Paul Rodriguez,10,9,2,0.07518896698050656,0.84,1.0,1.68,0.68,0.0,0.0,0.5,0.0,Welterweight,38.13361169102296,0.5218723584108196,0.24137931034482762,0.8384406357361538,,0.0,0.26,0.0,0.05,21,0.47619047619047616,4.295238095238095
Mal Foki,5,5,0,0.1729213632144278,2.86,0.14,14.29,0.54,0.0,0.0,0.0,0.0,Heavyweight,44.17465753424658,0.7320261437908496,0.24137931034482762,1.146326817350105,,0.0,-1.3195000000000001,0.0,0.0,10,0.5,2.1
Grigory Popov,13,3,0,0.045086858506829315,3.63,0.37,4.2,0.55,0.0,0.0,0.45,0.0,Featherweight,40.0,0.3846153846153846,0.24137931034482762,0.6710815534670416,,0.0,0.43399999999999983,0.0,0.045000000000000005,16,0.8125,3.3625000000000003
Kevin Vallejos,11,1,0,0.06013791274366793,4.73,0.44,5.8,0.51,0.0,0.0,0.66,0.0,Featherweight,23.0,0.3846153846153846,0.24137931034482762,0.6861326077038801,,0.0,0.4770000000000002,0.0,0.066,12,0.9166666666666666,2.583333333333334
Taylor Callens,6,0,0,0.07518896698050656,0.0,0.0,0.0,0.0,0.0,0.0,0.0,0.0,Welterweight,38.13361169102296,0.5218723584108196,0.34482758620689663,0.9418889115982227,,0.0,0.0,0.0,0.0,6,1.0,1.4000000000000001
Roger Hollett,13,5,0,0.15037793396101312,1.83,0.47,6.47,0.34,1.0,0.28,0.3,0.0,Light Heavyweight,46.0,0.6674641148325355,0.3793103448275862,1.1971523936211348,4288.0,0.0,-0.3679999999999999,0.0,1.072,18,0.7222222222222222,3.7444444444444445
Eduardo Bustillos,5,3,0,0.045086858506829315,2.61,0.59,6.22,0.35,0.0,0.0,1.0,0.0,Featherweight,35.8830242510699,0.4423076923076923,0.2758620689655172,0.7632566197800388,,0.0,-0.10999999999999999,0.0,0.1,8,0.625,1.725
So Yul Kim,8,1,0,0.01501790213499534,0.0,0.0,0.0,0.0,0.0,0.0,0.0,0.0,Strawweight,33.46363636363636,0.21923076923076928,0.11741236819606739,0.35166103956183203,,0.0,0.0,0.0,0.0,9,0.8888888888888888,1.9777777777777779
Russell Patrick,6,4,0,0.06013791274366793,0.0,0.0,0.0,0.0,0.0,0.0,0.0,0.0,Featherweight,35.8830242510699,0.4423076923076923,0.3103448275862067,0.8127904326375669,,0.0,0.0,0.0,0.0,10,0.6,2.12
Thanh Le,6,1,0,0.06013791274366793,1.97,0.4,1.82,0.7,0.0,0.0,1.0,0.0,Featherweight,39.0,0.6153846153846154,0.3103448275862067,0.98586735571449,,0.0,0.40449999999999997,0.0,0.1,7,0.8571428571428571,1.5714285714285716
Pedro Otavio,19,8,0,0.21051584670468107,0.0,0.0,0.0,0.0,0.0,0.0,0.0,0.0,Heavyweight,44.17465753424658,0.7320261437908496,0.5172413793103448,1.4597833698058755,,0.0,0.0,0.0,0.0,27,0.7037037037037037,5.540740740740741
Ricardo Funch,9,6,0,0.09773239623392123,2.61,0.65,3.57,0.4,1.24,0.18,0.6,0.0,Middleweight,44.0,0.6153846153846154,0.34482758620689663,1.0579445978254332,4618.0,33.33333333333333,8.64033333333333,0.6666666666666666,1.4936666666666667,15,0.6,3.12
Jesse Moreng,9,1,0,0.06013791274366793,1.26,0.4,2.08,0.48,5.56,1.0,1.0,0.0,Featherweight,45.0,0.4423076923076923,0.24137931034482762,0.7438249153961878,,0.0,0.15500000000000003,0.0,5.81,10,0.9,2.18
Mikey Burnett,5,2,0,0.09773239623392123,0.0,0.0,0.0,0.0,0.0,0.0,0.0,0.0,Middleweight,50.0,0.5968489341983318,0.20689655172413768,0.9014778821563907,,0.0,0.0,0.0,0.0,7,0.7142857142857143,1.542857142857143
Brandon Gaines,5,21,0,0.12027582548733588,0.0,0.0,0.0,0.0,0.0,0.0,0.0,0.0,Light Heavyweight,41.277864992150704,0.6674641148325355,0.5172413793103448,1.3049813196302162,,0.0,0.0,0.0,0.0,26,0.19230769230769232,5.2384615384615385
Jesse Bongfeldt,16,5,1,0.12027582548733588,2.91,0.62,1.01,0.5,1.51,0.33,0.33,0.0,Light Heavyweight,44.0,0.6674641148325355,0.41379310344827575,1.2015330437681473,4995.0,0.0,0.775,1.0,1.8425,22,0.7272727272727273,4.545454545454546
Rongzhu,24,5,0,0.07518896698050656,5.6,0.5,6.36,0.45,2.56,0.62,0.87,0.0,Welterweight,24.0,0.5384615384615383,0.3103448275862067,0.9239953330282515,158.0,0.0,0.6134999999999999,0.5,2.865,29,0.8275862068965517,5.965517241379311
Nick Roehrick,7,1,0,0.15037793396101312,2.31,0.17,6.92,0.44,0.0,0.0,0.0,0.0,Light Heavyweight,37.0,0.6674641148325355,0.48275862068965525,1.300600669483204,2777.0,100.0,24.639499999999998,0.0,0.0,8,0.875,1.7750000000000001
Karl Reed,6,1,0,0.15037793396101312,2.04,0.44,3.84,0.38,1.06,0.22,0.53,0.0,Light Heavyweight,36.0,0.7692307692307692,0.5172413793103448,1.436850082502127,,0.0,0.07900000000000007,0.0,1.146,7,0.8571428571428571,1.5714285714285716
John Hosman,18,8,1,0.045086858506829315,1.11,0.38,1.52,0.45,0.0,0.0,0.46,0.0,Featherweight,44.0,0.4423076923076923,0.34482758620689663,0.8322221370214182,,0.0,0.19300000000000006,0.0,0.046000000000000006,27,0.6666666666666666,5.533333333333334
Takenori Sato,19,11,7,0.09773239623392123,0.46,0.33,12.92,0.09,0.0,0.0,0.0,0.0,Middleweight,39.0,0.5968489341983318,0.34482758620689663,1.0394089166391498,3798.0,100.0,23.256500000000003,0.0,0.0,37,0.5135135135135135,7.502702702702703
Damian Grabowski,20,5,0,0.20451531627105157,4.0,0.36,7.65,0.51,0.0,0.0,0.0,0.0,Heavyweight,44.0,0.6538461538461537,0.4482758620689653,1.3066373321861706,2762.0,66.66666666666666,16.667666666666662,0.0,0.0,25,0.8,5.16
Shamar Bailey,16,11,0,0.07518896698050656,1.56,0.2,3.91,0.69,1.5,0.33,0.37,0.0,Welterweight,42.0,0.6538461538461537,0.3103448275862067,1.039379948412867,4834.0,33.33333333333333,8.280333333333331,0.0,1.5865,27,0.5925925925925926,5.518518518518519
Pedro Rizzo,20,11,0,0.20451531627105157,1.93,0.34,3.02,0.5,0.26,0.28,0.78,0.0,Heavyweight,50.0,0.7320261437908496,0.4482758620689653,1.3848173221308664,,0.0,0.1725,0.0,0.38,31,0.6451612903225806,6.329032258064516
Paul Bradley,23,8,0,0.09773239623392123,2.26,0.32,4.13,0.56,1.12,0.16,1.0,0.0,Middleweight,41.0,0.5968489341983318,0.3103448275862067,1.0049261580184599,4841.0,0.0,0.09350000000000003,0.0,1.2440000000000002,31,0.7419354838709677,6.348387096774194
Nolan Ticman,4,3,0,0.030068956371833978,2.57,0.47,2.53,0.67,0.0,0.0,0.6,0.0,Flyweight,36.0,0.34781884781884764,0.20689655172413768,0.5847843559148194,3560.0,0.0,0.4575,0.0,0.06,7,0.5714285714285714,1.5142857142857145
David Barrios,4,8,0,0.06013791274366793,0.0,0.0,0.0,0.0,0.0,0.0,0.0,0.0,Featherweight,35.8830242510699,0.4423076923076923,0.20689655172413768,0.7093421567754978,,0.0,0.0,0.0,0.0,12,0.3333333333333333,2.4666666666666672
Justin Salas,12,7,0,0.07518896698050656,3.42,0.43,2.96,0.68,2.43,0.2,0.0,0.0,Welterweight,42.0,0.4615384615384617,0.2758620689655172,0.8125894974844854,3266.0,57.14285714285714,14.884714285714283,0.14285714285714285,2.4957142857142856,19,0.631578947368421,3.9263157894736844
Scott Lighty,6,2,0,0.15037793396101312,2.91,0.21,4.24,0.49,0.0,0.0,0.0,0.0,Light Heavyweight,41.277864992150704,0.6674641148325355,0.48275862068965525,1.300600669483204,,0.0,0.20700000000000007,0.0,0.0,8,0.75,1.75
Hussain Rasouli,2,3,0,0.045086858506829315,0.0,0.0,0.0,0.0,0.0,0.0,0.0,0.0,Featherweight,35.8830242510699,0.4423076923076923,0.20689655172413768,0.6942911025386593,,0.0,0.0,0.0,0.0,5,0.4,1.08
Ericka Almeida,7,3,0,0.01501790213499534,1.07,0.39,3.33,0.43,0.5,0.33,0.37,0.0,Strawweight,35.0,0.21923076923076928,0.20689655172413768,0.44114522308990234,3399.0,0.0,-0.08949999999999997,0.0,0.5865,10,0.7,2.14
Hiroyuki Takaya,21,14,2,0.05112054104230206,3.18,0.33,3.16,0.6,0.9,0.45,0.66,0.0,Featherweight,47.0,0.4423076923076923,0.20689655172413768,0.7003247850741321,,0.0,0.477,0.0,1.0335,37,0.5675675675675675,7.513513513513514
Rico DiSciullo,9,2,0,0.045086858506829315,1.71,0.33,4.41,0.56,0.0,0.0,0.0,0.0,Featherweight,38.0,0.4423076923076923,0.2758620689655172,0.7632566197800388,,0.0,-0.08399999999999996,0.0,0.0,11,0.8181818181818182,2.3636363636363638
Phil Johns,30,14,1,0.09773239623392123,1.2,0.66,1.8,0.5,0.0,0.0,0.5,0.0,Middleweight,56.0,0.5968489341983318,0.0689655172413791,0.7635468476736322,,0.0,0.237,0.0,0.05,45,0.6666666666666666,9.133333333333333
Chuck O'Neil,17,9,0,0.09773239623392123,3.13,0.37,4.4,0.72,0.0,0.0,0.0,0.0,Middleweight,39.515151515151516,0.5968489341983318,0.48275862068965525,1.1773399511219083,5002.0,0.0,0.3044999999999999,0.0,0.0,26,0.6538461538461539,5.330769230769231
Willie Parks,5,2,0,0.12027582548733588,0.0,0.0,0.0,0.0,0.0,0.0,0.0,0.0,Light Heavyweight,41.277864992150704,0.6674641148325355,0.34482758620689663,1.132567526526768,,0.0,0.0,0.0,0.0,7,0.7142857142857143,1.542857142857143
Kevin Borjas,9,2,0,0.030068956371833978,5.4,0.41,6.63,0.49,0.0,0.0,0.56,0.0,Flyweight,27.0,0.3846153846153846,0.17241379310344812,0.5870981340906667,284.0,50.0,13.011,0.0,0.05600000000000001,11,0.8181818181818182,2.3636363636363638
Jhonata Silva,8,2,0,0.030068956371833978,4.86,0.52,9.85,0.44,0.0,0.0,0.0,0.0,Flyweight,27.0,0.3076923076923075,0.17241379310344812,0.5101750571675896,,0.0,-0.09249999999999958,0.0,0.0,10,0.8,2.16
Stephen Thompson,17,6,1,0.09773239623392123,4.2,0.45,3.04,0.55,0.27,0.41,0.64,0.0,Middleweight,42.0,0.6538461538461537,0.41379310344827575,1.1653716535283507,130.0,35.0,9.5165,0.05,0.40800000000000003,24,0.7083333333333334,4.941666666666667
Humberto Brown Morrison,4,6,0,0.06013791274366793,1.71,0.5,2.19,0.62,1.43,0.25,0.0,0.0,Featherweight,35.8830242510699,0.4423076923076923,0.34482758620689663,0.8472731912582568,,0.0,0.292,0.0,1.4675,10,0.4,2.08
Fernando Bettega,7,5,0,0.09773239623392123,0.0,0.0,0.0,0.0,0.0,0.0,0.0,0.0,Middleweight,39.515151515151516,0.5968489341983318,0.3835561420620804,1.0781374724943333,,0.0,0.0,0.0,0.0,12,0.5833333333333334,2.516666666666667
Gabriel Salinas-Jones,5,2,1,0.21051584670468107,0.0,0.0,0.0,0.0,0.0,0.0,0.0,0.0,Heavyweight,44.17465753424658,0.7320261437908496,0.4482758620689653,1.390817852564496,,0.0,0.0,0.0,0.0,8,0.625,1.725
Maurice Eazel,7,15,0,0.045086858506829315,0.0,0.0,0.0,0.0,0.0,0.0,0.0,0.0,Featherweight,35.8830242510699,0.4423076923076923,0.24137931034482762,0.7287738611593493,,0.0,0.0,0.0,0.0,22,0.3181818181818182,4.463636363636364
Anthony Romero,8,0,0,0.07518896698050656,5.87,0.52,4.0,0.65,2.0,0.22,1.0,0.0,Welterweight,27.0,0.4615384615384617,0.3793103448275862,0.9160377733465545,,0.0,1.069,0.0,2.133,8,1.0,1.8
Bruno Souza,10,3,0,0.06013791274366793,3.73,0.39,5.3,0.45,0.5,0.16,0.6,0.0,Featherweight,28.0,0.4615384615384617,0.34482758620689663,0.8665039604890262,1054.0,0.0,0.2829999999999999,0.0,0.5840000000000001,13,0.7692307692307693,2.753846153846154
Jair Farias,10,1,0,0.06013791274366793,3.8,0.39,5.33,0.51,0.0,0.0,0.41,0.0,Featherweight,31.0,0.6923076923076921,0.4482758620689653,1.2007214671203252,,0.0,0.30500000000000005,0.0,0.041,11,0.9090909090909091,2.381818181818182
Scott Adams,8,1,0,0.1804468903328471,0.0,0.0,0.0,0.0,0.0,0.0,0.0,0.0,Heavyweight,44.17465753424658,0.7320261437908496,0.41379310344827575,1.3262661375719724,,0.0,0.0,0.0,0.0,9,0.8888888888888888,1.9777777777777779
Jared Cannonier,17,6,0,0.12027582548733588,4.68,0.52,4.13,0.59,0.44,0.42,0.63,0.0,Light Heavyweight,40.0,0.7307692307692308,0.3793103448275862,1.2303554010841529,172.0,50.0,13.243,0.0,0.5660000000000001,23,0.7391304347826086,4.747826086956522
Clay French,19,7,0,0.08420633868187243,1.52,0.5,1.27,0.16,0.0,0.0,1.0,0.0,Welterweight,44.0,0.5218723584108196,0.24137931034482762,0.8474580074375196,,0.0,0.3135,0.0,0.1,26,0.7307692307692307,5.346153846153847
Antonio Dos Santos,6,4,0,0.12027582548733588,5.4,0.51,3.94,0.43,0.0,0.0,1.0,0.0,Light Heavyweight,36.0,0.6674641148325355,0.34482758620689663,1.132567526526768,3525.0,50.0,13.425500000000001,0.0,0.1,10,0.6,2.12
Charlie Brenneman,19,8,0,0.07518896698050656,1.52,0.56,1.55,0.46,4.23,0.42,0.72,0.0,Welterweight,44.0,0.4615384615384617,0.34482758620689663,0.8815550147258648,3749.0,36.36363636363637,9.419409090909092,0.2727272727272727,4.433181818181819,27,0.7037037037037037,5.540740740740741
Yurij Kiseliov,5,4,0,0.12027582548733588,4.88,0.87,0.0,0.0,0.0,0.0,0.5,0.0,Light Heavyweight,41.277864992150704,0.6674641148325355,0.2758620689655172,1.0636020092853886,,0.0,1.394,0.0,0.05,9,0.5555555555555556,1.9111111111111112
Ramona Pascual,6,5,0,0.045086858506829315,3.87,0.57,8.43,0.46,1.81,0.19,1.0,0.0,Featherweight,36.0,0.3076923076923075,0.24137931034482762,0.5941584765439645,830.0,33.33333333333333,8.219333333333333,0.0,1.9385000000000001,11,0.5454545454545454,2.309090909090909
Marcos da Matta,11,3,0,0.06013791274366793,0.0,0.0,0.0,0.0,0.0,0.0,0.0,0.0,Featherweight,35.8830242510699,0.4423076923076923,0.1379310344827586,0.6403766395341188,,0.0,0.0,0.0,0.0,14,0.7857142857142857,2.9571428571428573
Mickael Lebout,16,7,1,0.07518896698050656,2.6,0.34,2.98,0.54,0.0,0.0,0.6,0.0,Welterweight,37.0,0.5769230769230766,0.3793103448275862,1.0314223887311695,3399.0,0.0,0.3519999999999999,0.0,0.06,24,0.6666666666666666,4.9333333333333345
Joao Roque,7,2,4,0.07518896698050656,0.0,0.0,0.0,0.0,0.0,0.0,0.0,0.0,Welterweight,53.0,0.5218723584108196,0.20689655172413768,0.8039578771154638,,0.0,0.0,0.0,0.0,13,0.5384615384615384,2.707692307692308
Tony Juarez,1,12,0,0.07518896698050656,0.89,0.25,10.34,0.38,4.43,1.0,0.66,0.0,Welterweight,38.13361169102296,0.5218723584108196,0.3329867729451857,0.9300480983365118,,0.0,-1.2214999999999998,0.0,4.646,13,0.07692307692307693,2.6153846153846154
Chatt Lavender,9,7,0,0.09773239623392123,0.0,0.0,0.0,0.0,0.0,0.0,0.0,0.0,Middleweight,39.515151515151516,0.5968489341983318,0.2758620689655172,0.9704433993977702,,0.0,0.0,0.0,0.0,16,0.5625,3.3125
Andrew Sanchez,13,7,0,0.12027582548733588,4.3,0.43,5.1,0.5,2.55,0.36,1.0,0.0,Light Heavyweight,36.0,0.6153846153846154,0.4482758620689653,1.1839363029409165,1215.0,30.0,7.971000000000001,0.0,2.7039999999999997,20,0.65,4.13
Fiona Muxlow,6,3,0,0.06013791274366793,1.44,0.27,5.45,0.34,0.0,0.0,0.0,0.0,Featherweight,35.8830242510699,0.4423076923076923,0.1379310344827586,0.6403766395341188,,0.0,-0.35250000000000004,0.0,0.0,9,0.6666666666666666,1.9333333333333333
Arman Tsarukyan,21,3,0,0.07518896698050656,3.85,0.48,1.91,0.54,3.4,0.36,0.75,0.0,Welterweight,28.0,0.5384615384615383,0.24137931034482762,0.8550298157868725,305.0,40.0,10.853,0.0,3.529,24,0.875,4.9750000000000005
Randy Costa,6,4,0,0.045086858506829315,6.53,0.46,7.58,0.58,0.0,0.0,0.5,0.0,Featherweight,30.0,0.5769230769230766,0.3103448275862067,0.9323547630161126,865.0,50.0,13.1745,0.3333333333333333,0.13333333333333333,10,0.6,2.12
Collin Hart,6,3,1,0.12027582548733588,6.33,0.44,7.53,0.51,2.0,0.16,0.5,0.0,Light Heavyweight,35.0,0.6674641148325355,0.4482758620689653,1.2360158023888368,4323.0,0.0,0.6175000000000002,0.0,2.074,10,0.6,2.12
Rayanne Amanda,14,6,0,0.01501790213499534,3.67,0.31,6.87,0.57,1.0,0.25,0.0,0.0,Strawweight,29.0,0.15384615384615374,0.0689655172413791,0.23782957322252818,,0.0,0.034499999999999975,0.0,1.0375,20,0.7,4.14
Luciano Azevedo,17,9,1,0.08420633868187243,0.76,0.45,1.97,0.27,2.28,0.11,0.0,0.0,Welterweight,43.0,0.5218723584108196,0.5172413793103448,1.1233200764030369,,0.0,0.025000000000000022,0.0,2.2965,27,0.6296296296296297,5.525925925925926
Kyle Driscoll,12,3,0,0.06013791274366793,2.73,0.32,2.6,0.58,2.0,0.18,0.0,0.0,Featherweight,30.0,0.6153846153846154,0.3793103448275862,1.0548328729558696,,0.0,0.4434999999999999,0.0,2.027,15,0.8,3.16
Jasmine Jasudavicius,9,3,0,0.030068956371833978,3.54,0.4,4.41,0.51,2.17,0.37,0.8,0.0,Flyweight,35.0,0.3846153846153846,0.24137931034482762,0.6560636513320461,102.0,0.0,0.3800000000000001,0.25,2.368,12,0.75,2.5500000000000003
Don Carlo-Clauss,10,7,0,0.09773239623392123,1.44,0.3,7.68,0.43,0.0,0.0,0.66,0.0,Middleweight,39.515151515151516,0.5968489341983318,0.3835561420620804,1.0781374724943333,,0.0,-0.6675,0.0,0.066,17,0.5882352941176471,3.51764705882353
Victor Dias,11,3,0,0.030068956371833978,2.87,0.44,5.8,0.55,5.0,0.41,0.0,0.0,Flyweight,34.0,0.4230769230769229,0.20689655172413768,0.6600424311728945,,0.0,0.018000000000000016,0.0,5.0615,14,0.7857142857142857,2.9571428571428573
Keiichiro Yamamiya,45,35,10,0.12027582548733588,0.0,0.0,0.0,0.0,0.0,0.0,0.0,0.0,Light Heavyweight,52.0,0.6674641148325355,0.3793103448275862,1.1670502851474576,,0.0,0.0,0.0,0.0,90,0.5,18.1
Milana Dudieva,11,6,0,0.045086858506829315,0.87,0.31,3.43,0.58,2.34,0.45,0.0,0.0,Featherweight,35.0,0.4423076923076923,0.10344827586206903,0.5908428266765906,3007.0,66.66666666666666,16.51866666666666,0.0,2.4074999999999998,17,0.6470588235294118,3.5294117647058827
Icho Larenas,6,5,0,0.19546479246784249,0.17,0.15,2.5,0.28,0.0,0.0,0.14,0.0,Heavyweight,44.0,0.7320261437908496,0.5172413793103448,1.4447323155690368,,0.0,-0.26049999999999995,0.0,0.014000000000000002,11,0.5454545454545454,2.309090909090909
Dan O'Connor,6,6,0,0.01501790213499534,4.0,0.56,5.1,0.54,0.0,0.0,1.0,0.0,Strawweight,33.46363636363636,0.21923076923076928,0.1379310344827586,0.3721797058485232,,0.0,0.42800000000000016,0.0,0.1,12,0.5,2.5000000000000004
Yuki Sasaki,25,22,2,0.12027582548733588,1.09,0.43,1.2,0.57,0.43,1.0,0.66,0.0,Light Heavyweight,48.0,0.6674641148325355,0.48275862068965525,1.2704985610095267,,0.0,0.26400000000000007,0.0,0.6459999999999999,49,0.5102040816326531,9.902040816326531
Damir Mirenic,9,4,0,0.12027582548733588,0.84,0.5,9.86,0.35,0.0,0.0,0.0,0.0,Light Heavyweight,50.0,0.6674641148325355,0.41379310344827575,1.2015330437681473,,0.0,-1.1164999999999998,0.0,0.0,13,0.6923076923076923,2.7384615384615385
Dinis Paiva Jr.,13,8,0,0.06013791274366793,2.6,0.41,2.73,0.67,0.0,0.0,0.81,0.0,Featherweight,36.0,0.5,0.3103448275862067,0.8704827403298746,,0.0,0.42300000000000004,0.0,0.08100000000000002,21,0.6190476190476191,4.323809523809524
Steve Mensing,9,13,2,0.12027582548733588,0.0,0.0,9.51,0.42,0.0,0.0,0.0,0.0,Light Heavyweight,47.0,0.6674641148325355,0.3793103448275862,1.1670502851474576,,0.0,-1.3635,0.0,0.0,24,0.375,4.875000000000001
Sean Daugherty,0,2,0,0.10525792335234052,0.0,0.0,0.0,0.0,0.0,0.0,0.0,0.0,Middleweight,39.515151515151516,0.5968489341983318,0.41379310344827575,1.1158999609989482,,0.0,0.0,0.0,0.0,2,0.0,0.4
Nasrudin Nasrudinov,9,1,0,0.15037793396101312,1.03,0.87,0.29,0.75,2.2,0.5,0.4,0.0,Light Heavyweight,33.0,0.5,0.41379310344827575,1.064171037409289,,0.0,0.5005000000000001,0.0,2.3150000000000004,10,0.9,2.18
Greg Wilson,2,3,0,0.07518896698050656,0.0,0.0,0.0,0.0,0.0,0.0,0.0,0.0,Welterweight,38.13361169102296,0.5218723584108196,0.3329867729451857,0.9300480983365118,,0.0,0.0,0.0,0.0,5,0.4,1.08
Junior Albini,14,6,0,0.2390929584935685,3.98,0.51,6.08,0.52,1.54,0.37,1.0,0.0,Heavyweight,33.0,0.6153846153846154,0.5172413793103448,1.3717189531885285,2055.0,40.0,10.263000000000002,0.2,1.7455000000000003,20,0.7,4.14
Alex Higley,4,3,0,0.06013791274366793,0.29,1.0,1.74,0.6,0.0,0.0,0.0,0.0,Featherweight,35.8830242510699,0.4423076923076923,0.34482758620689663,0.8472731912582568,,0.0,0.10150000000000003,0.0,0.0,7,0.5714285714285714,1.5142857142857145
Nick Ertl,8,6,0,0.07518896698050656,1.34,0.69,1.59,0.41,1.88,0.5,0.0,0.0,Welterweight,38.13361169102296,0.5218723584108196,0.3103448275862067,0.9074061529775328,,0.0,0.296,0.0,1.9549999999999998,14,0.5714285714285714,2.9142857142857146
John Salgado,4,8,1,0.09773239623392123,0.99,0.5,1.86,0.4,0.0,0.0,0.5,0.0,Middleweight,39.515151515151516,0.5968489341983318,0.34482758620689663,1.0394089166391498,,0.0,0.1285,0.0,0.05,13,0.3076923076923077,2.661538461538462
Ray Routh,2,1,0,0.12027582548733588,0.54,0.21,3.22,0.28,2.69,0.33,0.0,0.0,Light Heavyweight,41.277864992150704,0.6674641148325355,0.2758620689655172,1.0636020092853886,,0.0,-0.26399999999999996,0.0,2.7395,3,0.6666666666666666,0.7333333333333334
Josh Burns,8,10,0,0.20902400212173455,2.4,0.48,5.73,0.32,0.0,0.0,1.0,0.0,Heavyweight,44.17465753424658,0.7320261437908496,0.4482758620689653,1.3893260079815495,,0.0,-0.11550000000000005,0.0,0.1,18,0.4444444444444444,3.688888888888889
Patrick Smith,20,17,0,0.1804468903328471,0.0,0.0,0.0,0.0,0.0,0.0,0.0,0.0,Heavyweight,61.0,0.7320261437908496,0.48275862068965525,1.3952316548133519,,0.0,0.0,0.0,0.0,37,0.5405405405405406,7.508108108108108
Kyle Kingsbury,11,6,0,0.15037793396101312,2.97,0.4,3.81,0.51,2.64,0.41,0.52,0.0,Light Heavyweight,42.0,0.8076923076923075,0.5517241379310344,1.509794379584355,3854.0,14.285714285714285,3.8989285714285713,0.14285714285714285,2.789214285714286,17,0.6470588235294118,3.5294117647058827
Jason DeLucia,33,21,1,0.12780135260575523,0.0,0.0,0.0,0.0,0.0,0.0,0.0,0.0,Light Heavyweight,55.0,0.6674641148325355,0.3793103448275862,1.174575812265877,,0.0,0.0,0.0,0.0,55,0.6,11.12
Douglas Lima,29,6,0,0.09773239623392123,1.92,0.36,2.84,0.6,0.6,1.0,0.46,0.0,Middleweight,39.515151515151516,0.5968489341983318,0.4482758620689653,1.1428571925012183,,0.0,0.21599999999999991,0.0,0.796,35,0.8285714285714286,7.1657142857142855
Bruno Korea,7,3,0,0.045086858506829315,2.12,0.34,3.96,0.42,0.0,0.0,0.25,0.0,Featherweight,35.8830242510699,0.26923076923076916,0.20689655172413768,0.5212141794617362,3385.0,0.0,0.06700000000000006,0.0,0.025,10,0.7,2.14
Kerry Vera,2,0,0,0.045086858506829315,0.0,0.0,0.0,0.0,0.0,0.0,0.0,0.0,Featherweight,35.8830242510699,0.4423076923076923,0.24137931034482762,0.7287738611593493,,0.0,0.0,0.0,0.0,2,1.0,0.6000000000000001
Josh Pulsifer,17,8,0,0.06013791274366793,0.0,0.0,0.0,0.0,0.0,0.0,0.0,0.0,Featherweight,35.8830242510699,0.4423076923076923,0.34482758620689663,0.8472731912582568,,0.0,0.0,0.0,0.0,25,0.68,5.136
Mark Climaco,9,2,0,0.030068956371833978,4.13,0.59,2.9,0.57,3.5,0.36,0.46,0.0,Flyweight,27.0,0.26923076923076916,0.1379310344827586,0.43723076008536177,,0.0,0.8009999999999999,0.0,3.5999999999999996,11,0.8181818181818182,2.3636363636363638
Ismael Bonfim,19,4,0,0.07518896698050656,4.91,0.57,2.66,0.76,1.11,0.28,0.81,0.0,Welterweight,29.0,0.5,0.2758620689655172,0.8510510359460237,284.0,33.33333333333333,9.389833333333332,0.3333333333333333,1.3163333333333334,23,0.8260869565217391,4.765217391304349
Jesse Murray,8,4,0,0.15037793396101312,2.38,0.28,7.72,0.43,0.0,0.0,0.0,0.0,Light Heavyweight,32.0,0.7692307692307692,0.5172413793103448,1.436850082502127,,0.0,-0.4424999999999999,0.0,0.0,12,0.6666666666666666,2.5333333333333337
Gilles Arsene,1,1,0,0.12780135260575523,0.06,0.1,2.45,0.32,0.0,0.0,0.0,0.0,Light Heavyweight,41.277864992150704,0.6674641148325355,0.3103448275862067,1.1056102950244975,,0.0,-0.2845,0.0,0.0,2,0.5,0.5
Steve Judson,0,2,0,0.18797241745126642,0.0,0.0,0.0,0.0,0.0,0.0,0.0,0.0,Heavyweight,44.17465753424658,0.7320261437908496,0.3793103448275862,1.2993089060697023,,0.0,0.0,0.0,0.0,2,0.0,0.4
Chibwikem Onyenegecha,5,0,0,0.12027582548733588,5.6,0.55,3.4,0.52,0.0,0.0,1.0,0.0,Light Heavyweight,30.0,0.6674641148325355,0.5172413793103448,1.3049813196302162,,0.0,1.078,0.0,0.1,5,1.0,1.2
Jonathan Rivera,4,2,0,0.07518896698050656,4.36,0.49,3.9,0.6,0.0,0.0,0.0,0.0,Welterweight,38.13361169102296,0.5218723584108196,0.3329867729451857,0.9300480983365118,,0.0,0.6930000000000003,0.0,0.0,6,0.6666666666666666,1.3333333333333335
Haven Torres,0,0,0,0.030068956371833978,0.0,0.0,0.0,0.0,0.0,0.0,0.0,0.0,Flyweight,33.27091633466136,0.34781884781884764,0.1997023071198213,0.5775901113105029,,0.0,0.0,0.0,0.0,0,,
Chris Solomon,0,0,0,0.07518896698050656,0.0,0.0,2.8,0.37,0.0,0.0,0.33,0.0,Welterweight,38.13361169102296,0.5218723584108196,0.3793103448275862,0.9763716702189124,,0.0,-0.3645,0.0,0.033,0,,
Santiago Ponzinibbio,30,7,0,0.09773239623392123,4.9,0.41,4.67,0.61,0.48,0.3,0.6,0.0,Middleweight,38.0,0.5769230769230766,0.41379310344827575,1.0884485766052736,214.0,38.88888888888889,10.420222222222224,0.0,0.585,37,0.8108108108108109,7.562162162162163
Robert Densley,9,10,0,0.07518896698050656,1.81,0.47,0.4,0.6,0.0,0.0,0.5,0.0,Welterweight,38.13361169102296,0.5218723584108196,0.3103448275862067,0.9074061529775328,,0.0,0.5765,0.0,0.05,19,0.47368421052631576,3.8947368421052633
Rashard Lovelace,4,1,0,0.07518896698050656,0.0,0.0,0.0,0.0,0.0,0.0,0.0,0.0,Welterweight,38.13361169102296,0.5218723584108196,0.3329867729451857,0.9300480983365118,,0.0,0.0,0.0,0.0,5,0.8,1.1600000000000001
Leon Aliu,10,2,0,0.12027582548733588,6.32,0.5,10.11,0.38,0.0,0.0,0.0,0.0,Light Heavyweight,35.0,0.6153846153846154,0.41379310344827575,1.149453544320227,,0.0,0.22050000000000014,0.0,0.0,12,0.8333333333333334,2.566666666666667
Michel Batista,4,1,0,0.23305927595809578,0.0,0.0,4.03,0.4,6.72,0.5,0.0,0.0,Heavyweight,40.0,0.7320261437908496,0.5172413793103448,1.4823267990592903,2266.0,0.0,-0.5445,1.0,7.045,5,0.8,1.1600000000000001
Dustin Joynson,5,0,0,0.20902400212173455,3.28,0.53,5.63,0.47,0.0,0.0,0.0,0.0,Heavyweight,39.0,0.7692307692307692,0.6206896551724138,1.5989444265249175,,0.0,0.15200000000000002,0.0,0.0,5,1.0,1.2
Dong Hyun Ma,16,11,3,0.07518896698050656,2.84,0.41,4.1,0.54,1.27,0.53,0.33,0.0,Welterweight,36.0,0.4615384615384617,0.3793103448275862,0.9160377733465545,1880.0,25.0,6.508,0.125,1.4137499999999998,30,0.5333333333333333,6.1066666666666665
Marc Cofer,7,5,0,0.12027582548733588,0.0,0.0,0.0,0.0,0.0,0.0,0.0,0.0,Light Heavyweight,41.277864992150704,0.6674641148325355,0.43297262375837825,1.2207125640782497,,0.0,0.0,0.0,0.0,12,0.5833333333333334,2.516666666666667
Joe Pardo,4,6,0,0.1578703089775892,0.0,0.0,0.0,0.0,0.0,0.0,0.0,0.0,Heavyweight,44.17465753424658,0.7320261437908496,0.4482758620689653,1.3381723148374043,,0.0,0.0,0.0,0.0,10,0.4,2.08
Dhafir Harris,2,0,0,0.22855059010741283,0.0,0.0,0.0,0.0,0.0,0.0,0.0,0.0,Heavyweight,44.17465753424658,0.7320261437908496,0.4813494694960208,1.4419262033942832,,0.0,0.0,0.0,0.0,2,1.0,0.6000000000000001
Karine Gevorgyan,3,3,0,0.030068956371833978,1.2,0.2,1.8,0.76,0.0,0.0,0.0,0.0,Flyweight,33.27091633466136,0.1923076923076925,0.1379310344827586,0.3603076831622851,2630.0,0.0,0.18399999999999994,1.0,0.25,6,0.5,1.3000000000000003
Nick Pica,5,1,0,0.12027582548733588,0.0,0.0,0.0,0.0,0.0,0.0,0.0,0.0,Light Heavyweight,41.277864992150704,0.6674641148325355,0.34482758620689663,1.132567526526768,,0.0,0.0,0.0,0.0,6,0.8333333333333334,1.366666666666667
Rony Sefo,0,2,0,0.1804468903328471,0.0,0.0,0.43,0.0,0.0,0.0,0.0,0.0,Heavyweight,44.17465753424658,0.7320261437908496,0.3103448275862067,1.2228178617099035,,0.0,-0.0645,0.0,0.0,2,0.0,0.4
Yan Xiaonan,17,3,0,0.01501790213499534,5.55,0.44,3.56,0.61,0.86,0.66,0.7,0.0,Strawweight,35.0,0.1923076923076925,0.17241379310344812,0.379739387546136,81.0,8.333333333333332,3.1163333333333334,0.0,1.029,20,0.85,4.17
Gabe Ruediger,18,8,0,0.07518896698050656,1.7,0.31,5.16,0.41,2.04,0.11,0.28,0.0,Welterweight,47.0,0.5218723584108196,0.34482758620689663,0.9418889115982227,5121.0,50.0,12.2745,0.5,2.2095000000000002,26,0.6923076923076923,5.338461538461539
Logan Urban,5,1,0,0.09773239623392123,2.55,0.66,16.6,0.27,0.0,0.0,0.0,0.0,Middleweight,30.0,0.5384615384615383,0.41379310344827575,1.0499870381437353,,0.0,-1.6800000000000002,0.0,0.0,6,0.8333333333333334,1.366666666666667
TJ Hepburn,4,2,0,0.07518896698050656,0.73,0.37,0.13,0.81,2.0,0.4,0.6,0.0,Welterweight,38.13361169102296,0.5218723584108196,0.24137931034482762,0.8384406357361538,,0.0,0.3585,0.0,2.12,6,0.6666666666666666,1.3333333333333335
Daniel Pereira,9,2,0,0.12027582548733588,0.0,0.0,0.0,0.0,0.0,0.0,0.0,0.0,Light Heavyweight,41.277864992150704,0.6674641148325355,0.34482758620689663,1.132567526526768,,0.0,0.0,0.0,0.0,11,0.8181818181818182,2.3636363636363638
Johnny Rees,13,5,0,0.09773239623392123,3.29,0.64,0.84,0.47,1.15,0.25,0.5,0.0,Middleweight,42.0,0.5968489341983318,0.41379310344827575,1.1083744338805288,,0.0,0.8949999999999999,0.0,1.2375,18,0.7222222222222222,3.7444444444444445
Dwayne Cason,1,1,0,0.16088715024532554,0.0,0.0,0.0,0.0,0.0,0.0,0.0,0.0,Heavyweight,44.17465753424658,0.7320261437908496,0.34482758620689663,1.2377408802430718,,0.0,0.0,0.0,0.0,2,0.5,0.5
Josiane Nunes,10,1,0,0.06013791274366793,7.22,0.44,5.85,0.52,0.0,0.0,0.7,0.0,Featherweight,31.0,0.34615384615384626,0.0689655172413791,0.4752572761388933,172.0,20.0,6.093500000000001,0.0,0.06999999999999999,11,0.9090909090909091,2.381818181818182
Danny Chavez,11,5,1,0.06013791274366793,2.86,0.38,3.83,0.5,1.95,0.6,0.87,0.0,Featherweight,37.0,0.34615384615384626,0.2758620689655172,0.6821538278630314,970.0,33.33333333333333,8.624833333333331,0.0,2.1270000000000002,17,0.6470588235294118,3.5294117647058827
Marcio Navarro,14,14,0,0.07518896698050656,0.0,0.0,0.0,0.0,0.0,0.0,0.0,0.0,Welterweight,38.13361169102296,0.5218723584108196,0.41379310344827575,1.0108544288396017,,0.0,0.0,0.0,0.0,28,0.5,5.7
Ulysses Gomez,9,5,0,0.030068956371833978,2.72,0.25,3.57,0.68,0.0,0.0,0.0,0.0,Flyweight,41.0,0.34781884781884764,0.20689655172413768,0.5847843559148194,4379.0,50.0,12.7965,0.0,0.0,14,0.6428571428571429,2.928571428571429
Rostem Akman,6,2,0,0.09773239623392123,1.8,0.25,3.97,0.57,1.0,0.4,0.87,0.0,Middleweight,33.0,0.5384615384615383,0.34482758620689663,0.9810215209023562,1957.0,0.0,-0.010000000000000009,0.0,1.147,8,0.75,1.75
Maria Rios,2,3,0,0.030068956371833978,2.93,0.34,4.13,0.56,2.0,0.5,1.0,0.0,Flyweight,33.27091633466136,0.34781884781884764,0.17241379310344812,0.5503015972941298,,0.0,0.265,0.0,2.1750000000000003,5,0.4,1.08
Oron Kahlon,16,1,0,0.045086858506829315,0.85,0.37,4.93,0.36,0.0,0.0,0.4,0.0,Featherweight,40.0,0.4615384615384617,0.2758620689655172,0.7824873890108082,,0.0,-0.39899999999999997,0.0,0.04000000000000001,17,0.9411764705882353,3.5882352941176476
Rodrigo Lidio,12,3,0,0.07518896698050656,0.97,0.5,0.0,1.0,0.0,0.0,0.5,0.0,Welterweight,35.0,0.5769230769230766,0.3793103448275862,1.0314223887311695,,0.0,0.49250000000000005,0.0,0.05,15,0.8,3.16
Jacob Silva,6,4,0,0.030068956371833978,4.17,0.44,4.92,0.56,1.51,1.0,0.66,0.0,Flyweight,36.0,0.34615384615384626,0.17241379310344812,0.5486365956291284,,0.0,0.47650000000000015,0.0,1.726,10,0.6,2.12
Rudy Bears,16,15,0,0.09773239623392123,1.27,0.29,2.53,0.5,0.0,0.0,0.0,0.0,Middleweight,39.515151515151516,0.5968489341983318,0.3793103448275862,1.0738916752598393,,0.0,0.07100000000000006,0.0,0.0,31,0.5161290322580645,6.303225806451613
Jacob Noe,3,11,0,0.15037793396101312,0.0,0.0,0.0,0.0,0.0,0.0,0.0,0.0,Light Heavyweight,41.277864992150704,0.6674641148325355,0.43297262375837825,1.250814672551927,,0.0,0.0,0.0,0.0,14,0.21428571428571427,2.842857142857143
Anying Wang,2,1,0,0.09773239623392123,1.32,0.26,1.63,0.44,0.0,0.0,0.33,0.0,Middleweight,33.0,0.5968489341983318,0.41379310344827575,1.1083744338805288,,0.0,0.20350000000000004,0.0,0.033,3,0.6666666666666666,0.7333333333333334
Jerome Rivera,10,6,0,0.030068956371833978,3.21,0.33,2.6,0.51,0.0,0.0,0.4,0.0,Flyweight,29.0,0.5384615384615383,0.34482758620689663,0.9133580810402689,1313.0,0.0,0.555,0.3333333333333333,0.12333333333333334,16,0.625,3.325
Michael Kuiper,15,5,0,0.12027582548733588,3.28,0.54,3.62,0.54,2.3,0.55,0.79,0.0,Light Heavyweight,35.0,0.5769230769230766,0.41379310344827575,1.1109920058586882,4127.0,25.0,6.716,0.25,2.524,20,0.75,4.15
Sherrard Blackledge,5,1,0,0.07518896698050656,3.7,0.49,3.13,0.55,4.0,0.33,0.42,0.0,Welterweight,31.0,0.6538461538461537,0.3793103448275862,1.1083454656542466,,0.0,0.6360000000000001,0.0,4.0915,6,0.8333333333333334,1.366666666666667
Teddy Ash,14,5,0,0.12027582548733588,7.27,0.61,6.8,0.28,0.0,0.0,1.0,0.0,Light Heavyweight,35.0,0.5769230769230766,0.4482758620689653,1.1454747644793777,,0.0,0.9614999999999998,0.0,0.1,19,0.7368421052631579,3.947368421052632
Brogan Walker,8,4,0,0.030068956371833978,2.04,0.3,3.7,0.47,0.0,0.0,0.11,0.0,Flyweight,36.0,0.34615384615384626,0.1379310344827586,0.5141538370084389,662.0,50.0,12.5855,0.0,0.011000000000000001,12,0.6666666666666666,2.5333333333333337
Ryan Roberts,21,12,1,0.07518896698050656,0.0,0.0,22.5,0.45,0.0,0.0,0.0,0.0,Welterweight,46.0,0.5218723584108196,0.20689655172413768,0.8039578771154638,,0.0,-3.3075,0.0,0.0,34,0.6176470588235294,6.923529411764706
Carlos Vera,11,3,0,0.045086858506829315,0.0,0.0,0.0,0.0,0.0,0.0,0.0,0.0,Featherweight,35.8830242510699,0.4423076923076923,0.2688069758224335,0.7562015266369551,361.0,0.0,0.0,0.0,0.0,14,0.7857142857142857,2.9571428571428573
Brandon Wolff,7,5,0,0.09773239623392123,0.47,0.33,10.91,0.19,0.0,0.0,0.0,0.0,Middleweight,49.0,0.5968489341983318,0.3103448275862067,1.0049261580184599,,0.0,-1.4245,0.0,0.0,12,0.5833333333333334,2.516666666666667
Bruna Brasil,9,3,1,0.01501790213499534,3.44,0.68,3.94,0.53,1.86,0.66,0.53,0.0,Strawweight,31.0,0.26923076923076916,0.20689655172413768,0.49114522308990216,200.0,25.0,6.7345,0.0,2.012,13,0.6923076923076923,2.7384615384615385
Eduardo Pamplona,16,4,0,0.09773239623392123,0.0,0.0,0.0,0.0,0.0,0.0,0.0,0.0,Middleweight,39.515151515151516,0.5968489341983318,0.3793103448275862,1.0738916752598393,,0.0,0.0,0.0,0.0,20,0.8,4.16
Ty Flores,7,3,0,0.15037793396101312,2.0,0.37,7.8,0.25,1.0,0.09,0.0,0.0,Light Heavyweight,31.0,0.5769230769230766,0.5172413793103448,1.2445423901944346,,0.0,-0.5585,0.0,1.0135,10,0.7,2.14
John Kelly,5,4,0,0.09773239623392123,0.0,0.0,0.0,0.0,0.0,0.0,0.0,0.0,Middleweight,39.515151515151516,0.5968489341983318,0.3103448275862067,1.0049261580184599,,0.0,0.0,0.0,0.0,9,0.5555555555555556,1.9111111111111112
Anton Turkalj,8,3,0,0.15037793396101312,1.72,0.53,2.48,0.49,6.55,0.51,0.16,0.0,Light Heavyweight,28.0,0.7692307692307692,0.5517241379310344,1.4713328411228166,319.0,50.0,12.7375,0.25,6.705,11,0.7272727272727273,2.3454545454545457
Jimmy Lawson,4,2,0,0.24058480307651503,0.07,0.08,1.6,0.44,0.0,0.0,0.0,0.0,Heavyweight,33.0,0.7307692307692308,0.41379310344827575,1.3851471372940216,,0.0,-0.14049999999999999,0.0,0.0,6,0.6666666666666666,1.3333333333333335
Carls John De Tomas,6,2,0,0.030068956371833978,1.74,0.37,3.93,0.44,1.37,0.33,0.66,0.0,Flyweight,28.0,0.5,0.17241379310344812,0.7024827494752821,2622.0,0.0,-0.014500000000000068,0.5,1.6105000000000003,8,0.75,1.75
Yazan Hajeh,6,1,0,0.06013791274366793,1.54,0.25,17.44,0.44,0.0,0.0,1.0,0.0,Featherweight,32.0,0.4423076923076923,0.3103448275862067,0.8127904326375669,,0.0,-2.115,0.0,0.1,7,0.8571428571428571,1.5714285714285716
Richard Dalton,4,3,1,0.15037793396101312,1.2,0.69,3.27,0.25,1.0,0.11,0.0,0.0,Light Heavyweight,41.277864992150704,0.6674641148325355,0.4482758620689653,1.266117910862514,,0.0,-0.015000000000000069,0.0,1.0165,8,0.5,1.7000000000000002
Paulo Renato Junior,12,3,0,0.15037793396101312,4.89,0.45,5.18,0.56,0.0,0.0,1.0,0.0,Light Heavyweight,31.0,0.5769230769230766,0.41379310344827575,1.1410941143323656,,0.0,0.6195000000000002,0.0,0.1,15,0.8,3.16
Ricky Calatayud,16,2,0,0.030068956371833978,0.0,0.0,0.0,0.0,0.0,0.0,0.0,0.0,Flyweight,33.27091633466136,0.34781884781884764,0.3103448275862067,0.6882326317768883,,0.0,0.0,0.0,0.0,18,0.8888888888888888,3.7777777777777777
Raou Raou,0,1,0,0.1353268797241745,2.01,0.16,6.75,0.6,0.0,0.0,0.0,0.0,Light Heavyweight,41.277864992150704,0.6674641148325355,0.2758620689655172,1.0786530635222271,,0.0,-0.388,0.0,0.0,1,0.0,0.2
David Roberts,5,8,0,0.09773239623392123,0.0,0.0,0.0,0.0,0.0,0.0,0.0,0.0,Middleweight,49.0,0.5968489341983318,0.4482758620689653,1.1428571925012183,,0.0,0.0,0.0,0.0,13,0.38461538461538464,2.676923076923077
Alberto Montes,4,0,0,0.045086858506829315,0.0,0.0,0.0,0.0,0.0,0.0,0.0,0.0,Featherweight,35.8830242510699,0.4423076923076923,0.24137931034482762,0.7287738611593493,,0.0,0.0,0.0,0.0,4,1.0,1.0
Colin Fletcher,14,8,0,0.07518896698050656,3.1,0.34,2.97,0.62,0.0,0.0,0.27,0.0,Welterweight,42.0,0.5218723584108196,0.48275862068965525,1.0798199460809814,4351.0,0.0,0.49049999999999994,0.0,0.027000000000000003,22,0.6363636363636364,4.527272727272727
Karla Benitez,14,11,1,0.012034212969102226,0.0,0.0,2.4,0.57,0.0,0.0,1.0,0.0,Strawweight,33.46363636363636,0.21923076923076928,0.10344827586206903,0.3347132580619405,,0.0,-0.27449999999999997,0.0,0.1,26,0.5384615384615384,5.3076923076923075
Torrance Taylor,13,8,1,0.07518896698050656,0.0,0.0,0.0,0.0,0.0,0.0,0.0,0.0,Welterweight,38.13361169102296,0.5218723584108196,0.24137931034482762,0.8384406357361538,,0.0,0.0,0.0,0.0,22,0.5909090909090909,4.5181818181818185
Nate Schroeder,11,10,0,0.18797241745126642,0.0,0.0,0.0,0.0,0.0,0.0,0.0,0.0,Heavyweight,44.17465753424658,0.7320261437908496,0.4482758620689653,1.3682744233110813,,0.0,0.0,0.0,0.0,21,0.5238095238095238,4.304761904761905
Shane Young,13,8,0,0.06013791274366793,5.19,0.4,5.46,0.52,0.63,0.18,0.64,0.0,Featherweight,31.0,0.5384615384615383,0.2758620689655172,0.8744615201707234,522.0,14.285714285714285,4.207928571428572,0.14285714285714285,0.7567142857142858,21,0.6190476190476191,4.323809523809524
Justin Gonzales,6,0,0,0.06013791274366793,6.67,0.8,0.87,0.43,14.0,0.73,1.0,0.0,Featherweight,33.0,0.5384615384615383,0.3103448275862067,0.9089442787914129,,0.0,1.7615,0.0,14.2095,6,1.0,1.4000000000000001
Josh Bennett,11,14,0,0.23156743137514918,2.9,0.4,5.8,0.43,1.5,1.0,1.0,0.0,Heavyweight,44.17465753424658,0.7320261437908496,0.5517241379310344,1.515317713097033,,0.0,-0.000500000000000056,0.0,1.75,25,0.44,5.088
Waylon Kennell,6,2,0,0.12027582548733588,0.0,0.0,0.0,0.0,0.0,0.0,0.0,0.0,Light Heavyweight,41.277864992150704,0.6674641148325355,0.41379310344827575,1.2015330437681473,,0.0,0.0,0.0,0.0,8,0.75,1.75
Billy Vaughan,12,17,0,0.07518896698050656,0.0,0.0,1.36,0.5,0.0,0.0,0.0,0.0,Welterweight,38.13361169102296,0.5218723584108196,0.20689655172413768,0.8039578771154638,,0.0,-0.129,0.0,0.0,29,0.41379310344827586,5.882758620689656
Chase Waldon,11,2,0,0.12027582548733588,1.03,0.28,6.72,0.38,7.76,0.33,0.0,0.0,Light Heavyweight,38.0,0.6538461538461537,0.4482758620689653,1.2223978414024548,,0.0,-0.6375,0.0,7.8095,13,0.8461538461538461,2.769230769230769
Eiji Ishikawa,29,24,3,0.09773239623392123,1.2,0.29,4.07,0.6,1.0,0.09,0.0,0.0,Middleweight,39.515151515151516,0.5968489341983318,0.34482758620689663,1.0394089166391498,,0.0,-0.1625000000000001,0.0,1.0135,56,0.5178571428571429,11.303571428571429
Francisco Trevino,13,3,0,0.07518896698050656,2.65,0.42,2.42,0.64,0.97,0.22,0.41,0.0,Welterweight,43.0,0.4615384615384617,0.3103448275862067,0.8470722561051749,3420.0,33.33333333333333,8.812833333333332,0.0,1.0439999999999998,16,0.8125,3.3625000000000003
Joe Cason,9,1,0,0.15037793396101312,4.17,0.55,10.83,0.23,0.0,0.0,0.0,0.0,Light Heavyweight,41.277864992150704,0.6674641148325355,0.5172413793103448,1.3350834281038935,,0.0,-0.4375,0.0,0.0,10,0.9,2.18
Sasha Palatnikov,6,4,0,0.09773239623392123,6.69,0.53,5.44,0.52,0.72,1.0,0.7,0.0,Middleweight,35.0,0.5384615384615383,0.4482758620689653,1.084469796764425,1271.0,0.0,1.0405000000000002,0.3333333333333333,1.0233333333333332,10,0.6,2.12
Josh Neal,5,11,0,0.12027582548733588,0.0,0.0,0.0,0.0,0.0,0.0,0.0,0.0,Light Heavyweight,41.277864992150704,0.6674641148325355,0.41379310344827575,1.2015330437681473,,0.0,0.0,0.0,0.0,16,0.3125,3.2625
Issa Isakov,10,3,0,0.07518896698050656,1.93,0.36,5.78,0.4,0.0,0.0,0.0,0.0,Welterweight,35.0,0.4615384615384617,0.3103448275862067,0.8470722561051749,,0.0,-0.25249999999999995,0.0,0.0,13,0.7692307692307693,2.753846153846154
Marcelo Mello,1,0,0,0.09773239623392123,0.0,0.0,0.0,0.0,0.0,0.0,0.0,0.0,Middleweight,39.515151515151516,0.5968489341983318,0.24137931034482762,0.9359606407770806,,0.0,0.0,0.0,0.0,1,1.0,0.4
Shana Dobson,4,5,0,0.030068956371833978,3.34,0.37,5.2,0.5,0.84,0.5,0.14,0.0,Flyweight,35.0,0.4230769230769229,0.20689655172413768,0.6600424311728945,1453.0,50.0,12.704,0.0,0.9289999999999999,9,0.4444444444444444,1.8888888888888888
Justin Tafa,7,3,0,0.2390929584935685,5.13,0.55,5.93,0.49,0.0,0.0,1.0,0.0,Heavyweight,31.0,0.6153846153846154,0.41379310344827575,1.2682706773264596,326.0,62.5,16.201500000000003,0.0,0.1,10,0.7,2.14
Jason Reinhardt,20,3,0,0.045086858506829315,0.51,0.4,4.07,0.43,1.91,0.12,0.5,0.0,Featherweight,55.0,0.4423076923076923,0.20689655172413768,0.6942911025386593,4931.0,50.0,12.1615,0.5,2.1029999999999998,23,0.8695652173913043,4.773913043478261
John Doyle,11,22,0,0.15037793396101312,3.5,0.44,10.51,0.27,0.0,0.0,0.0,0.0,Light Heavyweight,48.0,0.6674641148325355,0.3793103448275862,1.1971523936211348,,0.0,-0.573,0.0,0.0,33,0.3333333333333333,6.666666666666667
Jordan Goodwin,0,0,0,0.07518896698050656,0.0,0.0,0.0,0.0,0.0,0.0,0.0,0.0,Welterweight,38.13361169102296,0.5218723584108196,0.3329867729451857,0.9300480983365118,,0.0,0.0,0.0,0.0,0,,
Tai Tuivasa,15,6,0,0.2390929584935685,3.98,0.49,4.98,0.43,0.0,0.0,0.54,0.0,Heavyweight,31.0,0.6538461538461537,0.48275862068965525,1.3756977330293774,179.0,50.0,12.9105,0.1875,0.100875,21,0.7142857142857143,4.342857142857143
Jerome LeBanner,3,2,0,0.24058480307651503,0.92,0.35,1.03,0.37,0.0,0.0,0.5,0.0,Heavyweight,52.0,0.7320261437908496,0.5172413793103448,1.4898523261777092,,0.0,0.20099999999999998,0.0,0.05,5,0.6,1.12
Marvin Maldonado,2,4,0,0.045086858506829315,0.87,0.56,3.47,0.43,0.0,0.0,0.2,0.0,Featherweight,35.8830242510699,0.4423076923076923,0.20689655172413768,0.6942911025386593,,0.0,-0.12649999999999995,0.0,0.020000000000000004,6,0.3333333333333333,1.2666666666666668
Lee Gibson,12,4,0,0.07518896698050656,0.0,0.0,0.0,0.0,0.0,0.0,0.0,0.0,Welterweight,38.13361169102296,0.5218723584108196,0.24137931034482762,0.8384406357361538,,0.0,0.0,0.0,0.0,16,0.75,3.35
Jocelyn Jones-Lybarger,6,4,0,0.01501790213499534,2.96,0.31,4.83,0.56,0.34,0.25,0.81,0.0,Strawweight,39.0,0.23076923076923084,0.24137931034482762,0.4871664432490538,2950.0,0.0,0.16149999999999998,0.3333333333333333,0.5418333333333334,10,0.6,2.12
Victor Valenzuela,13,6,2,0.07518896698050656,1.28,1.0,2.55,0.0,0.0,0.0,0.0,0.0,Welterweight,38.13361169102296,0.5218723584108196,0.34482758620689663,0.9418889115982227,,0.0,0.13750000000000007,0.0,0.0,21,0.6190476190476191,4.323809523809524
Matt Kovacs,12,16,0,0.20902400212173455,1.47,0.22,4.87,0.44,1.0,0.25,0.0,0.0,Heavyweight,44.17465753424658,0.7320261437908496,0.41379310344827575,1.3548432493608598,,0.0,-0.25300000000000006,0.0,1.0375,28,0.42857142857142855,5.685714285714286
Isaac Vallie-Flagg,16,7,1,0.07518896698050656,5.56,0.47,5.6,0.45,0.2,0.12,0.58,0.0,Welterweight,46.0,0.4615384615384617,0.2758620689655172,0.8125894974844854,3735.0,0.0,0.7114999999999999,0.0,0.276,24,0.6666666666666666,4.9333333333333345
Dequan Townsend,21,12,0,0.15037793396101312,1.23,0.34,3.92,0.38,0.0,0.0,0.46,0.0,Light Heavyweight,38.0,0.8076923076923075,0.5172413793103448,1.4753116209636654,1593.0,25.0,6.0945,0.0,0.046000000000000006,33,0.6363636363636364,6.7272727272727275
Charon Spain,14,26,0,0.07518896698050656,0.0,0.0,0.0,0.0,0.0,0.0,0.0,0.0,Welterweight,38.13361169102296,0.5218723584108196,0.3103448275862067,0.9074061529775328,,0.0,0.0,0.0,0.0,40,0.35,8.07
Jason Butcher,10,2,0,0.12027582548733588,1.82,0.4,2.73,0.25,13.64,0.5,0.0,0.0,Light Heavyweight,41.277864992150704,0.6674641148325355,0.5172413793103448,1.3049813196302162,,0.0,0.16300000000000003,0.0,13.715,12,0.8333333333333334,2.566666666666667
Turrell Galloway,8,6,0,0.06013791274366793,0.0,0.0,0.0,0.0,0.0,0.0,0.0,0.0,Featherweight,35.8830242510699,0.4423076923076923,0.10344827586206903,0.6058938809134292,,0.0,0.0,0.0,0.0,14,0.5714285714285714,2.9142857142857146
Cody Garbrandt,13,5,0,0.045086858506829315,3.0,0.4,3.89,0.61,1.13,0.34,0.78,0.0,Featherweight,33.0,0.26923076923076916,0.2758620689655172,0.5901796967031157,305.0,66.66666666666666,17.004666666666665,0.06666666666666667,1.2756666666666665,18,0.7222222222222222,3.7444444444444445
Ron Fields,28,32,1,0.14285240684259382,0.33,0.33,2.64,0.11,0.0,0.0,0.0,0.0,Light Heavyweight,50.0,0.6674641148325355,0.48275862068965525,1.2930751423647846,,0.0,-0.23099999999999998,0.0,0.0,61,0.45901639344262296,12.291803278688526
Kenyon Jackson,4,3,0,0.12027582548733588,0.0,0.0,0.0,0.0,0.0,0.0,0.0,0.0,Light Heavyweight,41.277864992150704,0.6674641148325355,0.41379310344827575,1.2015330437681473,,0.0,0.0,0.0,0.0,7,0.5714285714285714,1.5142857142857145
Ivan Cole,2,3,0,0.045086858506829315,2.68,0.36,4.69,0.46,0.0,0.0,0.0,0.0,Featherweight,35.8830242510699,0.4423076923076923,0.3103448275862067,0.7977393784007283,,0.0,0.10749999999999993,0.0,0.0,5,0.4,1.08
Mike Jackson,1,2,0,0.09773239623392123,4.49,0.57,3.73,0.62,0.71,0.33,0.88,0.0,Middleweight,39.0,0.6153846153846154,0.48275862068965525,1.195875632308192,851.0,25.0,7.02,0.25,0.9099999999999999,3,0.3333333333333333,0.6666666666666667
Yanal Ashmouz,7,1,0,0.07518896698050656,3.08,0.42,5.35,0.59,0.92,0.5,0.5,0.0,Welterweight,29.0,0.3846153846153846,0.3103448275862067,0.7701491791820978,158.0,33.33333333333333,8.473333333333333,0.0,1.045,8,0.875,1.7750000000000001
Evan Esguerra,8,7,0,0.06013791274366793,0.0,0.0,0.0,0.0,0.0,0.0,0.0,0.0,Featherweight,35.8830242510699,0.4423076923076923,0.2688069758224335,0.7712525808737938,,0.0,0.0,0.0,0.0,15,0.5333333333333333,3.1066666666666665
Colleen Schneider,11,7,0,0.045086858506829315,2.17,0.48,2.5,0.5,2.5,0.5,0.6,0.0,Featherweight,35.8830242510699,0.4423076923076923,0.2688069758224335,0.7562015266369551,,0.0,0.3384999999999999,0.0,2.6350000000000002,18,0.6111111111111112,3.7222222222222223
Miles Johns,14,2,0,0.045086858506829315,3.51,0.48,2.75,0.68,1.03,0.21,0.85,0.0,Featherweight,30.0,0.3076923076923075,0.24137931034482762,0.5941584765439645,242.0,25.0,6.913,0.125,1.17775,16,0.875,3.375
Mike Dolce,5,10,0,0.12027582548733588,0.0,0.0,0.0,0.0,0.0,0.0,0.0,0.0,Light Heavyweight,41.277864992150704,0.6674641148325355,0.3793103448275862,1.1670502851474576,,0.0,0.0,0.0,0.0,15,0.3333333333333333,3.066666666666667
Bendy Casimir,20,14,2,0.06013791274366793,0.74,0.27,3.42,0.54,0.0,0.0,1.0,0.0,Featherweight,44.0,0.4423076923076923,0.17241379310344812,0.6748593981548083,,0.0,-0.193,0.0,0.1,36,0.5555555555555556,7.311111111111111
Clint Godfrey,13,3,0,0.045086858506829315,0.57,0.31,0.96,0.65,0.85,0.25,0.5,0.0,Featherweight,42.0,0.4423076923076923,0.20689655172413768,0.6942911025386593,,0.0,0.158,0.0,0.9375,16,0.8125,3.3625000000000003
Oban Elliott,9,2,0,0.09773239623392123,3.87,0.44,2.8,0.61,4.0,0.44,0.0,0.0,Middleweight,27.0,0.5384615384615383,0.41379310344827575,1.0499870381437353,88.0,33.33333333333333,9.060333333333332,0.0,4.066,11,0.8181818181818182,2.3636363636363638
Scott Junk,8,3,1,0.24058480307651503,5.13,0.6,1.81,0.45,0.0,0.0,0.0,0.0,Heavyweight,46.0,0.7320261437908496,0.4482758620689653,1.4208868089363298,,0.0,1.1984999999999997,0.0,0.0,12,0.6666666666666666,2.5333333333333337
Joel Thomas,5,2,0,0.09773239623392123,0.0,0.0,0.0,0.0,0.0,0.0,0.0,0.0,Middleweight,39.515151515151516,0.5968489341983318,0.34482758620689663,1.0394089166391498,,0.0,0.0,0.0,0.0,7,0.7142857142857143,1.542857142857143
Nick Newell,14,2,0,0.07518896698050656,3.53,0.46,4.07,0.36,0.0,0.0,0.33,0.0,Welterweight,38.0,0.5218723584108196,0.34482758620689663,0.9418889115982227,,0.0,0.4179999999999999,0.0,0.033,16,0.875,3.375
Sean Lally,7,3,0,0.09773239623392123,5.34,0.39,7.23,0.3,0.0,0.0,0.0,0.0,Middleweight,34.0,0.5968489341983318,0.41379310344827575,1.1083744338805288,,0.0,0.37349999999999994,0.0,0.0,10,0.7,2.14
Asbel Cancio,0,1,0,0.1804468903328471,0.0,0.0,0.0,0.0,0.0,0.0,0.0,0.0,Heavyweight,44.17465753424658,0.7320261437908496,0.34482758620689663,1.2573006203305934,,0.0,0.0,0.0,0.0,1,0.0,0.2
Marques Daniels,5,5,0,0.07518896698050656,0.0,0.0,0.0,0.0,0.0,0.0,0.0,0.0,Welterweight,38.13361169102296,0.5218723584108196,0.3329867729451857,0.9300480983365118,,0.0,0.0,0.0,0.0,10,0.5,2.1
Brian Cobb,20,9,0,0.07518896698050656,0.0,0.0,3.68,0.55,5.81,0.5,0.0,0.0,Welterweight,38.13361169102296,0.5218723584108196,0.3793103448275862,0.9763716702189124,,0.0,-0.46950000000000003,0.0,5.885,29,0.6896551724137931,5.93793103448276
Christian Uflacker,5,0,0,0.09773239623392123,0.0,0.0,0.0,0.0,0.0,0.0,0.0,0.0,Middleweight,39.515151515151516,0.5968489341983318,0.3793103448275862,1.0738916752598393,,0.0,0.0,0.0,0.0,5,1.0,1.2
Nick Denis,11,3,0,0.045086858506829315,6.54,0.53,5.42,0.36,2.8,1.0,0.8,0.0,Featherweight,41.0,0.4423076923076923,0.24137931034482762,0.7287738611593493,4666.0,50.0,13.482,0.5,3.155,14,0.7857142857142857,2.9571428571428573
David Gomez,1,2,0,0.07518896698050656,0.0,0.0,0.0,0.0,0.0,0.0,0.0,0.0,Welterweight,38.13361169102296,0.5218723584108196,0.3329867729451857,0.9300480983365118,,0.0,0.0,0.0,0.0,3,0.3333333333333333,0.6666666666666667
Rolando Perez,7,5,2,0.045086858506829315,4.23,0.36,4.83,0.63,0.0,0.0,1.0,0.0,Featherweight,35.8830242510699,0.4423076923076923,0.2758620689655172,0.7632566197800388,,0.0,0.49950000000000017,0.0,0.1,14,0.5,2.9000000000000004
Junya Kudo,10,7,2,0.045086858506829315,1.85,0.71,4.44,0.33,0.0,0.0,0.0,0.0,Featherweight,35.8830242510699,0.4423076923076923,0.2688069758224335,0.7562015266369551,,0.0,-0.01200000000000001,0.0,0.0,19,0.5263157894736842,3.905263157894737
Forrest Petz,26,10,0,0.09773239623392123,2.27,0.29,2.2,0.57,1.3,1.0,0.66,0.0,Middleweight,49.0,0.5,0.3103448275862067,0.9080772238201279,5264.0,50.0,12.881,0.0,1.516,36,0.7222222222222222,7.344444444444445
Bubba Pugh,3,3,0,0.12027582548733588,2.87,0.67,2.6,0.23,4.0,0.57,0.8,0.0,Light Heavyweight,41.277864992150704,0.6674641148325355,0.34482758620689663,1.132567526526768,,0.0,0.496,0.0,4.1655,6,0.5,1.3000000000000003
Adam Milstead,8,4,0,0.15037793396101312,3.85,0.46,4.79,0.43,0.0,0.0,0.64,0.0,Light Heavyweight,37.0,0.6923076923076921,0.5172413793103448,1.35992700557905,2251.0,66.66666666666666,17.067166666666665,0.0,0.064,12,0.6666666666666666,2.5333333333333337
Tim Roman,3,4,0,0.09773239623392123,0.6,0.4,2.4,0.4,1.0,1.0,0.16,0.0,Middleweight,39.515151515151516,0.5968489341983318,0.4482758620689653,1.1428571925012183,,0.0,-0.06999999999999995,0.0,1.166,7,0.42857142857142855,1.4857142857142858
Jin Soo Son,9,4,0,0.045086858506829315,5.1,0.36,7.63,0.52,1.5,0.25,1.0,0.0,Featherweight,31.0,0.4230769230769229,0.20689655172413768,0.67506033330789,2034.0,0.0,0.2805000000000002,0.0,1.6375000000000002,13,0.6923076923076923,2.7384615384615385
Edwin Aguilar,26,19,0,0.12027582548733588,0.0,0.0,0.0,0.0,0.0,0.0,0.0,0.0,Light Heavyweight,41.277864992150704,0.6674641148325355,0.34482758620689663,1.132567526526768,,0.0,0.0,0.0,0.0,45,0.5777777777777777,9.115555555555556
Gary Quan,3,5,0,0.05712107147593157,0.0,0.0,0.0,0.0,0.0,0.0,0.0,0.0,Featherweight,35.8830242510699,0.4423076923076923,0.2758620689655172,0.775290832749141,,0.0,0.0,0.0,0.0,8,0.375,1.675
Tim Catalfo,4,2,0,0.19546479246784249,0.39,1.0,0.77,0.33,0.0,0.0,0.0,0.0,Heavyweight,44.17465753424658,0.7320261437908496,0.3793103448275862,1.3068012810862784,,0.0,0.23149999999999998,0.0,0.0,6,0.6666666666666666,1.3333333333333335
Jesse Gillespie,3,2,0,0.12027582548733588,0.0,0.0,0.0,0.0,0.0,0.0,0.0,0.0,Light Heavyweight,41.277864992150704,0.6674641148325355,0.43297262375837825,1.2207125640782497,,0.0,0.0,0.0,0.0,5,0.6,1.12
Roy Jones,7,5,0,0.15037793396101312,0.0,0.0,0.0,0.0,0.0,0.0,0.0,0.0,Light Heavyweight,41.277864992150704,0.6674641148325355,0.43297262375837825,1.250814672551927,,0.0,0.0,0.0,0.0,12,0.5833333333333334,2.516666666666667
Mack Brewer,0,1,0,0.15037793396101312,0.0,0.0,6.67,0.36,0.0,0.0,0.0,0.0,Light Heavyweight,41.277864992150704,0.6674641148325355,0.43297262375837825,1.250814672551927,,0.0,-0.9464999999999999,0.0,0.0,1,0.0,0.2
Tsuyoshi Tamakairiki,0,3,0,0.1729213632144278,0.0,0.0,26.67,0.5,0.0,0.0,0.0,0.0,Heavyweight,44.17465753424658,0.7320261437908496,0.41379310344827575,1.318740610453553,,0.0,-3.9254999999999995,0.0,0.0,3,0.0,0.6000000000000001
JR Coughran,4,1,0,0.06013791274366793,12.29,0.57,6.8,0.45,0.0,0.0,0.75,0.0,Featherweight,30.0,0.4423076923076923,0.20689655172413768,0.7093421567754978,,0.0,2.2339999999999995,0.0,0.07500000000000001,5,0.8,1.1600000000000001
Joe Wilk,19,11,0,0.06013791274366793,1.0,0.54,2.0,0.72,0.0,0.0,0.0,0.0,Featherweight,35.8830242510699,0.4423076923076923,0.3103448275862067,0.8127904326375669,,0.0,0.16599999999999998,0.0,0.0,30,0.6333333333333333,6.126666666666667
Khusein Askhabov,23,1,0,0.06013791274366793,2.0,0.26,4.13,0.56,0.0,0.0,0.66,0.0,Featherweight,29.0,0.4230769230769229,0.2758620689655172,0.759076904786108,725.0,0.0,0.01650000000000007,0.0,0.066,24,0.9583333333333334,4.991666666666667
Joe Camacho,13,19,3,0.07518896698050656,0.31,0.17,5.0,0.42,0.0,0.0,0.0,0.0,Welterweight,52.0,0.5218723584108196,0.3103448275862067,0.9074061529775328,,0.0,-0.5755,0.0,0.0,35,0.37142857142857144,7.074285714285715
Aoriqileng,25,10,0,0.045086858506829315,5.31,0.5,5.56,0.5,1.64,0.46,0.58,0.0,Featherweight,31.0,0.4230769230769229,0.24137931034482762,0.7095430919285799,151.0,33.33333333333333,9.001833333333332,0.0,1.767,35,0.7142857142857143,7.142857142857143
Kier Gooch,2,7,0,0.07518896698050656,0.0,0.0,0.0,0.0,0.0,0.0,0.0,0.0,Welterweight,38.13361169102296,0.5218723584108196,0.3329867729451857,0.9300480983365118,,0.0,0.0,0.0,0.0,9,0.2222222222222222,1.8444444444444446
Austin Hubbard,16,7,0,0.07518896698050656,3.83,0.46,3.37,0.56,1.55,0.52,0.63,0.0,Welterweight,33.0,0.5,0.34482758620689663,0.9200165531874032,130.0,0.0,0.6280000000000002,0.2,1.741,23,0.6956521739130435,4.739130434782609
Liudvik Sholinian,9,4,1,0.045086858506829315,2.5,0.3,5.67,0.55,0.0,0.0,0.66,0.0,Featherweight,35.0,0.5,0.34482758620689663,0.8899144447137259,830.0,0.0,-0.08299999999999985,0.0,0.066,14,0.6428571428571429,2.928571428571429
Austin Tweedy,8,2,0,0.07518896698050656,4.29,0.66,6.43,0.0,0.0,0.0,0.0,0.0,Welterweight,34.0,0.5218723584108196,0.3103448275862067,0.9074061529775328,,0.0,0.24,0.0,0.0,10,0.8,2.16
Adrian Serrano,56,29,4,0.09773239623392123,0.0,0.0,0.0,0.0,0.0,0.0,0.0,0.0,Middleweight,39.515151515151516,0.5968489341983318,0.2758620689655172,0.9704433993977702,,0.0,0.0,0.0,0.0,89,0.6292134831460674,17.925842696629214
Jorge de Oliveira,9,2,0,0.07518896698050656,1.26,0.31,4.84,0.48,0.0,0.0,0.22,0.0,Welterweight,45.0,0.5218723584108196,0.2758620689655172,0.8729233943568433,3616.0,0.0,-0.27699999999999997,0.5,0.147,11,0.8181818181818182,2.3636363636363638
Ewerton Teixeira,3,1,0,0.20600716085399814,2.0,0.39,3.22,0.35,0.0,0.0,0.33,0.0,Heavyweight,44.17465753424658,0.7320261437908496,0.4482758620689653,1.3863091667138132,,0.0,0.14750000000000008,0.0,0.033,4,0.75,0.9500000000000001
Wagner Prado,12,3,0,0.15037793396101312,1.72,0.4,3.06,0.5,0.0,0.0,0.22,0.0,Light Heavyweight,38.0,0.6153846153846154,0.41379310344827575,1.1795556527939044,4407.0,0.0,0.126,1.0,0.272,15,0.8,3.16
Tom Aaron,5,3,0,0.07518896698050656,0.0,0.0,0.0,0.0,0.0,0.0,0.0,0.0,Welterweight,38.13361169102296,0.5218723584108196,0.3329867729451857,0.9300480983365118,,0.0,0.0,0.0,0.0,8,0.625,1.725
Ron Sparks,8,3,0,0.24058480307651503,0.0,0.0,0.0,0.0,0.0,0.0,0.0,0.0,Heavyweight,44.17465753424658,0.7320261437908496,0.5862068965517243,1.5588178434190891,,0.0,0.0,0.0,0.0,11,0.7272727272727273,2.3454545454545457
Zac Pauga,7,2,0,0.15037793396101312,4.44,0.62,2.72,0.57,0.42,0.09,1.0,0.0,Light Heavyweight,36.0,0.6923076923076921,0.48275862068965525,1.3254442469583605,368.0,50.0,13.4115,0.0,0.5335,9,0.7777777777777778,1.9555555555555557
Amber Tackett,1,3,0,0.01501790213499534,0.0,0.0,0.0,0.0,0.0,0.0,0.0,0.0,Strawweight,33.46363636363636,0.21923076923076928,0.11741236819606739,0.35166103956183203,,0.0,0.0,0.0,0.0,4,0.25,0.8500000000000001
Dimitiri Wanderley,5,2,0,0.15037793396101312,0.92,0.25,4.31,0.3,1.16,0.2,0.0,0.0,Light Heavyweight,41.277864992150704,0.6674641148325355,0.43297262375837825,1.250814672551927,,0.0,-0.32149999999999995,0.0,1.19,7,0.7142857142857143,1.542857142857143
Henrique Da Silva Lopes,5,2,0,0.20299031958626176,0.0,0.0,0.0,0.0,0.0,0.0,0.0,0.0,Heavyweight,44.17465753424658,0.7320261437908496,0.5172413793103448,1.4522578426874562,,0.0,0.0,0.0,0.0,7,0.7142857142857143,1.542857142857143
Virgil Zwicker,15,6,1,0.15037793396101312,3.34,0.48,4.87,0.39,1.31,0.3,0.5,0.0,Light Heavyweight,41.277864992150704,0.6153846153846154,0.48275862068965525,1.2485211700352838,,0.0,0.2589999999999999,0.0,1.405,22,0.6818181818181818,4.536363636363637
Wade Shipp,11,5,0,0.21051584670468107,4.29,0.86,2.14,0.0,0.0,0.0,0.75,0.0,Heavyweight,50.0,0.7320261437908496,0.5172413793103448,1.4597833698058755,,0.0,0.9235,0.0,0.07500000000000001,16,0.6875,3.3375000000000004
Mike Easton,13,6,0,0.045086858506829315,3.51,0.37,4.28,0.61,0.75,0.22,0.66,0.0,Featherweight,41.0,0.4615384615384617,0.20689655172413768,0.7135218717694287,3896.0,14.285714285714285,3.9724285714285714,0.0,0.849,19,0.6842105263157895,3.936842105263158
Marnic Mann,6,2,0,0.01501790213499534,1.1,0.42,4.93,0.31,1.83,0.3,0.16,0.0,Strawweight,31.0,0.23076923076923084,0.0,0.24578713290422619,291.0,0.0,-0.3339999999999999,0.0,1.891,8,0.75,1.75
Eldo Xavier Dias,0,1,0,0.11278345047075986,0.0,0.0,0.0,0.0,0.0,0.0,0.0,0.0,Middleweight,39.515151515151516,0.5968489341983318,0.3793103448275862,1.088942729496678,,0.0,0.0,0.0,0.0,1,0.0,0.2
Claudionor Fontinelle,10,15,1,0.12027582548733588,2.62,0.42,10.25,0.28,0.0,0.0,0.0,0.0,Light Heavyweight,41.277864992150704,0.6674641148325355,0.17241379310344812,0.9601537334233196,,0.0,-0.7564999999999998,0.0,0.0,26,0.38461538461538464,5.276923076923077
Victor Valimaki,18,10,0,0.15037793396101312,3.94,0.3,2.99,0.67,0.9,0.14,0.0,0.0,Light Heavyweight,41.277864992150704,0.6674641148325355,0.41379310344827575,1.2316351522418243,,0.0,0.697,0.0,0.921,28,0.6428571428571429,5.7285714285714295
Gisele Moreira,8,3,0,0.045086858506829315,5.93,0.42,6.33,0.48,4.0,0.57,0.0,0.0,Featherweight,44.0,0.4423076923076923,0.20689655172413768,0.6942911025386593,,0.0,0.6890000000000001,0.0,4.0855,11,0.7272727272727273,2.3454545454545457
Coltin Cole,4,5,0,0.12027582548733588,0.0,0.0,0.0,0.0,0.0,0.0,0.0,0.0,Light Heavyweight,41.277864992150704,0.6674641148325355,0.43297262375837825,1.2207125640782497,,0.0,0.0,0.0,0.0,9,0.4444444444444444,1.8888888888888888
Kenny Giddens,12,7,0,0.07518896698050656,0.0,0.0,0.0,0.0,0.0,0.0,0.0,0.0,Welterweight,38.13361169102296,0.5218723584108196,0.3793103448275862,0.9763716702189124,,0.0,0.0,0.0,0.0,19,0.631578947368421,3.9263157894736844
Andrew Montanez,9,12,1,0.12027582548733588,0.0,0.0,0.0,0.0,0.0,0.0,0.0,0.0,Light Heavyweight,41.277864992150704,0.6674641148325355,0.43297262375837825,1.2207125640782497,,0.0,0.0,0.0,0.0,22,0.4090909090909091,4.481818181818182
Darian Weeks,5,3,0,0.09773239623392123,4.49,0.51,4.56,0.51,2.0,0.3,1.0,0.0,Middleweight,31.0,0.5384615384615383,0.3793103448275862,1.0155042795230458,886.0,0.0,0.6170000000000002,0.0,2.145,8,0.625,1.725
Louis Taylor,13,4,0,0.12027582548733588,2.06,0.32,1.24,0.68,2.48,0.28,1.0,0.0,Light Heavyweight,45.0,0.6674641148325355,0.3793103448275862,1.1670502851474576,,0.0,0.49499999999999994,0.0,2.622,17,0.7647058823529411,3.5529411764705885
Vitor Vianna,12,3,1,0.15037793396101312,3.1,0.3,8.28,0.52,0.0,0.0,0.0,0.0,Light Heavyweight,41.277864992150704,0.6674641148325355,0.43297262375837825,1.250814672551927,,0.0,-0.32899999999999985,0.0,0.0,16,0.75,3.35
Idris Wasi,2,14,0,0.12180082217212572,0.4,0.31,3.53,0.46,0.0,0.0,0.2,0.0,Light Heavyweight,41.277864992150704,0.6674641148325355,0.41379310344827575,1.203058040452937,,0.0,-0.2985,0.0,0.020000000000000004,16,0.125,3.225
Kasey Tanner,6,1,0,0.045086858506829315,6.6,0.5,6.67,0.63,2.0,0.33,0.0,0.0,Featherweight,33.0,0.4230769230769229,0.24137931034482762,0.7095430919285799,,0.0,0.8440000000000001,0.0,2.0495,7,0.8571428571428571,1.5714285714285716
Ashlee Evans-Smith,6,6,0,0.045086858506829315,4.03,0.34,4.59,0.53,0.95,0.22,0.5,0.0,Featherweight,37.0,0.34615384615384626,0.2758620689655172,0.6671027736261927,578.0,11.11111111111111,3.244277777777778,0.2222222222222222,1.0885555555555555,12,0.5,2.5000000000000004
Brendan Loughnane,17,3,0,0.06013791274366793,6.23,0.63,6.7,0.53,1.5,0.3,0.92,0.0,Featherweight,35.0,0.4615384615384617,0.34482758620689663,0.8665039604890262,4443.0,0.0,0.758,0.0,1.637,20,0.85,4.17
Joao Pierini,4,1,0,0.07518896698050656,0.76,0.14,4.56,0.33,0.0,0.0,0.0,0.0,Welterweight,53.0,0.5218723584108196,0.4482758620689653,1.0453371874602915,,0.0,-0.4164999999999999,0.0,0.0,5,0.8,1.1600000000000001
Gaston Bolanos,7,3,0,0.045086858506829315,4.2,0.49,1.13,0.56,0.0,0.0,0.4,0.0,Featherweight,32.0,0.4230769230769229,0.24137931034482762,0.7095430919285799,95.0,33.33333333333333,9.395833333333332,0.0,0.04000000000000001,10,0.7,2.14
Thomas Gifford,14,9,0,0.07518896698050656,3.97,0.37,6.45,0.37,0.5,0.33,0.33,0.0,Welterweight,32.0,0.6538461538461537,0.4482758620689653,1.1773109828956256,1950.0,50.0,12.6545,0.0,0.5825,23,0.6086956521739131,4.721739130434783
Tyrone Roberts,43,12,1,0.12027582548733588,0.0,0.0,0.0,0.0,0.0,0.0,0.0,0.0,Light Heavyweight,41.277864992150704,0.6674641148325355,0.3103448275862067,1.0980847679060781,,0.0,0.0,0.0,0.0,56,0.7678571428571429,11.35357142857143
Joe Brammer,7,3,1,0.07518896698050656,2.15,0.31,2.8,0.56,0.81,0.5,0.5,0.0,Welterweight,41.0,0.5218723584108196,0.2758620689655172,0.8729233943568433,5373.0,0.0,0.2634999999999999,0.0,0.935,11,0.6363636363636364,2.3272727272727276
Christian Leroy Duncan,9,1,0,0.12027582548733588,5.06,0.59,4.68,0.47,0.0,0.0,0.5,0.0,Light Heavyweight,29.0,0.8076923076923075,0.48275862068965525,1.4107267538692985,200.0,40.0,10.7515,0.0,0.05,10,0.9,2.18
Joel Sutton,2,4,1,0.15037793396101312,0.0,0.0,0.0,0.0,0.0,0.0,0.0,0.0,Light Heavyweight,41.277864992150704,0.6674641148325355,0.3793103448275862,1.1971523936211348,,0.0,0.0,0.0,0.0,7,0.2857142857142857,1.4571428571428573
Pablo Villaseca,12,3,0,0.07518896698050656,2.79,0.42,3.25,0.65,2.5,0.5,0.33,0.0,Welterweight,38.13361169102296,0.5218723584108196,0.24137931034482762,0.8384406357361538,,0.0,0.3915,0.0,2.608,15,0.8,3.16
George Stork,7,9,0,0.12027582548733588,0.0,0.0,0.0,0.0,0.0,0.0,0.0,0.0,Light Heavyweight,41.277864992150704,0.6674641148325355,0.34482758620689663,1.132567526526768,,0.0,0.0,0.0,0.0,16,0.4375,3.2875
Lance Benoist,7,2,0,0.09773239623392123,3.68,0.51,2.7,0.56,1.5,0.33,0.61,0.0,Middleweight,36.0,0.5384615384615383,0.3793103448275862,1.0155042795230458,3903.0,0.0,0.7010000000000001,0.0,1.6105,9,0.7777777777777778,1.9555555555555557
Felipe Olivieri,14,5,0,0.07518896698050656,6.68,0.58,4.6,0.57,0.0,0.0,0.71,0.0,Welterweight,39.0,0.5218723584108196,0.3103448275862067,0.9074061529775328,3301.0,0.0,1.1815,1.0,0.321,19,0.7368421052631579,3.947368421052632
Tiffany Masters,2,1,0,0.01501790213499534,3.53,0.62,2.58,0.5,3.06,0.6,0.0,0.0,Strawweight,30.0,0.26923076923076916,0.10344827586206903,0.38769694722783354,,0.0,0.6944999999999999,0.0,3.15,3,0.6666666666666666,0.7333333333333334
Dave Dalgliesh,30,19,2,0.15037793396101312,0.0,0.0,1.85,0.5,0.0,0.0,0.0,0.0,Light Heavyweight,46.0,0.6674641148325355,0.48275862068965525,1.300600669483204,,0.0,-0.2025,0.0,0.0,51,0.5882352941176471,10.31764705882353
Jason Jackson,7,2,0,0.09773239623392123,2.24,0.48,1.31,0.56,0.0,0.0,0.0,0.0,Middleweight,34.0,0.7692307692307692,0.4482758620689653,1.3152390275336558,,0.0,0.5435,0.0,0.0,9,0.7777777777777778,1.9555555555555557
Alberto Mina,13,1,0,0.09773239623392123,3.23,0.38,3.7,0.47,1.85,0.2,0.5,0.0,Middleweight,42.0,0.7307692307692308,0.41379310344827575,1.2422947304514278,2468.0,50.0,12.899000000000001,0.0,1.9300000000000002,14,0.9285714285714286,2.9857142857142858
Anthony Avila,13,5,0,0.06013791274366793,0.0,0.0,0.0,0.0,0.0,0.0,0.0,0.0,Featherweight,35.8830242510699,0.4423076923076923,0.24137931034482762,0.7438249153961878,,0.0,0.0,0.0,0.0,18,0.7222222222222222,3.7444444444444445
Joe Schilling,2,5,0,0.12027582548733588,2.84,0.52,2.64,0.48,0.0,0.0,0.44,0.0,Light Heavyweight,41.277864992150704,0.6674641148325355,0.5172413793103448,1.3049813196302162,,0.0,0.4899999999999999,0.0,0.044000000000000004,7,0.2857142857142857,1.4571428571428573
Jhonoven Pati,6,4,0,0.12027582548733588,2.88,0.53,6.13,0.33,2.7,1.0,0.0,0.0,Light Heavyweight,34.0,0.6538461538461537,0.4482758620689653,1.2223978414024548,,0.0,-0.04400000000000004,0.0,2.85,10,0.6,2.12
Mo Miller,6,0,0,0.045086858506829315,1.87,0.45,1.33,0.6,4.0,0.8,0.0,0.0,Featherweight,32.0,0.5384615384615383,0.2758620689655172,0.8594104659338848,,0.0,0.44799999999999995,0.0,4.12,6,1.0,1.4000000000000001
Yuya Shirai,26,14,2,0.09471555496618486,1.02,1.0,4.07,0.55,0.0,0.0,0.0,0.0,Welterweight,44.0,0.5218723584108196,0.2758620689655172,0.8924499823425216,,0.0,-0.07300000000000006,0.0,0.0,42,0.6190476190476191,8.523809523809524
Sarah Payant,1,4,0,0.01501790213499534,0.29,0.16,2.06,0.3,0.0,0.0,0.0,0.0,Strawweight,33.46363636363636,0.21923076923076928,0.1379310344827586,0.3721797058485232,,0.0,-0.1595,0.0,0.0,5,0.2,1.04
Boston Salmon,6,3,0,0.045086858506829315,4.13,0.37,7.75,0.59,0.0,0.0,1.0,0.0,Featherweight,34.0,0.4230769230769229,0.3103448275862067,0.7785086091699589,1944.0,100.0,25.0325,0.0,0.1,9,0.6666666666666666,1.9333333333333333
Maka Watson,4,2,0,0.07518896698050656,0.93,0.37,1.6,0.22,2.0,1.0,0.33,0.0,Welterweight,38.13361169102296,0.5218723584108196,0.3329867729451857,0.9300480983365118,,0.0,0.09950000000000003,0.0,2.183,6,0.6666666666666666,1.3333333333333335
Jerry Bohlander,11,4,0,0.141327410157804,0.0,0.0,0.0,0.0,0.0,0.0,0.0,0.0,Light Heavyweight,51.0,0.6674641148325355,0.3793103448275862,1.1881018698179258,,0.0,0.0,0.0,0.0,15,0.7333333333333333,3.1466666666666665
Landon Showalter,11,19,1,0.12027582548733588,0.0,0.0,0.0,0.0,0.0,0.0,0.0,0.0,Light Heavyweight,41.277864992150704,0.6674641148325355,0.41379310344827575,1.2015330437681473,,0.0,0.0,0.0,0.0,31,0.3548387096774194,6.270967741935484
Nariman Abbasov,28,4,0,0.07518896698050656,3.0,0.2,5.67,0.46,0.0,0.0,0.66,0.0,Welterweight,31.0,0.3076923076923075,0.2758620689655172,0.6587433436383312,,0.0,0.008500000000000063,0.0,0.066,32,0.875,6.575
Justin Davis,13,16,0,0.15037793396101312,0.0,0.0,0.0,0.0,0.0,0.0,0.0,0.0,Light Heavyweight,41.277864992150704,0.6674641148325355,0.3793103448275862,1.1971523936211348,,0.0,0.0,0.0,0.0,29,0.4482758620689655,5.889655172413794
Reynaldo Trujillo,21,19,0,0.07518896698050656,0.0,0.0,0.0,0.0,0.0,0.0,0.0,0.0,Welterweight,38.13361169102296,0.5218723584108196,0.3103448275862067,0.9074061529775328,,0.0,0.0,0.0,0.0,40,0.525,8.105
Kyle Noblitt,11,2,0,0.2074990054369447,0.0,0.0,0.0,0.0,0.0,0.0,0.0,0.0,Heavyweight,44.17465753424658,0.7320261437908496,0.48275862068965525,1.4222837699174495,,0.0,0.0,0.0,0.0,13,0.8461538461538461,2.769230769230769
Tony Sylvester,11,3,0,0.1804468903328471,0.0,0.0,10.12,0.12,0.0,0.0,0.0,0.0,Heavyweight,47.0,0.7320261437908496,0.4482758620689653,1.360748896192662,,0.0,-1.4999999999999998,0.0,0.0,14,0.7857142857142857,2.9571428571428573
George Zuniga,3,1,0,0.12027582548733588,7.64,0.38,5.45,0.37,0.0,0.0,1.0,0.0,Light Heavyweight,41.277864992150704,0.6674641148325355,0.3103448275862067,1.0980847679060781,,0.0,1.2240000000000002,0.0,0.1,4,0.75,0.9500000000000001
Rex Richards,7,2,0,0.24058480307651503,17.65,0.58,5.29,0.72,0.0,0.0,0.0,0.0,Heavyweight,44.17465753424658,0.7320261437908496,0.5862068965517243,1.5588178434190891,,0.0,3.842999999999999,0.0,0.0,9,0.7777777777777778,1.9555555555555557
Cory Hendricks,3,1,0,0.15037793396101312,3.13,0.39,4.07,0.42,0.0,0.0,1.0,0.0,Light Heavyweight,36.0,0.6674641148325355,0.5172413793103448,1.3350834281038935,3141.0,0.0,0.31299999999999994,0.0,0.1,4,0.75,0.9500000000000001
Clint Coronel,2,5,0,0.07518896698050656,4.93,0.32,5.6,0.66,0.0,0.0,0.66,0.0,Welterweight,38.13361169102296,0.5218723584108196,0.3329867729451857,0.9300480983365118,,0.0,0.5555,0.0,0.066,7,0.2857142857142857,1.4571428571428573
Richardson Moreira,7,4,0,0.12027582548733588,1.17,0.28,1.83,0.67,0.0,0.0,1.0,0.0,Light Heavyweight,40.0,0.6674641148325355,0.48275862068965525,1.2704985610095267,3665.0,50.0,12.6745,0.0,0.1,11,0.6363636363636364,2.3272727272727276
Amilcar Alves,15,12,0,0.09773239623392123,0.5,0.46,2.02,0.3,0.0,0.0,0.53,0.0,Middleweight,36.0,0.5968489341983318,0.41379310344827575,1.1083744338805288,5135.0,0.0,-0.04099999999999998,0.5,0.178,27,0.5555555555555556,5.511111111111111
Shauna Bannon,5,1,0,0.01501790213499534,3.6,0.37,3.73,0.37,0.0,0.0,0.33,0.0,Strawweight,31.0,0.26923076923076916,0.17241379310344812,0.45666246446921266,200.0,0.0,0.4700000000000001,0.0,0.033,6,0.8333333333333334,1.366666666666667
Pedro Falcao,15,3,0,0.045086858506829315,3.02,0.6,0.57,0.65,3.23,0.6,0.83,0.0,Featherweight,32.0,0.3076923076923075,0.20689655172413768,0.5596757179232745,312.0,0.0,0.887,0.0,3.403,18,0.8333333333333334,3.7666666666666666
Felipe Silva,8,2,0,0.07518896698050656,5.4,0.5,1.8,0.59,1.0,1.0,0.71,0.0,Welterweight,40.0,0.7307692307692308,0.41379310344827575,1.2197513011980132,2461.0,66.66666666666666,17.935166666666664,0.3333333333333333,1.3043333333333331,10,0.8,2.16
Peggy Morgan,4,4,0,0.045086858506829315,2.27,0.23,8.2,0.33,0.0,0.0,0.5,0.0,Featherweight,35.8830242510699,0.4423076923076923,0.4482758620689653,0.935670412883487,4092.0,0.0,-0.5669999999999997,0.0,0.05,8,0.5,1.7000000000000002
Mason Fowler,2,0,0,0.09773239623392123,0.0,0.0,0.0,0.0,0.0,0.0,0.0,0.0,Middleweight,39.515151515151516,0.5968489341983318,0.3793103448275862,1.0738916752598393,,0.0,0.0,0.0,0.0,2,1.0,0.6000000000000001
Michael Cora,4,1,0,0.09773239623392123,0.8,0.28,0.13,0.66,0.0,0.0,0.25,0.0,Middleweight,35.0,0.7307692307692308,0.4482758620689653,1.2767774890721175,,0.0,0.33549999999999996,0.0,0.025,5,0.8,1.1600000000000001
Christina Marks,8,9,0,0.030068956371833978,5.0,0.58,3.0,0.64,7.5,1.0,0.0,0.0,Flyweight,39.0,0.4230769230769229,0.24137931034482762,0.6945251897935845,2630.0,0.0,1.0120000000000002,1.0,7.9,17,0.47058823529411764,3.494117647058824
Oliver Enkamp,7,2,0,0.09773239623392123,2.38,0.36,3.55,0.37,0.87,0.16,0.0,0.0,Middleweight,33.0,0.7307692307692308,0.41379310344827575,1.2422947304514278,2524.0,50.0,12.69,0.0,0.894,9,0.7777777777777778,1.9555555555555557
Taneisha Tennant,5,1,0,0.06013791274366793,5.67,0.55,3.4,0.71,0.0,0.0,1.0,0.0,Featherweight,35.0,0.4615384615384617,0.24137931034482762,0.7630556846269572,,0.0,1.124,0.0,0.1,6,0.8333333333333334,1.366666666666667
Mario Rivera,6,8,0,0.09773239623392123,0.0,0.0,8.41,0.2,0.0,0.0,0.0,0.0,Middleweight,39.515151515151516,0.5968489341983318,0.34482758620689663,1.0394089166391498,,0.0,-1.2315,0.0,0.0,14,0.42857142857142855,2.885714285714286
Dewey Cooper,2,1,0,0.15037793396101312,0.0,0.0,0.0,0.0,0.0,0.0,0.0,0.0,Light Heavyweight,41.277864992150704,0.6674641148325355,0.43297262375837825,1.250814672551927,,0.0,0.0,0.0,0.0,3,0.6666666666666666,0.7333333333333334
Luis Santos,63,10,1,0.09773239623392123,4.4,0.57,4.0,0.64,0.0,0.0,0.0,0.0,Middleweight,39.515151515151516,0.5968489341983318,0.4482758620689653,1.1428571925012183,,0.0,0.7100000000000001,0.0,0.0,74,0.8513513513513513,14.970270270270271
Jeremiah O'Neal,13,25,0,0.23305927595809578,1.15,0.4,7.5,0.23,0.0,0.0,0.0,0.0,Heavyweight,44.17465753424658,0.7320261437908496,0.2758620689655172,1.2409474887144625,,0.0,-0.723,0.0,0.0,38,0.34210526315789475,7.6684210526315795
Natalia Silva,16,5,1,0.030068956371833978,5.2,0.48,2.23,0.65,0.68,0.33,0.92,0.0,Flyweight,28.0,0.26923076923076916,0.1379310344827586,0.43723076008536177,158.0,33.33333333333333,9.492333333333333,0.0,0.8215,22,0.7272727272727273,4.545454545454546
Harris Sarmiento,36,26,0,0.07518896698050656,0.84,0.25,3.46,0.36,2.36,0.6,0.57,0.0,Welterweight,41.0,0.5218723584108196,0.3103448275862067,0.9074061529775328,,0.0,-0.20500000000000002,0.0,2.5069999999999997,62,0.5806451612903226,12.516129032258064
Adam Fugitt,9,4,0,0.09773239623392123,4.3,0.54,5.13,0.48,3.43,0.33,0.5,0.0,Middleweight,36.0,0.7307692307692308,0.4482758620689653,1.2767774890721175,242.0,50.0,12.9855,0.25,3.592,13,0.6923076923076923,2.7384615384615385
Eugenio Tadeu,2,3,0,0.08268134199708259,0.0,0.0,0.0,0.0,0.0,0.0,0.0,0.0,Welterweight,38.13361169102296,0.5218723584108196,0.2758620689655172,0.8804157693734194,,0.0,0.0,0.0,0.0,5,0.4,1.08
Sean Spencer,12,6,0,0.09773239623392123,4.24,0.32,4.02,0.6,0.14,0.33,0.68,0.0,Middleweight,37.0,0.6153846153846154,0.34482758620689663,1.0579445978254332,3077.0,12.5,3.7360000000000007,0.25,0.32,18,0.6666666666666666,3.7333333333333334
John Clarke,1,1,0,0.09773239623392123,0.0,0.0,0.0,0.0,0.0,0.0,0.0,0.0,Middleweight,39.515151515151516,0.5968489341983318,0.3835561420620804,1.0781374724943333,,0.0,0.0,0.0,0.0,2,0.5,0.5
John Donaldson,2,2,0,0.06013791274366793,1.21,0.23,4.22,0.51,0.0,0.0,0.0,0.0,Featherweight,35.8830242510699,0.4423076923076923,0.2758620689655172,0.7783076740168774,,0.0,-0.2079999999999999,0.0,0.0,4,0.5,0.9
Kazuhisa Watanabe,0,1,0,0.05112054104230206,0.62,0.5,0.94,0.0,0.0,0.0,0.14,0.0,Featherweight,35.8830242510699,0.4423076923076923,0.20689655172413768,0.7003247850741321,,0.0,0.11400000000000002,0.0,0.014000000000000002,1,0.0,0.2
Tateki Matsuda,13,8,0,0.030068956371833978,3.2,0.34,3.43,0.69,0.0,0.0,0.16,0.0,Flyweight,38.0,0.34781884781884764,0.24137931034482762,0.6192671145355093,3678.0,0.0,0.4570000000000002,0.0,0.016,21,0.6190476190476191,4.323809523809524
Masaaki Satake,1,8,1,0.1729213632144278,1.4,0.35,3.76,0.41,0.0,0.0,0.58,0.0,Heavyweight,59.0,0.7320261437908496,0.4482758620689653,1.3532233690742426,,0.0,-0.08249999999999996,0.0,0.057999999999999996,10,0.1,2.02
Luke Zachrich,14,4,0,0.12027582548733588,4.56,0.32,4.46,0.62,0.74,0.33,0.8,0.0,Light Heavyweight,43.0,0.6153846153846154,0.48275862068965525,1.2184190615616064,3750.0,33.33333333333333,8.961333333333332,0.3333333333333333,0.9528333333333333,18,0.7777777777777778,3.7555555555555555
Ricky Rainey,12,6,0,0.09773239623392123,2.55,0.48,2.62,0.46,0.95,0.18,0.55,0.0,Middleweight,41.0,0.7307692307692308,0.4482758620689653,1.2767774890721175,2266.0,100.0,25.409499999999998,0.0,1.032,18,0.6666666666666666,3.7333333333333334
Keith Berish,5,1,0,0.15037793396101312,3.58,0.36,4.81,0.62,1.76,0.4,0.0,0.0,Light Heavyweight,39.0,0.6674641148325355,0.41379310344827575,1.2316351522418243,2987.0,0.0,0.33850000000000013,0.0,1.82,6,0.8333333333333334,1.366666666666667
Juan Manuel Puig,11,4,0,0.06013791274366793,4.91,0.23,7.17,0.51,0.0,0.0,0.0,0.0,Featherweight,35.0,0.4423076923076923,0.3103448275862067,0.8127904326375669,,0.0,0.2745000000000002,0.0,0.0,15,0.7333333333333333,3.1466666666666665
Roldan Sangcha'an,4,2,0,0.030068956371833978,2.71,0.46,2.15,0.51,1.94,0.6,0.68,0.0,Flyweight,34.0,0.34781884781884764,0.1379310344827586,0.5158188386734402,,0.0,0.5235000000000001,0.0,2.098,6,0.6666666666666666,1.3333333333333335
Derrick Mehmen,19,9,0,0.15037793396101312,1.93,0.14,4.53,0.48,1.0,0.16,0.0,0.0,Light Heavyweight,41.277864992150704,0.6674641148325355,0.5517241379310344,1.369566186724583,,0.0,-0.09700000000000009,0.0,1.024,28,0.6785714285714286,5.735714285714287
Chris Curtis,30,10,0,0.12027582548733588,5.36,0.5,6.3,0.54,0.0,0.0,0.92,0.0,Light Heavyweight,37.0,0.6538461538461537,0.34482758620689663,1.1189495655403863,312.0,37.5,9.951,0.0,0.09200000000000001,40,0.75,8.15
Marcus Bossett,1,3,0,0.16539583609600847,0.0,0.0,0.0,0.0,0.0,0.0,0.0,0.0,Heavyweight,44.17465753424658,0.7320261437908496,0.4482758620689653,1.3456978419558234,,0.0,0.0,0.0,0.0,4,0.25,0.8500000000000001
Sarah Frota,9,2,0,0.030068956371833978,4.52,0.52,2.57,0.55,0.0,0.0,0.53,0.0,Flyweight,37.0,0.4230769230769229,0.20689655172413768,0.6600424311728945,2027.0,50.0,13.431,0.0,0.053000000000000005,11,0.8181818181818182,2.3636363636363638
Kevin Szaflarski,11,2,0,0.23305927595809578,1.13,0.28,8.07,0.3,0.0,0.0,0.0,0.0,Heavyweight,30.0,0.7307692307692308,0.5862068965517243,1.5500354032790509,,0.0,-0.827,0.0,0.0,13,0.8461538461538461,2.769230769230769
KB Bhullar,8,2,0,0.12027582548733588,4.31,0.49,5.39,0.45,0.0,0.0,0.0,0.0,Light Heavyweight,33.0,0.7692307692307692,0.5517241379310344,1.4412307326491394,1383.0,0.0,0.4345,0.0,0.0,10,0.8,2.16
Lee Brousseau,5,3,0,0.15037793396101312,0.0,0.0,0.0,0.0,0.0,0.0,0.0,0.0,Light Heavyweight,41.277864992150704,0.6674641148325355,0.4482758620689653,1.266117910862514,,0.0,0.0,0.0,0.0,8,0.625,1.725
Bryce Mejia,3,1,0,0.09773239623392123,3.49,0.62,6.98,0.5,0.0,0.0,0.0,0.0,Middleweight,39.515151515151516,0.5968489341983318,0.4482758620689653,1.1428571925012183,,0.0,0.02450000000000019,0.0,0.0,4,0.75,0.9500000000000001
Chris Mickle,30,21,2,0.06013791274366793,3.03,0.27,9.7,0.48,0.0,0.0,0.0,0.0,Featherweight,41.0,0.4423076923076923,0.3103448275862067,0.8127904326375669,,0.0,-0.5714999999999999,0.0,0.0,53,0.5660377358490566,10.713207547169812
Bevon Lewis,7,3,0,0.12027582548733588,3.73,0.43,2.67,0.54,0.0,0.0,0.66,0.0,Light Heavyweight,33.0,0.8076923076923075,0.5172413793103448,1.445209512489988,1558.0,25.0,6.949,0.0,0.066,10,0.7,2.14
Timothy Johnson,12,4,0,0.24058480307651503,3.43,0.45,3.08,0.44,1.09,0.24,0.69,0.0,Heavyweight,39.0,0.7307692307692308,0.5172413793103448,1.4885954131560906,,0.0,0.5515000000000001,0.0,1.195,16,0.75,3.35
Angel Pacheco,7,2,0,0.06013791274366793,13.13,0.4,13.6,0.35,0.0,0.0,0.33,0.0,Featherweight,33.0,0.4615384615384617,0.2758620689655172,0.7975384432476468,319.0,0.0,1.3750000000000004,0.0,0.033,9,0.7777777777777778,1.9555555555555557
Ailin Perez,9,2,0,0.045086858506829315,2.96,0.55,1.18,0.57,4.89,0.5,0.75,0.0,Featherweight,30.0,0.3076923076923075,0.17241379310344812,0.5251929593025849,137.0,0.0,0.7585,0.4,5.14,11,0.8181818181818182,2.3636363636363638
Egidijus Valavicius,29,12,0,0.14285240684259382,0.0,0.0,0.0,0.0,0.0,0.0,0.0,0.0,Light Heavyweight,41.277864992150704,0.6674641148325355,0.41379310344827575,1.2241096251234052,,0.0,0.0,0.0,0.0,41,0.7073170731707317,8.341463414634147
Todd Brown,16,4,0,0.15037793396101312,2.15,0.45,3.85,0.48,0.0,0.0,0.5,0.0,Light Heavyweight,48.0,0.6674641148325355,0.3793103448275862,1.1971523936211348,5095.0,0.0,0.12199999999999989,0.0,0.05,20,0.8,4.16
Cody Canterbury,1,10,0,0.07518896698050656,0.0,0.0,0.0,0.0,0.0,0.0,0.0,0.0,Welterweight,38.13361169102296,0.5218723584108196,0.2758620689655172,0.8729233943568433,,0.0,0.0,0.0,0.0,11,0.09090909090909091,2.2181818181818183
Ricardo Prasel,10,2,0,0.1999734783185254,2.21,0.57,7.83,0.37,0.0,0.0,0.0,0.0,Heavyweight,34.0,0.7692307692307692,0.6551724137931033,1.624376661342398,,0.0,-0.4524999999999999,0.0,0.0,12,0.8333333333333334,2.566666666666667
Chance Farrar,8,3,0,0.06013791274366793,0.81,0.22,2.21,0.67,3.02,1.0,0.0,0.0,Featherweight,49.0,0.4423076923076923,0.3103448275862067,0.8127904326375669,,0.0,0.01550000000000007,0.0,3.17,11,0.7272727272727273,2.3454545454545457
Wes Combs,20,6,0,0.15037793396101312,2.14,0.48,4.73,0.45,0.0,0.0,0.0,0.0,Light Heavyweight,51.0,0.6674641148325355,0.48275862068965525,1.300600669483204,,0.0,-0.01100000000000001,0.0,0.0,26,0.7692307692307693,5.353846153846154
Wesley Correira,20,16,0,0.23305927595809578,2.6,0.36,8.8,0.4,0.0,0.0,0.9,0.0,Heavyweight,46.0,0.7320261437908496,0.5172413793103448,1.4823267990592903,,0.0,-0.538,0.0,0.09000000000000001,36,0.5555555555555556,7.311111111111111
Treston Thomison,10,6,0,0.06013791274366793,0.0,0.0,0.0,0.0,0.0,0.0,0.0,0.0,Featherweight,35.8830242510699,0.4423076923076923,0.2758620689655172,0.7783076740168774,,0.0,0.0,0.0,0.0,16,0.625,3.325
Lauren Mueller,5,3,0,0.030068956371833978,4.08,0.41,3.77,0.58,0.7,0.5,0.71,0.0,Flyweight,33.0,0.34615384615384626,0.17241379310344812,0.5486365956291284,1950.0,0.0,0.6235,0.0,0.8459999999999999,8,0.625,1.725
Jorge Interiano,4,3,0,0.15037793396101312,0.0,0.0,0.0,0.0,0.0,0.0,0.0,0.0,Light Heavyweight,41.277864992150704,0.6674641148325355,0.4482758620689653,1.266117910862514,,0.0,0.0,0.0,0.0,7,0.5714285714285714,1.5142857142857145
Michael Diaz,1,2,0,0.23305927595809578,0.0,0.0,0.0,0.0,0.0,0.0,0.0,0.0,Heavyweight,44.17465753424658,0.7320261437908496,0.4813494694960208,1.446434889244966,,0.0,0.0,0.0,0.0,3,0.3333333333333333,0.6666666666666667
Klidson Abreu,15,4,0,0.15037793396101312,2.05,0.4,2.9,0.55,0.64,0.2,0.8,0.0,Light Heavyweight,32.0,0.6153846153846154,0.41379310344827575,1.1795556527939044,1719.0,25.0,6.49,0.0,0.75,19,0.7894736842105263,3.9578947368421056
Emiliano Linares,8,2,0,0.06013791274366793,1.17,0.28,3.59,0.26,0.0,0.0,0.33,0.0,Featherweight,27.0,0.5384615384615383,0.2758620689655172,0.8744615201707234,,0.0,-0.15100000000000002,0.0,0.033,10,0.8,2.16
Matt Ricehouse,6,1,0,0.07518896698050656,3.7,0.44,4.8,0.47,1.0,0.22,0.81,0.0,Welterweight,38.13361169102296,0.5218723584108196,0.3329867729451857,0.9300480983365118,,0.0,0.36350000000000016,0.0,1.1139999999999999,7,0.8571428571428571,1.5714285714285716
Xavier Siller,5,5,0,0.030068956371833978,1.02,0.36,1.53,0.57,3.83,1.0,0.0,0.0,Flyweight,33.27091633466136,0.34781884781884764,0.17241379310344812,0.5503015972941298,,0.0,0.183,0.0,3.98,10,0.5,2.1
Ray Rodriguez,16,8,0,0.045086858506829315,0.9,0.27,3.89,0.4,1.42,0.5,0.44,0.0,Featherweight,37.0,0.4615384615384617,0.24137931034482762,0.7480046303901187,1432.0,0.0,-0.2445,0.0,1.539,24,0.6666666666666666,4.9333333333333345
Mitch Whitesel,17,27,0,0.12027582548733588,0.0,0.0,0.0,0.0,0.0,0.0,0.0,0.0,Light Heavyweight,41.277864992150704,0.6674641148325355,0.3103448275862067,1.0980847679060781,,0.0,0.0,0.0,0.0,44,0.38636363636363635,8.877272727272729
Kazuma Maruyama,11,7,0,0.07518896698050656,3.83,0.41,2.23,0.53,4.79,0.33,1.0,0.0,Welterweight,32.0,0.5384615384615383,0.3793103448275862,0.9929608502696311,,0.0,0.7845,0.0,4.9395,18,0.6111111111111112,3.7222222222222223
Xiao Long,26,7,0,0.045086858506829315,5.13,0.49,3.49,0.54,0.67,0.25,0.78,0.0,Featherweight,26.0,0.4615384615384617,0.2758620689655172,0.7824873890108082,81.0,50.0,13.438,0.0,0.7855000000000001,33,0.7878787878787878,6.757575757575758
Xavier Foupa-Pokam,32,22,0,0.12027582548733588,1.47,0.43,2.5,0.49,0.0,0.0,0.16,0.0,Light Heavyweight,42.0,0.6674641148325355,0.4482758620689653,1.2360158023888368,,0.0,0.15200000000000002,0.0,0.016,54,0.5925925925925926,10.91851851851852
Patrik White,9,2,0,0.07518896698050656,9.77,0.49,6.28,0.6,0.0,0.0,0.5,0.0,Welterweight,31.0,0.5384615384615383,0.41379310344827575,1.0274436088903207,,0.0,1.6884999999999997,0.0,0.05,11,0.8181818181818182,2.3636363636363638
Tafon Nchukwi,6,4,0,0.12027582548733588,5.57,0.52,4.11,0.54,0.76,0.57,0.64,0.0,Light Heavyweight,30.0,0.7307692307692308,0.41379310344827575,1.2648381597048424,550.0,33.33333333333333,9.294333333333332,0.0,0.9095,10,0.6,2.12
John Kolosci,15,9,0,0.12027582548733588,0.21,0.2,0.85,0.5,0.0,0.0,0.0,0.0,Light Heavyweight,50.0,0.6674641148325355,0.3793103448275862,1.1670502851474576,,0.0,0.03999999999999998,0.0,0.0,24,0.625,4.925000000000001
Robbie Ring,6,1,0,0.06013791274366793,5.11,0.38,9.15,0.38,4.04,0.33,0.0,0.0,Featherweight,24.0,0.3846153846153846,0.3103448275862067,0.7550981249452592,,0.0,0.038000000000000034,0.0,4.0895,7,0.8571428571428571,1.5714285714285716
Dooho Choi,14,4,1,0.06013791274366793,4.74,0.53,4.91,0.54,0.29,0.2,0.5,0.0,Featherweight,33.0,0.4615384615384617,0.34482758620689663,0.8665039604890262,67.0,75.0,19.3855,0.0,0.36999999999999994,19,0.7368421052631579,3.947368421052632
Darren Till,18,5,1,0.12027582548733588,2.3,0.46,3.31,0.56,0.55,0.46,0.69,0.0,Light Heavyweight,32.0,0.6153846153846154,0.41379310344827575,1.149453544320227,795.0,18.181818181818183,4.799954545454546,0.2727272727272727,0.7561818181818181,24,0.75,4.950000000000001
Cedric Doumbe,2,0,0,0.09773239623392123,0.0,0.0,0.0,0.0,0.0,0.0,0.0,0.0,Middleweight,39.515151515151516,0.5968489341983318,0.34482758620689663,1.0394089166391498,,0.0,0.0,0.0,0.0,2,1.0,0.6000000000000001
Jose Santibanez,10,3,0,0.07518896698050656,0.0,0.0,0.0,0.0,0.0,0.0,0.0,0.0,Welterweight,38.13361169102296,0.5218723584108196,0.3329867729451857,0.9300480983365118,,0.0,0.0,0.0,0.0,13,0.7692307692307693,2.753846153846154
Ho Bae Myeon,13,5,1,0.09471555496618486,3.16,0.16,3.16,0.83,0.0,0.0,0.0,0.0,Welterweight,38.13361169102296,0.5218723584108196,0.3793103448275862,0.9958982582045907,,0.0,0.47250000000000003,0.0,0.0,19,0.6842105263157895,3.936842105263158
Cesar Gracie,0,1,0,0.11427529505370639,0.0,0.0,17.14,0.5,0.0,0.0,0.0,0.0,Middleweight,39.515151515151516,0.5968489341983318,0.34482758620689663,1.055951815458935,,0.0,-2.496,0.0,0.0,1,0.0,0.2
Herdem Alacabek,5,1,0,0.15037793396101312,3.84,0.65,6.66,0.23,2.06,0.5,0.42,0.0,Light Heavyweight,33.0,0.6538461538461537,0.48275862068965525,1.2869827084968222,,0.0,0.12549999999999983,0.0,2.177,6,0.8333333333333334,1.366666666666667
Shawn Bunch,7,3,0,0.045086858506829315,0.0,0.0,1.55,0.55,0.0,0.0,0.5,0.0,Featherweight,35.8830242510699,0.4423076923076923,0.17241379310344812,0.6598083439179697,,0.0,-0.14999999999999997,0.0,0.05,10,0.7,2.14
Pablo Alfonso,9,7,0,0.06013791274366793,0.0,0.0,0.0,0.0,0.0,0.0,0.0,0.0,Featherweight,35.8830242510699,0.4423076923076923,0.2758620689655172,0.7783076740168774,,0.0,0.0,0.0,0.0,16,0.5625,3.3125
Andy Wang,7,8,1,0.07518896698050656,3.43,0.36,10.29,0.62,0.0,0.0,0.0,0.0,Welterweight,47.0,0.5218723584108196,0.20689655172413768,0.8039578771154638,,0.0,-0.5209999999999999,0.0,0.0,16,0.4375,3.2875
Stephen Bass,11,2,0,0.06013791274366793,4.87,0.52,5.87,0.55,0.0,0.0,0.0,0.0,Featherweight,42.0,0.4423076923076923,0.3103448275862067,0.8127904326375669,4820.0,0.0,0.5235000000000002,0.0,0.0,13,0.8461538461538461,2.769230769230769
Fabio Silva,1,8,0,0.15037793396101312,0.09,0.11,5.9,0.38,0.0,0.0,0.0,0.0,Light Heavyweight,42.0,0.6674641148325355,0.3793103448275862,1.1971523936211348,,0.0,-0.7835,0.0,0.0,9,0.1111111111111111,1.8222222222222222
Kali Robbins,6,3,0,0.01501790213499534,3.73,0.46,9.4,0.44,2.0,0.33,0.0,0.0,Strawweight,40.0,0.1923076923076925,0.10344827586206903,0.3107738703047569,,0.0,-0.3194999999999999,0.0,2.0495,9,0.6666666666666666,1.9333333333333333
Jason Godsey,16,16,0,0.18797241745126642,0.0,0.0,0.0,0.0,0.0,0.0,0.0,0.0,Heavyweight,44.17465753424658,0.7320261437908496,0.48275862068965525,1.4027571819317712,,0.0,0.0,0.0,0.0,32,0.5,6.5
Felipe Portela,9,2,0,0.09773239623392123,0.0,0.0,0.0,0.0,0.0,0.0,0.0,0.0,Middleweight,39.515151515151516,0.5968489341983318,0.3835561420620804,1.0781374724943333,,0.0,0.0,0.0,0.0,11,0.8181818181818182,2.3636363636363638
Robert Peralta,18,8,0,0.06013791274366793,3.76,0.44,2.97,0.53,0.59,0.66,0.65,0.0,Featherweight,38.0,0.5,0.2758620689655172,0.8359999817091851,3602.0,28.57142857142857,7.804857142857142,0.14285714285714285,0.7897142857142857,26,0.6923076923076923,5.338461538461539
Che Mills,16,10,0,0.09773239623392123,2.08,0.52,2.87,0.43,1.18,0.66,0.58,0.0,Middleweight,42.0,0.6923076923076921,0.4482758620689653,1.2383159506105788,4519.0,66.66666666666666,16.924666666666667,0.0,1.337,26,0.6153846153846154,5.323076923076924
Khadzhi Bestaev,10,4,0,0.12027582548733588,6.15,0.29,10.0,0.43,0.0,0.0,0.0,0.0,Light Heavyweight,41.277864992150704,0.6923076923076921,0.6206896551724138,1.4332731729674417,,0.0,0.16000000000000014,0.0,0.0,14,0.7142857142857143,2.942857142857143
Andre Winner,21,11,2,0.07518896698050656,2.52,0.33,4.57,0.51,0.0,0.0,0.74,0.0,Welterweight,43.0,0.5769230769230766,0.3793103448275862,1.0314223887311695,4974.0,0.0,0.08699999999999997,0.25,0.1365,34,0.6176470588235294,6.923529411764706
Derek Getzel,8,5,0,0.07518896698050656,0.0,0.0,0.0,0.0,0.0,0.0,0.0,0.0,Welterweight,38.13361169102296,0.5218723584108196,0.41379310344827575,1.0108544288396017,,0.0,0.0,0.0,0.0,13,0.6153846153846154,2.723076923076923
Levan Makashvili,15,2,1,0.06013791274366793,2.87,0.54,2.07,0.61,3.67,0.42,0.85,0.0,Featherweight,36.0,0.3846153846153846,0.2758620689655172,0.7206153663245697,3518.0,0.0,0.6065,0.0,3.818,18,0.8333333333333334,3.7666666666666666
Pete Rodriguez,5,1,0,0.07518896698050656,10.37,0.46,11.69,0.44,0.0,0.0,1.0,0.0,Welterweight,28.0,0.5,0.3103448275862067,0.8855337945667132,375.0,100.0,25.997,0.0,0.1,6,0.8333333333333334,1.366666666666667
Michal Oleksiejczuk,19,6,0,0.12027582548733588,5.12,0.5,4.17,0.62,0.76,0.44,0.48,0.0,Light Heavyweight,29.0,0.6153846153846154,0.41379310344827575,1.149453544320227,193.0,42.857142857142854,11.561785714285714,0.2857142857142857,0.9454285714285715,25,0.76,5.152
Tom Sauer,25,12,0,0.23756796180877868,0.0,0.0,0.0,0.0,0.0,0.0,0.0,0.0,Heavyweight,44.17465753424658,0.7320261437908496,0.4482758620689653,1.4178699676685937,,0.0,0.0,0.0,0.0,37,0.6756756756756757,7.535135135135135
Paul Creighton,3,1,0,0.07518896698050656,0.72,0.75,4.65,0.3,5.37,0.37,0.0,0.0,Welterweight,54.0,0.5218723584108196,0.20689655172413768,0.8039578771154638,,0.0,-0.3225,0.0,5.4255,4,0.75,0.9500000000000001
Corey Anderson,14,5,0,0.15037793396101312,4.43,0.46,2.22,0.59,4.89,0.5,0.83,0.0,Light Heavyweight,35.0,0.8076923076923075,0.5172413793103448,1.4753116209636654,1824.0,46.666666666666664,12.621666666666666,0.0,5.048,19,0.7368421052631579,3.947368421052632
Eddie Gordon,8,4,0,0.12027582548733588,2.03,0.32,2.57,0.6,1.93,0.83,0.63,0.0,Light Heavyweight,41.0,0.6923076923076921,0.41379310344827575,1.2263766212433036,3518.0,50.0,12.776,0.25,2.18,12,0.6666666666666666,2.5333333333333337
Stefan Leko,0,3,0,0.16539583609600847,2.4,0.43,6.17,0.68,0.0,0.0,0.0,0.0,Heavyweight,50.0,0.7320261437908496,0.48275862068965525,1.3801806005765134,,0.0,-0.13750000000000007,0.0,0.0,3,0.0,0.6000000000000001
Sergey Ignatov,0,1,0,0.1578703089775892,0.35,0.5,3.25,0.42,0.0,0.0,0.0,0.0,Heavyweight,44.17465753424658,0.7320261437908496,0.3103448275862067,1.2002412803546454,,0.0,-0.237,0.0,0.0,1,0.0,0.2
Jon Murphy,6,4,0,0.23305927595809578,3.93,0.66,8.85,0.43,0.0,0.0,0.0,0.0,Heavyweight,47.0,0.7320261437908496,0.5172413793103448,1.4823267990592903,,0.0,-0.14849999999999985,0.0,0.0,10,0.6,2.12
Patrick Speight,7,3,0,0.09773239623392123,0.0,0.0,0.0,0.0,0.0,0.0,0.0,0.0,Middleweight,39.515151515151516,0.5968489341983318,0.4482758620689653,1.1428571925012183,,0.0,0.0,0.0,0.0,10,0.7,2.14
Dmitry Poberezhets,24,5,1,0.19848163373557884,0.0,0.0,0.0,0.0,0.0,0.0,0.0,0.0,Heavyweight,44.17465753424658,0.7320261437908496,0.5172413793103448,1.4477491568367733,,0.0,0.0,0.0,0.0,30,0.8,6.16
Marius Zaromskis,20,9,0,0.09773239623392123,5.02,0.34,5.93,0.5,0.73,0.42,0.73,0.0,Middleweight,44.0,0.5968489341983318,0.3103448275862067,1.0049261580184599,,0.0,0.5085,0.0,0.8659999999999999,29,0.6896551724137931,5.93793103448276
Marcos Mariano,6,6,0,0.07518896698050656,0.25,0.27,2.11,0.43,0.0,0.0,0.28,0.0,Welterweight,38.0,0.6923076923076921,0.4482758620689653,1.215772521357164,1971.0,0.0,-0.13549999999999995,0.5,0.153,12,0.5,2.5000000000000004
Todd Gouwenberg,9,5,0,0.15037793396101312,0.52,0.23,2.93,0.42,1.57,0.33,0.5,0.0,Light Heavyweight,50.0,0.6674641148325355,0.4482758620689653,1.266117910862514,,0.0,-0.20049999999999998,0.0,1.6695000000000002,14,0.6428571428571429,2.928571428571429
Willian Colorado,11,1,0,0.045086858506829315,0.0,0.0,0.0,0.0,0.0,0.0,0.0,0.0,Featherweight,35.8830242510699,0.5384615384615383,0.34482758620689663,0.9283759831752643,,0.0,0.0,0.0,0.0,12,0.9166666666666666,2.583333333333334
Nasrat Haqparast,15,5,0,0.07518896698050656,5.73,0.44,5.26,0.64,0.32,0.2,0.78,0.0,Welterweight,29.0,0.5384615384615383,0.34482758620689663,0.9584780916489415,235.0,23.076923076923077,6.59673076923077,0.0,0.428,20,0.75,4.15
Baergeng Jieleyisi,12,4,0,0.045086858506829315,2.53,0.38,3.87,0.45,0.0,0.0,0.0,0.0,Featherweight,29.0,0.5,0.3103448275862067,0.855431686093036,81.0,0.0,0.1954999999999999,0.0,0.0,16,0.75,3.35
Tommy Speer,21,7,0,0.09773239623392123,2.56,0.51,5.12,0.35,2.02,0.33,0.33,0.0,Middleweight,40.0,0.5,0.34482758620689663,0.9425599824408178,,0.0,0.026499999999999968,0.0,2.1025,28,0.75,5.750000000000001
Priscila Cachoeira,12,5,0,0.030068956371833978,4.12,0.43,7.13,0.45,0.18,0.33,0.65,0.0,Flyweight,36.0,0.26923076923076916,0.24137931034482762,0.5406790359474307,389.0,20.0,5.114000000000001,0.4,0.39449999999999996,17,0.7058823529411765,3.5411764705882356
Solomon Hutcherson,11,7,0,0.12027582548733588,2.59,0.39,2.59,0.64,3.53,1.0,0.0,0.0,Light Heavyweight,52.0,0.6674641148325355,0.3793103448275862,1.1670502851474576,,0.0,0.43300000000000005,0.0,3.6799999999999997,18,0.6111111111111112,3.7222222222222223
Rafael  Del Real,6,20,0,0.1804468903328471,5.58,0.4,0.0,0.0,20.93,1.0,1.0,0.0,Heavyweight,44.17465753424658,0.7320261437908496,0.3793103448275862,1.291783378951283,,0.0,1.475,0.0,21.18,26,0.23076923076923078,5.246153846153846
Antonio Duarte,19,7,0,0.045086858506829315,4.55,0.4,4.18,0.57,0.0,0.0,0.6,0.0,Featherweight,35.8830242510699,0.4423076923076923,0.24137931034482762,0.7287738611593493,,0.0,0.676,0.0,0.06,26,0.7307692307692307,5.346153846153847
Blake Bowman,2,6,0,0.09773239623392123,0.0,0.0,0.0,0.0,0.0,0.0,0.0,0.0,Middleweight,39.515151515151516,0.5968489341983318,0.48275862068965525,1.1773399511219083,,0.0,0.0,0.0,0.0,8,0.25,1.6500000000000001
Justin Wilcox,14,7,0,0.07518896698050656,3.82,0.28,2.63,0.71,1.43,0.16,1.0,0.0,Welterweight,45.0,0.5218723584108196,0.20689655172413768,0.8039578771154638,,0.0,0.723,0.0,1.554,21,0.6666666666666666,4.333333333333334
Alan Gomez,2,0,0,0.07518896698050656,0.0,0.0,0.0,0.0,0.0,0.0,0.0,0.0,Welterweight,38.13361169102296,0.5218723584108196,0.3329867729451857,0.9300480983365118,,0.0,0.0,0.0,0.0,2,1.0,0.6000000000000001
Anthony Ruiz,33,22,0,0.15037793396101312,2.56,0.64,1.67,0.28,1.43,0.31,0.21,0.0,Light Heavyweight,47.0,0.6674641148325355,0.48275862068965525,1.300600669483204,,0.0,0.5595000000000001,0.0,1.4974999999999998,55,0.6,11.12
Josh Janousek,8,1,0,0.12027582548733588,0.0,0.0,0.0,0.0,0.0,0.0,0.0,0.0,Light Heavyweight,44.0,0.6674641148325355,0.3793103448275862,1.1670502851474576,,0.0,0.0,0.0,0.0,9,0.8888888888888888,1.9777777777777779
Josiah Harrell,7,0,0,0.09773239623392123,0.0,0.0,0.0,0.0,0.0,0.0,0.0,0.0,Middleweight,26.0,0.3846153846153846,0.24137931034482762,0.7237270911941334,,0.0,0.0,0.0,0.0,7,1.0,1.6
Jodie Esquibel,6,6,0,0.01501790213499534,4.1,0.31,7.37,0.52,0.75,0.21,0.83,0.0,Strawweight,38.0,0.23076923076923084,0.03448275862068955,0.2802698915249157,2006.0,0.0,0.05950000000000011,0.0,0.8644999999999999,12,0.5,2.5000000000000004
Marcelo Guimaraes,9,2,1,0.12027582548733588,4.67,0.51,4.41,0.62,1.99,0.13,0.0,0.0,Light Heavyweight,41.0,0.5769230769230766,0.41379310344827575,1.1109920058586882,3266.0,50.0,13.201,0.0,2.0095,12,0.75,2.5500000000000003
Rick Davis,3,1,1,0.07518896698050656,3.09,0.5,6.19,0.64,0.0,0.0,0.0,0.0,Welterweight,38.13361169102296,0.5218723584108196,0.3103448275862067,0.9074061529775328,,0.0,0.039999999999999925,0.0,0.0,5,0.6,1.12
Gian Siqueira,19,5,0,0.09773239623392123,0.8,1.0,3.41,0.19,0.0,0.0,0.0,0.0,Middleweight,30.0,0.6153846153846154,0.4482758620689653,1.161392873687502,,0.0,-0.08299999999999996,0.0,0.0,24,0.7916666666666666,4.958333333333334
Konstantin Erokhin,9,3,0,0.18797241745126642,1.07,0.36,1.83,0.47,0.0,0.0,0.7,0.0,Heavyweight,42.0,0.7320261437908496,0.3793103448275862,1.2993089060697023,3351.0,0.0,0.1355,0.0,0.06999999999999999,12,0.75,2.5500000000000003
Vinicius Oliveira,19,3,0,0.045086858506829315,9.56,0.49,2.31,0.61,0.0,0.0,1.0,0.0,Featherweight,29.0,0.4615384615384617,0.3103448275862067,0.8169701476314977,228.0,50.0,14.732999999999999,0.0,0.1,22,0.8636363636363636,4.572727272727273
Magomed Ankalaev,18,1,1,0.15037793396101312,3.56,0.52,2.2,0.58,1.07,0.31,0.86,0.0,Light Heavyweight,32.0,0.6538461538461537,0.5172413793103448,1.3214654671175117,109.0,41.66666666666667,11.167666666666667,0.08333333333333333,1.2233333333333334,20,0.9,4.18
Gaetano Pirrello,15,7,1,0.045086858506829315,0.99,0.55,2.44,0.42,0.0,0.0,0.3,0.0,Featherweight,32.0,0.26923076923076916,0.24137931034482762,0.5556969380824262,1229.0,50.0,12.5545,0.0,0.03,23,0.6521739130434783,4.730434782608696
Derek Bohi,8,5,0,0.23305927595809578,0.0,0.0,0.0,0.0,0.0,0.0,0.0,0.0,Heavyweight,44.17465753424658,0.7320261437908496,0.5517241379310344,1.5168095576799798,,0.0,0.0,0.0,0.0,13,0.6153846153846154,2.723076923076923
Nick Sperling,3,4,0,0.045086858506829315,1.4,0.25,1.4,0.66,0.0,0.0,0.0,0.0,Featherweight,35.8830242510699,0.4423076923076923,0.2688069758224335,0.7562015266369551,,0.0,0.28900000000000003,0.0,0.0,7,0.42857142857142855,1.4857142857142858
Cheyden Leialoha,6,0,0,0.045086858506829315,1.87,0.28,3.2,0.53,2.0,0.33,0.71,0.0,Featherweight,30.0,0.5769230769230766,0.2758620689655172,0.8978720043954231,,0.0,0.12300000000000011,0.0,2.1205000000000003,6,1.0,1.4000000000000001
Vinicius Salvador,14,6,0,0.030068956371833978,5.44,0.42,6.05,0.49,0.38,0.11,0.86,0.0,Flyweight,28.0,0.4615384615384617,0.24137931034482762,0.7329867282551232,270.0,33.33333333333333,8.943333333333332,0.0,0.48250000000000004,20,0.7,4.14
Marvin Eastman,18,15,1,0.12027582548733588,2.21,0.35,3.92,0.42,1.38,0.33,0.81,0.0,Light Heavyweight,53.0,0.5769230769230766,0.3103448275862067,1.0075437299966192,,0.0,0.09750000000000003,0.0,1.5105,34,0.5294117647058824,6.905882352941177
Zoila Frausto,13,5,0,0.045086858506829315,0.77,0.31,1.64,0.53,0.0,0.0,0.57,0.0,Featherweight,35.8830242510699,0.4423076923076923,0.1379310344827586,0.6253255852972802,,0.0,0.08800000000000005,0.0,0.056999999999999995,18,0.7222222222222222,3.7444444444444445
Nathan Coy,15,7,0,0.09773239623392123,3.88,0.52,2.4,0.61,3.17,0.47,0.5,0.0,Middleweight,46.0,0.4230769230769229,0.34482758620689663,0.8656369055177408,2860.0,0.0,0.8055,0.6666666666666666,3.4571666666666663,22,0.6818181818181818,4.536363636363637
Takeshi Inoue,23,10,0,0.06013791274366793,2.54,0.44,3.32,0.61,0.0,0.0,0.47,0.0,Featherweight,35.8830242510699,0.4423076923076923,0.2758620689655172,0.7783076740168774,,0.0,0.31650000000000006,0.0,0.047,33,0.696969696969697,6.73939393939394
Kyle Stewart,11,3,0,0.09773239623392123,1.41,0.35,2.42,0.43,1.32,0.2,0.6,0.0,Middleweight,36.0,0.6923076923076921,0.41379310344827575,1.203833191989889,2027.0,0.0,0.124,0.5,1.5350000000000001,14,0.7857142857142857,2.9571428571428573
Ryan Keenan,6,2,0,0.09773239623392123,0.0,0.0,0.0,0.0,0.0,0.0,0.0,0.0,Middleweight,39.515151515151516,0.5968489341983318,0.34482758620689663,1.0394089166391498,,0.0,0.0,0.0,0.0,8,0.75,1.75
Stephen Regman,9,4,0,0.12027582548733588,1.41,0.6,4.93,0.23,3.52,1.0,0.0,0.0,Light Heavyweight,33.0,0.6923076923076921,0.3793103448275862,1.191893862622614,,0.0,-0.23249999999999993,0.0,3.67,13,0.6923076923076923,2.7384615384615385
Igor Borisov,1,1,0,0.19546479246784249,0.0,0.0,0.0,0.0,0.0,0.0,0.0,0.0,Heavyweight,44.17465753424658,0.7320261437908496,0.41379310344827575,1.3412840397069679,,0.0,0.0,0.0,0.0,2,0.5,0.5
Lucas Alexander,8,4,0,0.06013791274366793,5.23,0.55,1.83,0.71,0.0,0.0,0.57,0.0,Featherweight,29.0,0.5769230769230766,0.3793103448275862,1.0163713344943308,452.0,33.33333333333333,9.582833333333333,0.3333333333333333,0.1403333333333333,12,0.6666666666666666,2.5333333333333337
Eric Bedard,6,7,0,0.2014984750033152,6.37,0.35,8.54,0.52,0.0,0.0,0.0,0.0,Heavyweight,44.17465753424658,0.7320261437908496,0.48275862068965525,1.41628323948382,,0.0,0.45950000000000024,0.0,0.0,13,0.46153846153846156,2.6923076923076925
Mitch Ramirez,7,1,0,0.09773239623392123,3.69,0.52,4.81,0.36,2.41,1.0,0.0,0.0,Middleweight,32.0,0.5,0.3793103448275862,0.9770427410615075,333.0,100.0,25.359,0.0,2.56,8,0.875,1.7750000000000001
Carlos Prates,17,6,0,0.09773239623392123,4.81,0.63,3.69,0.47,0.0,0.0,0.0,0.0,Middleweight,31.0,0.7692307692307692,0.4482758620689653,1.3152390275336558,95.0,100.0,25.8455,0.0,0.0,23,0.7391304347826086,4.747826086956522
Mike Moreno,6,5,0,0.12027582548733588,1.27,0.51,1.07,0.58,0.0,0.0,0.44,0.0,Light Heavyweight,41.277864992150704,0.6674641148325355,0.41379310344827575,1.2015330437681473,,0.0,0.346,0.0,0.044000000000000004,11,0.5454545454545454,2.309090909090909
Jesse Sanders,23,7,0,0.09773239623392123,0.0,0.0,6.45,0.35,0.0,0.0,0.5,0.0,Middleweight,39.515151515151516,0.5968489341983318,0.41379310344827575,1.1083744338805288,,0.0,-0.915,0.0,0.05,30,0.7666666666666667,6.153333333333333
Issei Tamura,10,8,0,0.045086858506829315,1.89,0.53,4.58,0.44,0.92,0.25,0.33,0.0,Featherweight,40.0,0.1923076923076925,0.17241379310344812,0.40980834391796994,4351.0,100.0,24.9575,0.0,0.9905,18,0.5555555555555556,3.7111111111111112
Shamil Gamzatov,14,1,0,0.15037793396101312,5.35,0.48,3.46,0.51,0.0,0.0,0.5,0.0,Light Heavyweight,34.0,0.6923076923076921,0.48275862068965525,1.3254442469583605,1201.0,50.0,13.491,0.0,0.05,15,0.9333333333333333,3.1866666666666665
Chris Honeycutt,9,1,0,0.09773239623392123,2.99,0.44,1.41,0.66,3.4,0.45,0.75,0.0,Middleweight,39.515151515151516,0.5769230769230766,0.34482758620689663,1.0194830593638944,,0.0,0.723,0.0,3.5425,10,0.9,2.18
Andrew Craig,9,4,0,0.09773239623392123,2.39,0.4,3.01,0.5,0.53,0.37,0.72,0.0,Middleweight,39.0,0.6923076923076921,0.4482758620689653,1.2383159506105788,3500.0,28.57142857142857,7.443857142857142,0.14285714285714285,0.6932142857142857,13,0.6923076923076923,2.7384615384615385
Elias Theodorou,16,3,0,0.12027582548733588,4.19,0.42,2.39,0.53,1.27,0.28,0.59,0.0,Light Heavyweight,36.0,0.6538461538461537,0.4482758620689653,1.2223978414024548,2111.0,18.181818181818183,5.397954545454546,0.0,1.371,19,0.8421052631578947,3.9684210526315793
Edilberto de Oliveira,29,15,2,0.09773239623392123,4.12,0.32,6.79,0.61,0.0,0.0,0.0,0.0,Middleweight,42.0,0.5968489341983318,0.41379310344827575,1.1083744338805288,,0.0,0.16700000000000004,0.0,0.0,46,0.6304347826086957,9.32608695652174
Jeremy Tavares,1,6,0,0.045086858506829315,0.0,0.0,0.0,0.0,0.0,0.0,0.0,0.0,Featherweight,35.8830242510699,0.4423076923076923,0.2688069758224335,0.7562015266369551,,0.0,0.0,0.0,0.0,7,0.14285714285714285,1.4285714285714286
Alex Gorgees,6,1,0,0.07518896698050656,0.67,0.32,2.27,0.38,0.0,0.0,0.54,0.0,Welterweight,29.0,0.6153846153846154,0.48275862068965525,1.1733322030547773,2265.0,0.0,-0.05199999999999999,0.0,0.054000000000000006,7,0.8571428571428571,1.5714285714285716
Shara Magomedov,12,0,0,0.12027582548733588,7.53,0.73,4.33,0.28,0.0,0.0,0.57,0.0,Light Heavyweight,30.0,0.5769230769230766,0.48275862068965525,1.1799575231000676,109.0,50.0,13.921,0.0,0.056999999999999995,12,1.0,2.6000000000000005
Dave Martin,0,2,0,0.15037793396101312,0.0,0.0,0.0,0.0,0.0,0.0,0.0,0.0,Light Heavyweight,41.277864992150704,0.6674641148325355,0.41379310344827575,1.2316351522418243,,0.0,0.0,0.0,0.0,2,0.0,0.4
John Dodson,22,12,0,0.045086858506829315,3.2,0.4,3.58,0.61,0.71,0.28,0.82,0.0,Featherweight,40.0,0.3076923076923075,0.10344827586206903,0.4562274420612058,1642.0,29.411764705882355,7.7874411764705895,0.0,0.834,34,0.6470588235294118,6.9294117647058835
Chris Guillen,13,16,0,0.20299031958626176,0.82,0.27,1.91,0.36,0.0,0.0,0.0,0.0,Heavyweight,52.0,0.7320261437908496,0.41379310344827575,1.3488095668253872,,0.0,0.026500000000000024,0.0,0.0,29,0.4482758620689655,5.889655172413794
Ernesta Kareckaite,5,0,1,0.030068956371833978,12.27,0.45,11.2,0.42,1.0,0.5,1.0,0.0,Flyweight,26.0,0.5,0.3103448275862067,0.8404137839580407,284.0,0.0,1.5405,0.0,1.175,6,0.8333333333333334,1.366666666666667
Brian Lo-A-Njoe,6,10,3,0.07518896698050656,3.87,0.42,0.0,0.0,0.0,0.0,0.66,0.0,Welterweight,38.13361169102296,0.5218723584108196,0.24137931034482762,0.8384406357361538,,0.0,1.0515,0.0,0.066,19,0.3157894736842105,3.8631578947368426
RJ Clifford,4,3,0,0.08268134199708259,0.0,0.0,0.0,0.0,0.0,0.0,0.0,0.0,Welterweight,38.13361169102296,0.5218723584108196,0.3329867729451857,0.9375404733530879,,0.0,0.0,0.0,0.0,7,0.5714285714285714,1.5142857142857145
Gabriella Fernandes,8,3,0,0.030068956371833978,1.63,0.47,2.7,0.47,0.0,0.0,0.61,0.0,Flyweight,31.0,0.3076923076923075,0.20689655172413768,0.5446578157882791,81.0,0.0,0.16699999999999993,0.25,0.1235,11,0.7272727272727273,2.3454545454545457
Roman Bogatov,10,1,0,0.07518896698050656,3.33,0.42,4.4,0.44,1.0,0.09,0.5,0.0,Welterweight,34.0,0.5769230769230766,0.2758620689655172,0.9279741128691004,1677.0,0.0,0.3224999999999999,0.0,1.0635000000000001,11,0.9090909090909091,2.381818181818182
Nick Piedmont,12,7,1,0.06013791274366793,0.0,0.0,0.0,0.0,0.0,0.0,0.0,0.0,Featherweight,35.8830242510699,0.4423076923076923,0.34482758620689663,0.8472731912582568,,0.0,0.0,0.0,0.0,20,0.6,4.12
Steve Hadsel,3,0,0,0.09773239623392123,0.0,0.0,0.0,0.0,0.0,0.0,0.0,0.0,Middleweight,39.515151515151516,0.5968489341983318,0.2758620689655172,0.9704433993977702,,0.0,0.0,0.0,0.0,3,1.0,0.8
Sho Patrick Usami,4,1,0,0.07518896698050656,0.0,0.0,0.0,0.0,0.0,0.0,0.0,0.0,Welterweight,24.0,0.4615384615384617,0.3103448275862067,0.8470722561051749,,0.0,0.0,0.0,0.0,5,0.8,1.1600000000000001
Miika Mehmet,3,5,0,0.15037793396101312,0.33,0.12,7.29,0.24,0.0,0.0,0.0,0.0,Light Heavyweight,41.277864992150704,0.6674641148325355,0.43297262375837825,1.250814672551927,,0.0,-0.9509999999999998,0.0,0.0,8,0.375,1.675
Marcus Silveira,6,4,0,0.20600716085399814,0.0,0.0,0.0,0.0,0.0,0.0,0.0,0.0,Heavyweight,44.17465753424658,0.7320261437908496,0.5172413793103448,1.4552746839551927,,0.0,0.0,0.0,0.0,10,0.6,2.12
Alan Hiro,14,5,4,0.045086858506829315,0.0,0.0,0.0,0.0,0.0,0.0,0.0,0.0,Featherweight,38.0,0.4423076923076923,0.17241379310344812,0.6598083439179697,,0.0,0.0,0.0,0.0,23,0.6086956521739131,4.721739130434783
Nick Sanzo,1,1,0,0.12780135260575523,0.0,0.0,0.0,0.0,0.0,0.0,0.0,0.0,Light Heavyweight,41.277864992150704,0.6674641148325355,0.3103448275862067,1.1056102950244975,,0.0,0.0,0.0,0.0,2,0.5,0.5
Donnie Chappell,0,1,0,0.10976660920302345,0.0,0.0,0.0,0.0,0.0,0.0,0.0,0.0,Middleweight,39.515151515151516,0.5968489341983318,0.3793103448275862,1.0859258882289415,,0.0,0.0,0.0,0.0,1,0.0,0.2
Jules Bruchez,1,2,0,0.15037793396101312,0.69,0.5,5.52,0.46,0.0,0.0,0.0,0.0,Light Heavyweight,47.0,0.6674641148325355,0.41379310344827575,1.2316351522418243,,0.0,-0.4865,0.0,0.0,3,0.3333333333333333,0.6666666666666667
Mike Ricci,11,5,0,0.07518896698050656,1.8,0.32,1.64,0.65,0.67,1.0,0.54,0.0,Welterweight,38.0,0.6923076923076921,0.41379310344827575,1.1812897627364745,4162.0,0.0,0.36550000000000005,0.0,0.8740000000000001,16,0.6875,3.3375000000000004
Keith Hackney,2,2,0,0.14285240684259382,0.0,0.0,0.0,0.0,0.0,0.0,0.0,0.0,Light Heavyweight,41.277864992150704,0.6674641148325355,0.3793103448275862,1.1896268665027154,,0.0,0.0,0.0,0.0,4,0.5,0.9
Bobby Lashley,15,2,0,0.22556690094151968,3.1,0.63,0.76,0.63,11.47,0.7,0.0,0.0,Heavyweight,48.0,0.7692307692307692,0.5172413793103448,1.5120390494826337,,0.0,0.8815000000000001,0.0,11.575000000000001,17,0.8823529411764706,3.5764705882352943
Matt Dwyer,9,4,0,0.09773239623392123,2.57,0.34,3.24,0.54,0.44,0.1,0.6,0.0,Middleweight,35.0,0.6923076923076921,0.5517241379310344,1.3417642264726477,3301.0,25.0,6.5555,0.0,0.515,13,0.6923076923076923,2.7384615384615385
James Gray,4,1,0,0.045086858506829315,2.61,0.5,18.26,0.44,0.0,0.0,0.0,0.0,Featherweight,37.0,0.4423076923076923,0.3103448275862067,0.7977393784007283,,0.0,-1.9205000000000003,0.0,0.0,5,0.8,1.1600000000000001
Robert Lucarelli,0,1,0,0.21051584670468107,0.0,0.0,0.0,0.0,0.0,0.0,0.0,0.0,Heavyweight,44.17465753424658,0.7320261437908496,0.48275862068965525,1.425300611185186,,0.0,0.0,0.0,0.0,1,0.0,0.2
Justin Bruckmann,7,3,0,0.09773239623392123,0.59,0.66,5.91,0.16,0.0,0.0,0.33,0.0,Middleweight,39.515151515151516,0.5968489341983318,0.3103448275862067,1.0049261580184599,,0.0,-0.583,0.0,0.033,10,0.7,2.14
Blair Tugman,10,6,0,0.045086858506829315,2.25,0.53,0.93,0.5,7.5,0.6,0.0,0.0,Featherweight,35.8830242510699,0.4423076923076923,0.41379310344827575,0.9011876542627973,,0.0,0.6039999999999999,0.0,7.59,16,0.625,3.325
Kaleo Kwan,11,16,0,0.07518896698050656,0.0,0.0,0.0,0.0,0.0,0.0,0.0,0.0,Welterweight,38.13361169102296,0.5218723584108196,0.24137931034482762,0.8384406357361538,,0.0,0.0,0.0,0.0,27,0.4074074074074074,5.481481481481482
Wang Guan,20,1,1,0.06013791274366793,4.73,0.43,3.27,0.6,0.0,0.0,0.0,0.0,Featherweight,38.0,0.5,0.3103448275862067,0.8704827403298746,2636.0,0.0,0.8680000000000003,0.0,0.0,22,0.9090909090909091,4.581818181818182
Damir Ismagulov,24,3,0,0.07518896698050656,3.36,0.42,2.44,0.61,1.0,0.28,0.7,0.0,Welterweight,34.0,0.6153846153846154,0.34482758620689663,1.0354011685720186,592.0,0.0,0.6494999999999999,0.0,1.112,27,0.8888888888888888,5.577777777777778
Tra Telligman,7,5,1,0.19248110330194934,1.83,0.35,3.02,0.56,0.87,1.0,0.8,0.0,Heavyweight,60.0,0.7320261437908496,0.48275862068965525,1.407265867782454,,0.0,0.15849999999999997,0.0,1.1,13,0.5384615384615384,2.707692307692308
DeMarco Villalona,1,3,0,0.12027582548733588,0.0,0.0,0.0,0.0,0.0,0.0,0.0,0.0,Light Heavyweight,41.277864992150704,0.6674641148325355,0.3103448275862067,1.0980847679060781,,0.0,0.0,0.0,0.0,4,0.25,0.8500000000000001
Luana Santos,6,1,0,0.045086858506829315,17.1,0.6,6.52,0.68,0.0,0.0,1.0,0.0,Featherweight,24.0,0.34615384615384626,0.20689655172413768,0.5981372563848133,179.0,25.0,9.769,0.25,0.1625,7,0.8571428571428571,1.5714285714285716
Muhammed Lawal,21,6,0,0.15037793396101312,3.79,0.52,1.61,0.66,5.96,0.75,0.87,0.0,Light Heavyweight,44.0,0.7692307692307692,0.41379310344827575,1.3334018066400581,,0.0,0.909,0.0,6.1594999999999995,27,0.7777777777777778,5.555555555555556
Raheam Forest,7,2,0,0.09773239623392123,5.32,0.38,12.15,0.42,0.0,0.0,0.0,0.0,Middleweight,27.0,0.5769230769230766,0.3793103448275862,1.053965817984584,,0.0,-0.3534999999999999,0.0,0.0,9,0.7777777777777778,1.9555555555555557
Calen Born,7,1,0,0.09773239623392123,0.0,0.0,0.0,0.0,0.0,0.0,0.0,0.0,Middleweight,36.0,0.5384615384615383,0.2758620689655172,0.9120560036609767,,0.0,0.0,0.0,0.0,8,0.875,1.7750000000000001
Thiago Perpetuo,9,4,1,0.09773239623392123,5.39,0.69,3.51,0.51,2.82,0.5,0.66,0.0,Middleweight,37.0,0.5968489341983318,0.34482758620689663,1.0394089166391498,3979.0,33.33333333333333,9.368833333333331,0.3333333333333333,3.0443333333333333,14,0.6428571428571429,2.928571428571429
Danilo Belluardo,12,5,0,0.07518896698050656,1.52,0.61,4.79,0.41,3.5,1.0,0.5,0.0,Welterweight,30.0,0.6153846153846154,0.41379310344827575,1.1043666858133978,1964.0,100.0,24.845000000000002,0.0,3.6999999999999997,17,0.7058823529411765,3.5411764705882356
Vincent Eazelle,9,2,0,0.07518896698050656,0.0,0.0,0.0,0.0,0.0,0.0,0.0,0.0,Welterweight,38.13361169102296,0.5218723584108196,0.3793103448275862,0.9763716702189124,,0.0,0.0,0.0,0.0,11,0.8181818181818182,2.3636363636363638
Azamat Murzakanov,13,0,0,0.15037793396101312,4.57,0.57,3.12,0.57,0.75,0.16,0.83,0.0,Light Heavyweight,35.0,0.5,0.34482758620689663,0.9952055201679098,193.0,75.0,19.624,0.0,0.857,13,1.0,2.8000000000000003
Chris Saunders,16,8,0,0.07518896698050656,1.48,0.22,2.96,0.75,3.7,1.0,0.0,0.0,Welterweight,38.13361169102296,0.5218723584108196,0.2758620689655172,0.8729233943568433,4639.0,0.0,0.08249999999999996,1.0,4.1,24,0.6666666666666666,4.9333333333333345
Daniel Jolly,5,3,0,0.15037793396101312,1.32,0.46,3.39,0.44,2.83,0.33,0.5,0.0,Light Heavyweight,40.0,0.6538461538461537,0.4482758620689653,1.2524999498761322,2930.0,100.0,24.979499999999998,0.0,2.9295,8,0.625,1.725
Felix Klinkhammer,7,0,0,0.09773239623392123,0.0,0.0,0.0,0.0,0.0,0.0,0.0,0.0,Middleweight,39.515151515151516,0.5968489341983318,0.41379310344827575,1.1083744338805288,,0.0,0.0,0.0,0.0,7,1.0,1.6
Oluwale Bamgbose,6,4,0,0.12027582548733588,2.45,0.48,2.7,0.55,0.94,0.33,0.37,0.0,Light Heavyweight,37.0,0.7692307692307692,0.3793103448275862,1.2688169395456912,2615.0,80.0,20.386,0.0,1.0265,10,0.6,2.12
Kevin Natividad,9,4,0,0.045086858506829315,2.68,0.34,4.29,0.47,3.66,0.5,0.83,0.0,Featherweight,31.0,0.4615384615384617,0.20689655172413768,0.7135218717694287,816.0,0.0,0.16500000000000004,0.0,3.8180000000000005,13,0.6923076923076923,2.7384615384615385
Yuji Hisamatsu,16,22,6,0.12027582548733588,0.0,0.0,0.0,0.0,0.0,0.0,0.0,0.0,Light Heavyweight,41.277864992150704,0.6674641148325355,0.34482758620689663,1.132567526526768,,0.0,0.0,0.0,0.0,44,0.36363636363636365,8.872727272727273
Mauricio Ruffy,9,1,0,0.09773239623392123,4.75,0.58,4.07,0.58,0.0,0.0,1.0,0.0,Middleweight,28.0,0.6538461538461537,0.3793103448275862,1.1308888949076612,88.0,50.0,13.28,0.0,0.1,10,0.9,2.18
Themba Gorimbo,11,4,0,0.09773239623392123,1.8,0.59,1.71,0.42,3.47,0.5,0.66,0.0,Middleweight,34.0,0.7307692307692308,0.4482758620689653,1.2767774890721175,67.0,16.666666666666664,4.541166666666666,0.3333333333333333,3.6943333333333337,15,0.7333333333333333,3.1466666666666665
Toshiomi Kazama,10,4,0,0.045086858506829315,2.22,0.54,3.94,0.45,1.51,0.13,0.66,0.0,Featherweight,27.0,0.4230769230769229,0.24137931034482762,0.7095430919285799,186.0,66.66666666666666,16.806166666666662,0.3333333333333333,1.6788333333333334,14,0.7142857142857143,2.942857142857143
Peter Barrett,11,5,0,0.06013791274366793,4.18,0.61,4.32,0.42,1.39,0.22,0.66,0.0,Featherweight,38.0,0.5769230769230766,0.34482758620689663,0.9818885758736412,1523.0,0.0,0.5819999999999997,0.0,1.4889999999999999,16,0.6875,3.3375000000000004
Josh Appelt,15,7,0,0.22556690094151968,1.35,0.4,11.5,0.32,0.0,0.0,0.33,0.0,Heavyweight,41.0,0.7320261437908496,0.34482758620689663,1.3024206309392659,,0.0,-1.2594999999999998,0.0,0.033,22,0.6818181818181818,4.536363636363637
Murtaza Talha,6,1,0,0.15037793396101312,4.91,0.58,8.29,0.3,0.0,0.0,1.0,0.0,Light Heavyweight,28.0,0.6153846153846154,0.41379310344827575,1.1795556527939044,,0.0,0.14500000000000024,0.0,0.1,7,0.8571428571428571,1.5714285714285716
Solomon Renfro,8,2,0,0.09773239623392123,5.2,0.44,3.53,0.61,2.0,0.5,1.0,0.0,Middleweight,28.0,0.5384615384615383,0.3103448275862067,0.9465387622816662,,0.0,0.9500000000000001,0.0,2.1750000000000003,10,0.8,2.16
Roberta Rovel,4,1,0,0.06013791274366793,0.87,0.46,3.0,0.26,0.0,0.0,1.0,0.0,Featherweight,35.8830242510699,0.4423076923076923,0.2758620689655172,0.7783076740168774,,0.0,-0.10149999999999998,0.0,0.1,5,0.8,1.1600000000000001
Victor Jones,1,3,0,0.06013791274366793,0.0,0.0,0.0,0.0,0.0,0.0,0.0,0.0,Featherweight,35.8830242510699,0.4423076923076923,0.2688069758224335,0.7712525808737938,,0.0,0.0,0.0,0.0,4,0.25,0.8500000000000001
Dave Terrel,7,7,0,0.09773239623392123,2.62,0.43,2.8,0.48,3.28,0.38,1.0,0.0,Middleweight,46.0,0.5968489341983318,0.2758620689655172,0.9704433993977702,,0.0,0.39299999999999996,0.0,3.437,14,0.5,2.9000000000000004
Guilherme Vasconcelos,9,4,0,0.12027582548733588,3.27,0.29,4.4,0.7,0.0,0.0,0.0,0.0,Light Heavyweight,38.0,0.6674641148325355,0.41379310344827575,1.2015330437681473,3875.0,0.0,0.3204999999999999,0.0,0.0,13,0.6923076923076923,2.7384615384615385
Scott Norton,7,1,0,0.09773239623392123,0.67,0.3,0.34,0.6,2.52,0.25,0.0,0.0,Middleweight,51.0,0.5968489341983318,0.34482758620689663,1.0394089166391498,,0.0,0.2665,0.0,2.5575,8,0.875,1.7750000000000001
Acacio Dos Santos,14,5,0,0.15037793396101312,1.27,0.41,1.4,0.43,0.0,0.0,0.31,0.0,Light Heavyweight,33.0,0.8076923076923075,0.5517241379310344,1.509794379584355,,0.0,0.254,0.0,0.031,19,0.7368421052631579,3.947368421052632
Matt Foki,5,4,0,0.1729213632144278,0.0,0.0,3.37,0.56,0.0,0.0,0.0,0.0,Heavyweight,44.17465753424658,0.7320261437908496,0.24137931034482762,1.146326817350105,,0.0,-0.42149999999999993,0.0,0.0,9,0.5555555555555556,1.9111111111111112
Michael Lombardo,11,2,0,0.09773239623392123,1.47,0.62,2.63,0.31,2.5,0.21,0.6,0.0,Middleweight,34.0,0.5384615384615383,0.41379310344827575,1.0499870381437353,,0.0,0.14350000000000007,0.0,2.5915,13,0.8461538461538461,2.769230769230769
Delson Heleno,29,10,0,0.12027582548733588,0.69,0.75,4.83,0.19,0.0,0.0,0.0,0.0,Light Heavyweight,47.0,0.6674641148325355,0.3793103448275862,1.1670502851474576,4617.0,100.0,24.6265,0.0,0.0,39,0.7435897435897436,7.94871794871795
Jack Jenkins,12,3,0,0.06013791274366793,4.43,0.61,3.07,0.59,2.56,0.69,0.75,0.0,Featherweight,31.0,0.3846153846153846,0.24137931034482762,0.6861326077038801,179.0,25.0,7.1075,0.0,2.7385,15,0.8,3.16
Fred Ettish,1,1,0,0.11278345047075986,0.0,0.0,0.0,0.0,0.0,0.0,0.0,0.0,Middleweight,39.515151515151516,0.5968489341983318,0.41379310344827575,1.1234254881173675,,0.0,0.0,0.0,0.0,2,0.5,0.5
Kim In Seok,3,6,0,0.06013791274366793,0.87,0.37,5.19,0.6,0.0,0.0,0.0,0.0,Featherweight,35.8830242510699,0.4423076923076923,0.20689655172413768,0.7093421567754978,,0.0,-0.39700000000000013,0.0,0.0,9,0.3333333333333333,1.8666666666666667
Mike Wessel,15,8,0,0.23305927595809578,1.82,0.56,6.43,0.22,6.29,0.5,0.0,0.0,Heavyweight,47.0,0.7320261437908496,0.41379310344827575,1.3788785231972212,,0.0,-0.3644999999999998,0.0,6.365,23,0.6521739130434783,4.730434782608696
Dave Cochran,26,29,1,0.07518896698050656,0.0,0.0,0.0,0.0,0.0,0.0,0.0,0.0,Welterweight,38.13361169102296,0.5218723584108196,0.20689655172413768,0.8039578771154638,,0.0,0.0,0.0,0.0,56,0.4642857142857143,11.292857142857144
Jermaine Andre,14,4,0,0.14285240684259382,0.0,0.0,0.0,0.0,0.0,0.0,0.0,0.0,Light Heavyweight,41.277864992150704,0.6674641148325355,0.24137931034482762,1.051695832019957,,0.0,0.0,0.0,0.0,18,0.7777777777777778,3.7555555555555555
Dustin West,6,6,0,0.09773239623392123,0.0,0.0,0.0,0.0,0.0,0.0,0.0,0.0,Middleweight,39.515151515151516,0.5968489341983318,0.3793103448275862,1.0738916752598393,,0.0,0.0,0.0,0.0,12,0.5,2.5000000000000004
Rob Wilkinson,11,2,0,0.12027582548733588,2.74,0.5,5.66,0.39,4.47,0.25,0.0,0.0,Light Heavyweight,32.0,0.8461538461538458,0.5172413793103448,1.4836710509515263,2559.0,100.0,24.9945,0.0,4.507499999999999,13,0.8461538461538461,2.769230769230769
Royce Alger,3,2,0,0.141327410157804,0.0,0.0,0.0,0.0,0.0,0.0,0.0,0.0,Light Heavyweight,41.277864992150704,0.6674641148325355,0.34482758620689663,1.1536191111972363,,0.0,0.0,0.0,0.0,5,0.6,1.12
Tommy Lee,25,6,0,0.06013791274366793,0.0,0.0,0.3,0.75,4.57,0.33,0.0,0.0,Featherweight,48.0,0.4423076923076923,0.24137931034482762,0.7438249153961878,,0.0,0.06749999999999999,0.0,4.6195,31,0.8064516129032258,6.361290322580645
Gugun Gusman,8,4,0,0.045086858506829315,0.88,0.27,6.18,0.41,0.0,0.0,0.33,0.0,Featherweight,34.0,0.3846153846153846,0.24137931034482762,0.6710815534670416,,0.0,-0.5914999999999999,0.0,0.033,12,0.6666666666666666,2.5333333333333337
Ryan Janes,10,3,0,0.12027582548733588,7.69,0.48,5.53,0.59,0.35,1.0,0.58,0.0,Light Heavyweight,43.0,0.6923076923076921,0.5172413793103448,1.3298248971053725,2630.0,25.0,7.527499999999999,0.25,0.6205,13,0.7692307692307693,2.753846153846154
Caio Machado,8,2,1,0.21804137382310043,6.57,0.64,1.87,0.64,0.0,0.0,0.82,0.0,Heavyweight,30.0,0.7692307692307692,0.5517241379310344,1.5389962809849038,102.0,0.0,1.5860000000000003,0.0,0.082,11,0.7272727272727273,2.3454545454545457
Julia Budd,10,2,0,0.06013791274366793,2.42,0.74,1.18,0.47,3.6,0.57,0.83,0.0,Featherweight,35.8830242510699,0.34615384615384626,0.24137931034482762,0.6476710692423417,,0.0,0.6465000000000001,0.0,3.7685000000000004,12,0.8333333333333334,2.566666666666667
Tina Lahdemaki,5,1,0,0.01501790213499534,1.93,0.2,4.67,0.57,0.0,0.0,0.16,0.0,Strawweight,36.0,0.21923076923076928,0.0689655172413791,0.3032141886071437,3864.0,0.0,-0.09250000000000003,0.0,0.016,6,0.8333333333333334,1.366666666666667
Eric Jacob,1,9,0,0.07518896698050656,0.0,0.0,0.0,0.0,0.0,0.0,0.0,0.0,Welterweight,38.13361169102296,0.5218723584108196,0.3329867729451857,0.9300480983365118,,0.0,0.0,0.0,0.0,10,0.1,2.02
Antonio Jones,6,1,0,0.12027582548733588,7.5,0.55,30.0,0.42,0.0,0.0,0.0,0.0,Light Heavyweight,39.0,0.6674641148325355,0.3793103448275862,1.1670502851474576,,0.0,-2.452,0.0,0.0,7,0.8571428571428571,1.5714285714285716
Morgan Charriere,19,9,1,0.06013791274366793,6.75,0.53,2.34,0.78,0.0,0.0,0.0,0.0,Featherweight,29.0,0.4230769230769229,0.2758620689655172,0.759076904786108,137.0,66.66666666666666,18.226166666666664,0.0,0.0,29,0.6551724137931034,5.931034482758621
Travis Fulton,253,53,10,0.20299031958626176,0.0,0.0,0.0,0.0,0.0,0.0,0.0,0.0,Heavyweight,47.0,0.7320261437908496,0.41379310344827575,1.3488095668253872,,0.0,0.0,0.0,0.0,316,0.8006329113924051,63.36012658227848
Tim Gorman,9,4,0,0.045086858506829315,2.73,0.31,5.57,0.46,1.0,0.09,0.33,0.0,Featherweight,41.0,0.4423076923076923,0.17241379310344812,0.6598083439179697,3749.0,0.0,-0.02200000000000013,0.0,1.0465,13,0.6923076923076923,2.7384615384615385
Raimond Magomedaliev,10,2,0,0.09773239623392123,4.07,0.41,4.75,0.41,0.0,0.0,0.0,0.0,Middleweight,34.0,0.6538461538461537,0.4482758620689653,1.1998544121490404,,0.0,0.4485,0.0,0.0,12,0.8333333333333334,2.566666666666667
Anthony Figueroa,11,8,1,0.045086858506829315,2.37,0.48,3.77,0.49,0.0,0.0,0.58,0.0,Featherweight,35.8830242510699,0.4423076923076923,0.1379310344827586,0.6253255852972802,,0.0,0.1965,0.0,0.057999999999999996,20,0.55,4.11
Tim Williams,15,5,0,0.12027582548733588,3.07,0.38,3.55,0.48,1.81,0.4,1.0,0.0,Light Heavyweight,38.0,0.6923076923076921,0.48275862068965525,1.295342138484683,2363.0,100.0,25.383000000000003,0.0,1.9700000000000002,20,0.75,4.15
Sterling Ford,15,7,0,0.07518896698050656,0.0,0.0,0.0,0.0,0.0,0.0,0.0,0.0,Welterweight,38.13361169102296,0.5218723584108196,0.34482758620689663,0.9418889115982227,,0.0,0.0,0.0,0.0,22,0.6818181818181818,4.536363636363637
Vince Murdock,12,4,0,0.06013791274366793,1.21,0.21,7.17,0.4,0.0,0.0,0.0,0.0,Featherweight,33.0,0.23076923076923084,0.20689655172413768,0.49780369523703644,,0.0,-0.6709999999999999,0.0,0.0,16,0.75,3.35
Nick Gonzalez,17,12,0,0.07518896698050656,0.59,0.2,2.35,0.33,0.0,0.0,0.5,0.0,Welterweight,43.0,0.5218723584108196,0.20689655172413768,0.8039578771154638,,0.0,-0.11549999999999999,0.0,0.05,29,0.5862068965517241,5.9172413793103456
Ron Faircloth,33,20,0,0.15037793396101312,0.39,0.4,8.9,0.42,0.0,0.0,0.0,0.0,Light Heavyweight,45.0,0.6674641148325355,0.3103448275862067,1.1281868763797553,,0.0,-1.0945,0.0,0.0,53,0.6226415094339622,10.724528301886794
Sheila Gaff,9,7,0,0.045086858506829315,1.6,0.5,2.89,0.28,0.0,0.0,0.2,0.0,Featherweight,35.0,0.4423076923076923,0.17241379310344812,0.6598083439179697,4211.0,100.0,25.108500000000003,0.0,0.020000000000000004,16,0.5625,3.3125
Taylor Johnson,5,1,0,0.12027582548733588,5.09,0.6,1.13,0.33,8.49,1.0,1.0,0.0,Light Heavyweight,34.0,0.6153846153846154,0.41379310344827575,1.149453544320227,,0.0,1.2725000000000002,0.0,8.74,6,0.8333333333333334,1.366666666666667
Ernest Chavez,10,2,0,0.06013791274366793,2.79,0.4,3.89,0.59,0.89,0.33,0.5,0.0,Featherweight,41.0,0.4615384615384617,0.2758620689655172,0.7975384432476468,3784.0,33.33333333333333,8.615833333333331,0.3333333333333333,1.0728333333333333,12,0.8333333333333334,2.566666666666667
Arjan Bhullar,9,1,0,0.21051584670468107,2.33,0.56,3.25,0.59,1.73,0.75,1.0,0.0,Heavyweight,38.0,0.6538461538461537,0.4482758620689653,1.3126378626198,2111.0,0.0,0.29550000000000004,0.25,2.005,10,0.9,2.18
Koya Kanda,12,5,0,0.06013791274366793,3.63,0.41,2.9,0.53,2.0,0.18,1.0,0.0,Featherweight,29.0,0.6538461538461537,0.3103448275862067,1.0243288941760285,,0.0,0.6339999999999999,0.0,2.1270000000000002,17,0.7058823529411765,3.5411764705882356
Bobby Voelker,19,13,0,0.09773239623392123,4.01,0.35,5.84,0.42,1.04,0.5,0.66,0.0,Middleweight,45.0,0.6153846153846154,0.41379310344827575,1.1269101150668124,3903.0,25.0,6.5095,0.0,1.181,32,0.59375,6.518750000000001
Corinne Laframboise,8,4,0,0.030068956371833978,0.0,0.0,0.0,0.0,0.0,0.0,0.0,0.0,Flyweight,33.27091633466136,0.34781884781884764,0.1997023071198213,0.5775901113105029,,0.0,0.0,0.0,0.0,12,0.6666666666666666,2.5333333333333337
Miranda Granger,7,3,0,0.01501790213499534,2.79,0.47,2.57,0.57,0.0,0.0,0.33,0.0,Strawweight,32.0,0.3846153846153846,0.24137931034482762,0.6410125970952075,921.0,0.0,0.49150000000000005,0.5,0.158,10,0.7,2.14
Cody East,12,3,0,0.21051584670468107,4.15,0.43,7.32,0.4,3.97,1.0,0.16,0.0,Heavyweight,36.0,0.7320261437908496,0.5172413793103448,1.4597833698058755,3056.0,100.0,25.0855,0.0,4.136,15,0.8,3.16
Stevie Lynch,5,2,0,0.09773239623392123,2.47,0.25,7.06,0.41,0.0,0.0,0.0,0.0,Middleweight,39.515151515151516,0.5968489341983318,0.34482758620689663,1.0394089166391498,,0.0,-0.32999999999999985,0.0,0.0,7,0.7142857142857143,1.542857142857143
Israel Giron,19,5,0,0.07518896698050656,0.0,0.0,0.0,0.0,0.0,0.0,0.0,0.0,Welterweight,38.13361169102296,0.5218723584108196,0.2758620689655172,0.8729233943568433,,0.0,0.0,0.0,0.0,24,0.7916666666666666,4.958333333333334
Jeri Sitzes,3,1,0,0.030068956371833978,0.0,0.0,0.0,0.0,0.0,0.0,0.0,0.0,Flyweight,33.27091633466136,0.34781884781884764,0.17241379310344812,0.5503015972941298,,0.0,0.0,0.0,0.0,4,0.75,0.9500000000000001
Reyes Cortez Jr.,7,3,0,0.045086858506829315,4.1,0.45,7.43,0.52,1.5,0.11,1.0,0.0,Featherweight,32.0,0.3846153846153846,0.24137931034482762,0.6710815534670416,,0.0,0.07850000000000024,0.0,1.6165,10,0.7,2.14
Brady Huang,11,2,0,0.045086858506829315,4.62,0.37,10.77,0.3,0.0,0.0,0.0,0.0,Featherweight,32.0,0.4230769230769229,0.3103448275862067,0.7785086091699589,,0.0,-0.3414999999999999,0.0,0.0,13,0.8461538461538461,2.769230769230769
Zhang Mingyang,16,6,0,0.15037793396101312,8.86,0.56,5.57,0.59,0.0,0.0,0.0,0.0,Light Heavyweight,26.0,0.6538461538461537,0.48275862068965525,1.2869827084968222,81.0,100.0,26.580000000000002,0.0,0.0,22,0.7272727272727273,4.545454545454546
Travis Calanoc,5,1,0,0.06013791274366793,0.0,0.0,0.0,0.0,0.0,0.0,0.0,0.0,Featherweight,35.8830242510699,0.4423076923076923,0.2758620689655172,0.7783076740168774,,0.0,0.0,0.0,0.0,6,0.8333333333333334,1.366666666666667
Joachim Christensen,14,6,0,0.15037793396101312,3.78,0.41,3.29,0.46,0.0,0.0,0.0,0.0,Light Heavyweight,46.0,0.6923076923076921,0.5172413793103448,1.35992700557905,2832.0,33.33333333333333,8.935833333333333,0.6666666666666666,0.16666666666666666,20,0.7,4.14
Bubba Bush,8,3,0,0.12027582548733588,0.63,0.55,7.01,0.25,2.82,0.5,0.6,0.0,Light Heavyweight,39.0,0.6674641148325355,0.41379310344827575,1.2015330437681473,3399.0,100.0,24.2535,0.0,2.955,11,0.7272727272727273,2.3454545454545457
Justin Robbins,14,18,1,0.045086858506829315,0.67,0.37,3.2,0.47,0.0,0.0,0.0,0.0,Featherweight,35.8830242510699,0.4423076923076923,0.17241379310344812,0.6598083439179697,,0.0,-0.16799999999999998,0.0,0.0,33,0.42424242424242425,6.6848484848484855
Baru Harn,1,2,0,0.24058480307651503,0.0,0.0,0.0,0.0,0.0,0.0,0.0,0.0,Heavyweight,44.17465753424658,0.7320261437908496,0.4813494694960208,1.4539604163633855,,0.0,0.0,0.0,0.0,3,0.3333333333333333,0.6666666666666667
Rainn Guerrero,5,2,0,0.030068956371833978,0.65,0.33,0.87,0.5,3.27,1.0,0.0,0.0,Flyweight,32.0,0.26923076923076916,0.20689655172413768,0.5061962773267408,,0.0,0.173,0.0,3.42,7,0.7142857142857143,1.542857142857143
Angel De Anda,18,6,0,0.1804468903328471,5.68,0.46,6.32,0.47,0.0,0.0,0.0,0.0,Heavyweight,39.0,0.7320261437908496,0.3103448275862067,1.2228178617099035,,0.0,0.6345000000000001,0.0,0.0,24,0.75,4.950000000000001
Tokimitsu Ishizawa,1,5,1,0.12027582548733588,1.34,0.3,2.99,0.59,2.74,0.18,0.0,0.0,Light Heavyweight,56.0,0.6674641148325355,0.41379310344827575,1.2015330437681473,,0.0,0.03500000000000003,0.0,2.7670000000000003,7,0.14285714285714285,1.4285714285714286
Alatengheili,16,9,2,0.045086858506829315,2.88,0.33,5.03,0.58,1.82,0.4,0.72,0.0,Featherweight,33.0,0.3076923076923075,0.17241379310344812,0.5251929593025849,270.0,25.0,6.3685,0.0,1.9520000000000002,27,0.5925925925925926,5.518518518518519
Austin Lingo,9,3,0,0.06013791274366793,3.86,0.37,4.86,0.57,0.43,0.66,0.75,0.0,Featherweight,30.0,0.4615384615384617,0.34482758620689663,0.8665039604890262,578.0,0.0,0.39549999999999985,0.2,0.6540000000000001,12,0.75,2.5500000000000003
Ben Sosoli,7,3,0,0.24058480307651503,2.31,0.31,4.3,0.47,0.0,0.0,0.0,0.0,Heavyweight,35.0,0.5384615384615383,0.41379310344827575,1.192839444986329,1817.0,0.0,0.06500000000000006,0.0,0.0,10,0.7,2.14
Greg Stott,0,1,0,0.1729213632144278,0.0,0.0,0.0,0.0,0.0,0.0,0.0,0.0,Heavyweight,44.17465753424658,0.7320261437908496,0.24137931034482762,1.146326817350105,,0.0,0.0,0.0,0.0,1,0.0,0.2
Dennis Bryant,5,2,0,0.15037793396101312,10.56,0.59,10.56,0.13,0.0,0.0,0.0,0.0,Light Heavyweight,39.0,0.6674641148325355,0.41379310344827575,1.2316351522418243,,0.0,1.1934999999999998,0.0,0.0,7,0.7142857142857143,1.542857142857143
Pat Schilling,5,2,0,0.06013791274366793,1.87,0.26,8.24,0.52,0.0,0.0,0.0,0.0,Featherweight,36.0,0.4423076923076923,0.2758620689655172,0.7783076740168774,4639.0,0.0,-0.6385,0.5,0.125,7,0.7142857142857143,1.542857142857143
Sean Alvarez,4,3,0,0.19546479246784249,0.89,0.37,3.25,0.47,0.0,0.0,0.0,0.0,Heavyweight,53.0,0.7320261437908496,0.41379310344827575,1.3412840397069679,,0.0,-0.1205,0.0,0.0,7,0.5714285714285714,1.5142857142857145
Chuck Liddell,21,8,0,0.15037793396101312,2.97,0.35,2.71,0.56,0.44,0.75,0.81,0.0,Light Heavyweight,55.0,0.6923076923076921,0.48275862068965525,1.3254442469583605,5359.0,100.0,25.49,0.0,0.6335,29,0.7241379310344828,5.944827586206897
Eric Castile,3,2,0,0.06013791274366793,0.0,0.0,0.0,0.0,0.0,0.0,0.0,0.0,Featherweight,35.8830242510699,0.4423076923076923,0.2758620689655172,0.7783076740168774,,0.0,0.0,0.0,0.0,5,0.6,1.12
David Marshall,8,4,0,0.09773239623392123,0.0,0.0,0.0,0.0,0.0,0.0,0.0,0.0,Middleweight,39.515151515151516,0.5968489341983318,0.48275862068965525,1.1773399511219083,,0.0,0.0,0.0,0.0,12,0.6666666666666666,2.5333333333333337
Jose Torres,8,1,0,0.030068956371833978,4.37,0.36,9.84,0.5,1.28,0.33,0.75,0.0,Flyweight,32.0,0.26923076923076916,0.1379310344827586,0.43723076008536177,2384.0,100.0,24.7635,0.0,1.4045,9,0.8888888888888888,1.9777777777777779
Jay Bogan,6,6,0,0.06013791274366793,0.0,0.0,0.0,0.0,0.0,0.0,0.0,0.0,Featherweight,35.8830242510699,0.4423076923076923,0.2688069758224335,0.7712525808737938,,0.0,0.0,0.0,0.0,12,0.5,2.5000000000000004
Leigh Remedios,18,10,2,0.07518896698050656,0.75,0.41,1.36,0.68,0.0,0.0,0.33,0.0,Welterweight,49.0,0.5218723584108196,0.24137931034482762,0.8384406357361538,,0.0,0.16750000000000004,0.0,0.033,30,0.6,6.12
Melinda Fabian,4,4,2,0.030068956371833978,4.03,0.41,4.0,0.62,0.0,0.0,1.0,0.0,Flyweight,37.0,0.3076923076923075,0.20689655172413768,0.5446578157882791,2426.0,0.0,0.5825000000000001,0.0,0.1,10,0.4,2.08
Junior Barata,9,3,1,0.09773239623392123,4.03,0.33,8.46,0.34,0.0,0.0,0.0,0.0,Middleweight,43.0,0.5968489341983318,0.34482758620689663,1.0394089166391498,,0.0,-0.14450000000000007,0.0,0.0,13,0.6923076923076923,2.7384615384615385
Brian Geraghty,26,18,1,0.07518896698050656,0.47,0.25,9.77,0.36,0.0,0.0,0.5,0.0,Welterweight,44.0,0.5218723584108196,0.24137931034482762,0.8384406357361538,,0.0,-1.2439999999999998,0.0,0.05,45,0.5777777777777777,9.115555555555556
Daniel Santos,12,2,0,0.045086858506829315,4.26,0.37,5.12,0.5,1.9,0.5,0.73,0.0,Featherweight,29.0,0.34615384615384626,0.24137931034482762,0.6326200150055032,620.0,33.33333333333333,8.779333333333332,0.0,2.048,14,0.8571428571428571,2.9714285714285715
Daniel Schmitt,2,3,0,0.12027582548733588,0.0,0.0,0.0,0.0,0.0,0.0,0.0,0.0,Light Heavyweight,41.277864992150704,0.6674641148325355,0.43297262375837825,1.2207125640782497,,0.0,0.0,0.0,0.0,5,0.4,1.08
Jon Madsen,8,2,0,0.20299031958626176,2.46,0.41,1.18,0.81,1.32,0.71,0.7,0.0,Heavyweight,45.0,0.5384615384615383,0.41379310344827575,1.1552449614960758,5072.0,25.0,6.891500000000001,0.0,1.4965000000000002,10,0.8,2.16
Min Soo Kim,3,7,0,0.22556690094151968,0.87,1.0,3.48,0.2,0.0,0.0,0.0,0.0,Heavyweight,50.0,0.7320261437908496,0.4482758620689653,1.4058689068013346,,0.0,-0.07450000000000001,0.0,0.0,10,0.3,2.06
Jamie Houston,3,0,0,0.12027582548733588,0.0,0.0,0.0,0.0,0.0,0.0,0.0,0.0,Light Heavyweight,41.277864992150704,0.6674641148325355,0.43297262375837825,1.2207125640782497,,0.0,0.0,0.0,0.0,3,1.0,0.8
Michael Patt,12,4,0,0.15037793396101312,1.65,0.28,5.53,0.55,0.0,0.0,0.0,0.0,Light Heavyweight,41.277864992150704,0.6674641148325355,0.41379310344827575,1.2316351522418243,,0.0,-0.2785000000000001,0.0,0.0,16,0.75,3.35
Greg Hardy,7,5,0,0.24058480307651503,4.79,0.5,3.31,0.55,0.2,0.33,0.64,0.0,Heavyweight,36.0,0.8461538461538458,0.5862068965517243,1.6729455457820852,1075.0,44.44444444444444,11.994611111111112,0.0,0.3135,12,0.5833333333333334,2.516666666666667
Kevin Engel,5,1,0,0.09773239623392123,0.0,0.0,0.0,0.0,0.0,0.0,0.0,0.0,Middleweight,39.515151515151516,0.5968489341983318,0.48275862068965525,1.1773399511219083,,0.0,0.0,0.0,0.0,6,0.8333333333333334,1.366666666666667
Karen Darabedyan,13,6,0,0.07518896698050656,3.43,0.51,2.62,0.67,2.14,0.75,0.0,0.0,Welterweight,38.0,0.3846153846153846,0.24137931034482762,0.7011836619407188,,0.0,0.667,0.0,2.2525,19,0.6842105263157895,3.936842105263158
Sean Soriano,14,8,0,0.06013791274366793,3.18,0.61,2.14,0.56,1.33,0.55,0.52,0.0,Featherweight,35.0,0.4615384615384617,0.3103448275862067,0.8320212018683363,1180.0,0.0,0.6800000000000002,0.4,1.5645000000000002,22,0.6363636363636364,4.527272727272727
Jason Young,9,6,0,0.06013791274366793,2.97,0.37,3.2,0.5,1.98,0.66,0.55,0.0,Featherweight,38.0,0.5769230769230766,0.3103448275862067,0.9474058172529513,4519.0,25.0,6.6615,0.0,2.1340000000000003,15,0.6,3.12
Melvin Manhoef,30,14,1,0.12027582548733588,3.52,0.48,2.64,0.51,0.33,0.25,0.78,0.0,Light Heavyweight,48.0,0.6674641148325355,0.3103448275862067,1.0980847679060781,,0.0,0.6565,0.0,0.4455,45,0.6666666666666666,9.133333333333333
Henry Corrales,13,3,0,0.06013791274366793,4.12,0.41,5.84,0.55,0.0,0.0,0.69,0.0,Featherweight,35.8830242510699,0.4423076923076923,0.3103448275862067,0.8127904326375669,,0.0,0.3185000000000001,0.0,0.06899999999999999,16,0.8125,3.3625000000000003
Yorgan De Castro,6,3,0,0.21804137382310043,2.46,0.43,3.85,0.53,0.0,0.0,0.77,0.0,Heavyweight,38.0,0.6153846153846154,0.41379310344827575,1.2472190926559916,1404.0,25.0,6.453,0.0,0.07700000000000001,9,0.6666666666666666,1.9333333333333333
Tatsuya Iwasaki,0,1,0,0.15037793396101312,0.79,1.0,8.68,0.38,0.0,0.0,0.0,0.0,Light Heavyweight,41.277864992150704,0.6674641148325355,0.3103448275862067,1.1281868763797553,,0.0,-0.8474999999999998,0.0,0.0,1,0.0,0.2
Rhadi Ferguson,3,0,0,0.15037793396101312,0.0,0.0,0.0,0.0,0.0,0.0,0.0,0.0,Light Heavyweight,41.277864992150704,0.6674641148325355,0.24137931034482762,1.0592213591383763,,0.0,0.0,0.0,0.0,3,1.0,0.8
Linton Vassell,18,5,0,0.15037793396101312,3.39,0.37,2.13,0.54,2.46,0.5,0.5,0.0,Light Heavyweight,41.277864992150704,0.6674641148325355,0.5517241379310344,1.369566186724583,,0.0,0.683,0.0,2.585,23,0.782608695652174,4.756521739130435
Anthony Adams,8,2,0,0.12027582548733588,3.17,0.41,5.93,0.44,0.0,0.0,0.0,0.0,Light Heavyweight,37.0,0.6923076923076921,0.4482758620689653,1.260859379863993,,0.0,0.050999999999999934,0.0,0.0,10,0.8,2.16
Sherman Pendergarst,11,18,0,0.19546479246784249,1.23,0.36,3.08,0.16,4.62,1.0,0.0,0.0,Heavyweight,57.0,0.7320261437908496,0.4482758620689653,1.3757667983276574,,0.0,-0.05849999999999994,0.0,4.7700000000000005,29,0.3793103448275862,5.875862068965518
JP Felty,4,5,0,0.09773239623392123,0.0,0.0,0.0,0.0,0.0,0.0,0.0,0.0,Middleweight,39.515151515151516,0.5968489341983318,0.3835561420620804,1.0781374724943333,,0.0,0.0,0.0,0.0,9,0.4444444444444444,1.8888888888888888
Geronimo dos Santos,39,19,0,0.2390929584935685,1.09,0.33,8.73,0.41,0.0,0.0,0.33,0.0,Heavyweight,44.0,0.7320261437908496,0.5172413793103448,1.4883604815947629,,0.0,-0.9095000000000001,0.0,0.033,58,0.6724137931034483,11.734482758620691
Bogdan Grad,11,2,0,0.07518896698050656,1.45,0.5,9.4,0.45,0.0,0.0,0.0,0.0,Welterweight,29.0,0.4615384615384617,0.2758620689655172,0.8125894974844854,,0.0,-0.8799999999999999,0.0,0.0,13,0.8461538461538461,2.769230769230769
Sean Loeffler,31,5,0,0.12027582548733588,0.0,0.0,0.0,0.0,0.0,0.0,0.0,0.0,Light Heavyweight,42.0,0.6674641148325355,0.5172413793103448,1.3049813196302162,,0.0,0.0,0.0,0.0,36,0.8611111111111112,7.372222222222223
Josh Wick,12,6,0,0.07518896698050656,0.65,0.6,6.52,0.41,0.0,0.0,0.8,0.0,Welterweight,30.0,0.4230769230769229,0.3103448275862067,0.8086107176436361,,0.0,-0.6339999999999999,0.0,0.08000000000000002,18,0.6666666666666666,3.7333333333333334
Tim Stout,12,10,0,0.12027582548733588,0.0,0.0,0.0,0.0,0.0,0.0,0.0,0.0,Light Heavyweight,41.277864992150704,0.6674641148325355,0.3793103448275862,1.1670502851474576,,0.0,0.0,0.0,0.0,22,0.5454545454545454,4.50909090909091
Roberto Traven,6,4,1,0.18346373160058346,0.92,0.5,2.77,0.57,0.0,0.0,0.0,0.0,Heavyweight,56.0,0.7320261437908496,0.5172413793103448,1.4327312547017779,,0.0,0.0,0.0,0.0,11,0.5454545454545454,2.309090909090909
Kyle Prepolec,12,7,0,0.09773239623392123,3.2,0.34,4.7,0.54,0.0,0.0,0.4,0.0,Middleweight,35.0,0.4615384615384617,0.34482758620689663,0.9040984439792795,1978.0,0.0,0.2440000000000001,0.0,0.04000000000000001,19,0.631578947368421,3.9263157894736844
Jack Marshman,23,10,0,0.12027582548733588,2.74,0.25,4.19,0.56,0.0,0.0,0.2,0.0,Light Heavyweight,35.0,0.5769230769230766,0.41379310344827575,1.1109920058586882,1565.0,25.0,6.4405,0.25,0.0825,33,0.696969696969697,6.73939393939394
Aleksa Camur,6,3,0,0.15037793396101312,4.73,0.57,4.26,0.54,0.46,0.22,0.5,0.0,Light Heavyweight,29.0,0.6153846153846154,0.4482758620689653,1.214038411414594,557.0,0.0,0.7385,0.0,0.543,9,0.6666666666666666,1.9333333333333333
Chris Manuel,9,7,2,0.045086858506829315,2.53,0.4,2.67,0.66,1.0,0.2,1.0,0.0,Featherweight,37.0,0.4423076923076923,0.3103448275862067,0.7977393784007283,,0.0,0.4109999999999999,0.0,1.1300000000000001,18,0.5,3.7
Ian Garry,13,0,0,0.09773239623392123,6.67,0.56,3.58,0.53,0.67,0.75,0.69,0.0,Middleweight,27.0,0.6153846153846154,0.5172413793103448,1.2303583909288816,956.0,33.33333333333333,9.655333333333331,0.0,0.8514999999999999,13,1.0,2.8000000000000003
Harvey Park,12,3,0,0.07518896698050656,3.77,0.5,7.21,0.33,0.0,0.0,0.0,0.0,Welterweight,38.0,0.4615384615384617,0.41379310344827575,0.950520531967244,,0.0,0.010500000000000176,0.0,0.0,15,0.8,3.16
Alejandro Villalobos,17,5,0,0.06013791274366793,3.93,0.46,4.07,0.67,1.0,0.5,0.0,0.0,Featherweight,35.8830242510699,0.4423076923076923,0.24137931034482762,0.7438249153961878,,0.0,0.5645,0.0,1.075,22,0.7727272727272727,4.554545454545455
Victor Martinez,13,5,0,0.07518896698050656,8.65,0.5,7.45,0.54,0.86,0.5,0.8,0.0,Welterweight,33.0,0.4615384615384617,0.2758620689655172,0.8125894974844854,270.0,100.0,26.226,0.0,1.015,18,0.7222222222222222,3.7444444444444445
Jason Riley,10,7,0,0.21051584670468107,0.0,0.0,9.68,0.33,0.0,0.0,0.5,0.0,Heavyweight,44.17465753424658,0.7320261437908496,0.6206896551724138,1.5632316456679445,,0.0,-1.4024999999999999,0.0,0.05,17,0.5882352941176471,3.51764705882353
Cameron Dollar,11,5,0,0.07518896698050656,5.04,0.38,2.94,0.61,0.0,0.0,0.0,0.0,Welterweight,37.0,0.5218723584108196,0.3793103448275862,0.9763716702189124,,0.0,0.9864999999999999,0.0,0.0,16,0.6875,3.3375000000000004
Shelton Graves,7,3,0,0.22556690094151968,2.19,0.69,0.81,0.33,4.86,0.57,0.0,0.0,Heavyweight,39.0,0.6923076923076921,0.48275862068965525,1.400633213938867,,0.0,0.6134999999999999,0.0,4.9455,10,0.7,2.14
Scott Ettling,4,2,0,0.045086858506829315,0.0,0.0,0.54,0.83,8.04,1.0,0.0,0.0,Featherweight,35.8830242510699,0.4423076923076923,0.2688069758224335,0.7562015266369551,,0.0,0.04349999999999998,0.0,8.19,6,0.6666666666666666,1.3333333333333335
Mounir Lazzez,11,3,0,0.09773239623392123,7.49,0.55,5.42,0.53,1.8,0.57,0.71,0.0,Middleweight,37.0,0.6923076923076921,0.4482758620689653,1.2383159506105788,753.0,0.0,1.2490000000000003,0.25,2.019,14,0.7857142857142857,2.9571428571428573
Israel Delgado,0,2,0,0.07518896698050656,0.0,0.0,0.0,0.0,0.0,0.0,0.0,0.0,Welterweight,38.13361169102296,0.5218723584108196,0.34482758620689663,0.9418889115982227,,0.0,0.0,0.0,0.0,2,0.0,0.4
Luiz Dutra,13,6,1,0.09773239623392123,3.92,0.5,4.8,0.41,0.0,0.0,1.0,0.0,Middleweight,42.0,0.5968489341983318,0.3793103448275862,1.0738916752598393,3546.0,50.0,12.9215,0.0,0.1,20,0.65,4.13
Nair Melikyan,11,0,0,0.07518896698050656,0.0,0.0,0.0,0.0,0.0,0.0,0.0,0.0,Welterweight,38.13361169102296,0.5218723584108196,0.20689655172413768,0.8039578771154638,,0.0,0.0,0.0,0.0,11,1.0,2.4000000000000004
Norma Dumont,10,2,0,0.06013791274366793,3.41,0.49,1.99,0.66,1.39,0.64,0.72,0.0,Featherweight,34.0,0.34615384615384626,0.24137931034482762,0.6476710692423417,151.0,10.0,3.2510000000000003,0.0,1.558,12,0.8333333333333334,2.566666666666667
Tuco Tokkos,7,3,0,0.15037793396101312,5.57,0.4,8.86,0.43,3.8,1.0,0.0,0.0,Light Heavyweight,34.0,0.6538461538461537,0.5517241379310344,1.3559482257382012,270.0,0.0,0.20800000000000018,1.0,4.199999999999999,10,0.7,2.14
Cristian Quinonez,18,4,0,0.045086858506829315,5.23,0.42,5.13,0.59,0.73,1.0,0.85,0.0,Featherweight,28.0,0.4615384615384617,0.2758620689655172,0.7824873890108082,354.0,33.33333333333333,9.043833333333332,0.6666666666666666,1.1316666666666666,22,0.8181818181818182,4.563636363636364
Wallen Del Rosario,8,2,0,0.030068956371833978,1.4,0.32,4.73,0.4,1.0,0.16,1.0,0.0,Flyweight,31.0,0.34615384615384626,0.1379310344827586,0.5141538370084389,,0.0,-0.23550000000000004,0.0,1.124,10,0.8,2.16
Shinsho Anzai,10,3,0,0.09773239623392123,3.23,0.58,3.75,0.45,1.83,0.16,0.75,0.0,Middleweight,39.0,0.4615384615384617,0.24137931034482762,0.8006501681172105,2426.0,25.0,6.6785,0.25,1.9915,13,0.7692307692307693,2.753846153846154
Shoji Maruyama,12,9,1,0.05112054104230206,1.4,0.63,0.27,0.55,0.0,0.0,0.54,0.0,Featherweight,41.0,0.4423076923076923,0.24137931034482762,0.734807543694822,,0.0,0.518,0.0,0.054000000000000006,22,0.5454545454545454,4.50909090909091
Hidetaka Monma,18,11,4,0.09471555496618486,1.67,0.25,9.76,0.34,0.0,0.0,0.0,0.0,Welterweight,51.0,0.5218723584108196,0.41379310344827575,1.03038101682528,,0.0,-0.9455,0.0,0.0,33,0.5454545454545454,6.70909090909091
John Paul Elias,3,1,0,0.15037793396101312,0.0,0.0,0.0,0.0,0.0,0.0,0.0,0.0,Light Heavyweight,41.277864992150704,0.6674641148325355,0.5517241379310344,1.369566186724583,,0.0,0.0,0.0,0.0,4,0.75,0.9500000000000001
Maurice Mitchell,11,2,0,0.06013791274366793,3.8,0.55,3.54,0.6,0.0,0.0,1.0,0.0,Featherweight,37.0,0.4423076923076923,0.3103448275862067,0.8127904326375669,,0.0,0.6190000000000001,0.0,0.1,13,0.8461538461538461,2.769230769230769
Brandon Melendez,25,25,0,0.07518896698050656,0.84,0.26,0.56,0.63,0.0,0.0,0.25,0.0,Welterweight,41.0,0.5218723584108196,0.3793103448275862,0.9763716702189124,,0.0,0.2725,0.0,0.025,50,0.5,10.1
Andy Uhrich,11,6,0,0.09773239623392123,0.0,0.0,0.0,0.0,0.0,0.0,0.0,0.0,Middleweight,39.515151515151516,0.5968489341983318,0.41379310344827575,1.1083744338805288,,0.0,0.0,0.0,0.0,17,0.6470588235294118,3.5294117647058827
Juan Puerta,23,6,0,0.030068956371833978,1.27,0.39,1.27,0.67,1.0,1.0,0.0,0.0,Flyweight,37.0,0.5,0.3103448275862067,0.8404137839580407,,0.0,0.3055,0.0,1.15,29,0.7931034482758621,5.958620689655173
Pete Sabala,3,15,0,0.045086858506829315,0.0,0.0,0.0,0.0,0.0,0.0,0.0,0.0,Featherweight,35.8830242510699,0.4423076923076923,0.2688069758224335,0.7562015266369551,,0.0,0.0,0.0,0.0,18,0.16666666666666666,3.6333333333333333
Dusko Todorovic,12,4,0,0.12027582548733588,5.54,0.57,4.55,0.46,0.96,0.12,0.45,0.0,Light Heavyweight,30.0,0.6153846153846154,0.4482758620689653,1.1839363029409165,95.0,50.0,13.3855,0.0,1.023,16,0.75,3.35
Richard Jacobi,6,1,1,0.23305927595809578,0.88,0.44,3.94,0.51,3.28,1.0,1.0,0.0,Heavyweight,31.0,0.6538461538461537,0.5517241379310344,1.4386295677352838,,0.0,-0.20649999999999996,0.0,3.53,8,0.75,1.75
Masutatsu Yano,2,4,1,0.13983556557485746,0.0,0.0,0.0,0.0,0.0,0.0,0.0,0.0,Light Heavyweight,49.0,0.6674641148325355,0.3103448275862067,1.1176445079935997,,0.0,0.0,0.0,0.0,7,0.2857142857142857,1.4571428571428573
Justin Frazier,10,3,0,0.24058480307651503,1.11,0.66,6.11,0.04,0.0,0.0,0.0,0.0,Heavyweight,35.0,0.6538461538461537,0.41379310344827575,1.3082240603709445,2266.0,0.0,-0.5009999999999999,1.0,0.25,13,0.7692307692307693,2.753846153846154
Lloyd Van Dams,0,1,0,0.20299031958626176,0.0,0.0,3.01,0.15,0.0,0.0,0.0,0.0,Heavyweight,52.0,0.7320261437908496,0.4482758620689653,1.3832923254460767,,0.0,-0.42899999999999994,0.0,0.0,1,0.0,0.2
Branko Cikatic,0,2,0,0.16539583609600847,0.0,0.0,0.0,0.0,0.0,0.0,0.0,0.0,Heavyweight,70.0,0.7320261437908496,0.4482758620689653,1.3456978419558234,,0.0,0.0,0.0,0.0,2,0.0,0.4
Dave Zitanick,5,7,0,0.09773239623392123,0.0,0.0,0.0,0.0,0.0,0.0,0.0,0.0,Middleweight,39.515151515151516,0.5968489341983318,0.3835561420620804,1.0781374724943333,,0.0,0.0,0.0,0.0,12,0.4166666666666667,2.483333333333334
Tito Jones,11,8,0,0.06013791274366793,0.0,0.0,0.0,0.0,0.0,0.0,0.0,0.0,Featherweight,43.0,0.4423076923076923,0.2758620689655172,0.7783076740168774,,0.0,0.0,0.0,0.0,19,0.5789473684210527,3.9157894736842107
Yusaku Kinoshita,6,3,0,0.09773239623392123,4.65,0.5,5.12,0.51,0.0,0.0,0.5,0.0,Middleweight,24.0,0.5,0.41379310344827575,1.011525499682197,536.0,100.0,25.570999999999998,0.0,0.05,9,0.6666666666666666,1.9333333333333333
John Cofer,8,4,0,0.07518896698050656,2.73,0.41,3.43,0.62,1.22,0.5,0.64,0.0,Welterweight,40.0,0.5218723584108196,0.3103448275862067,0.9074061529775328,4442.0,50.0,12.843,0.5,1.484,12,0.6666666666666666,2.5333333333333337
Kyron Bowen,9,5,0,0.12027582548733588,2.73,0.57,2.05,0.4,0.0,0.0,0.0,0.0,Light Heavyweight,31.0,0.5769230769230766,0.5172413793103448,1.2144402817207571,,0.0,0.5490000000000002,0.0,0.0,14,0.6428571428571429,2.928571428571429
Alejandro Garcia,14,10,0,0.06013791274366793,1.22,0.62,1.14,0.65,8.55,0.87,0.66,0.0,Featherweight,35.8830242510699,0.4423076923076923,0.24137931034482762,0.7438249153961878,,0.0,0.3555,0.0,8.746500000000001,24,0.5833333333333334,4.916666666666667
Homer Moore,26,9,2,0.15037793396101312,0.68,0.5,0.68,0.0,5.07,0.66,0.0,0.0,Light Heavyweight,53.0,0.6674641148325355,0.34482758620689663,1.1626696350004453,,0.0,0.168,0.0,5.1690000000000005,37,0.7027027027027027,7.540540540540541
Keith Mielke,0,5,0,0.12027582548733588,0.0,0.0,0.0,0.0,0.0,0.0,0.0,0.0,Light Heavyweight,41.277864992150704,0.6674641148325355,0.2758620689655172,1.0636020092853886,,0.0,0.0,0.0,0.0,5,0.0,1.0
Eperaim Ginting,6,1,0,0.045086858506829315,0.0,0.0,0.0,1.0,15.52,1.0,0.0,0.0,Featherweight,29.0,0.23076923076923084,0.1379310344827586,0.41378712375881876,,0.0,0.15,0.0,15.67,7,0.8571428571428571,1.5714285714285716
Justin Martin,4,3,0,0.12027582548733588,0.0,0.0,0.0,0.0,0.0,0.0,0.0,0.0,Light Heavyweight,41.277864992150704,0.6674641148325355,0.41379310344827575,1.2015330437681473,,0.0,0.0,0.0,0.0,7,0.5714285714285714,1.5142857142857145
Jack May,9,3,0,0.22556690094151968,1.52,0.38,3.29,0.33,0.91,0.33,0.2,0.0,Heavyweight,43.0,0.7320261437908496,0.6896551724137929,1.6472482171461622,3833.0,100.0,25.012,0.0,0.9795,12,0.75,2.5500000000000003
Jamelle Jones,7,5,0,0.15037793396101312,1.78,0.8,3.11,0.65,0.0,0.0,0.0,0.0,Light Heavyweight,37.0,0.6538461538461537,0.41379310344827575,1.2180171912554427,,0.0,0.23600000000000004,0.0,0.0,12,0.5833333333333334,2.516666666666667
Nicholas Sergiacomi,1,1,0,0.09773239623392123,4.38,0.55,3.94,0.59,0.0,0.0,0.0,0.0,Middleweight,39.515151515151516,0.5968489341983318,0.3835561420620804,1.0781374724943333,,0.0,0.7025000000000001,0.0,0.0,2,0.5,0.5
Del Hawkins,22,17,0,0.045086858506829315,1.15,0.27,2.01,0.46,0.0,0.0,0.0,0.0,Featherweight,35.8830242510699,0.4423076923076923,0.17241379310344812,0.6598083439179697,,0.0,0.10900000000000004,0.0,0.0,39,0.5641025641025641,7.912820512820513
Ariel Beck,4,5,0,0.030068956371833978,4.44,0.34,4.31,0.64,0.0,0.0,0.0,0.0,Flyweight,34.0,0.3076923076923075,0.20689655172413768,0.5446578157882791,2630.0,100.0,25.6275,0.0,0.0,9,0.4444444444444444,1.8888888888888888
Abner Lloveras,20,9,1,0.07518896698050656,6.27,0.49,6.87,0.43,2.0,0.2,0.0,0.0,Welterweight,38.13361169102296,0.5218723584108196,0.3793103448275862,0.9763716702189124,3351.0,0.0,0.6995,0.0,2.03,30,0.6666666666666666,6.133333333333334
Brian Melancon,7,3,0,0.09773239623392123,4.18,0.49,3.64,0.64,2.02,1.0,0.66,0.0,Middleweight,42.0,0.5968489341983318,0.2758620689655172,0.9704433993977702,4186.0,50.0,13.193000000000001,0.5,2.3609999999999998,10,0.7,2.14
Amaury Bitetti,5,2,0,0.12027582548733588,0.0,0.0,0.0,0.0,0.0,0.0,0.0,0.0,Light Heavyweight,41.277864992150704,0.6674641148325355,0.3103448275862067,1.0980847679060781,,0.0,0.0,0.0,0.0,7,0.7142857142857143,1.542857142857143
John Campetella,0,1,0,0.19546479246784249,0.0,0.0,0.0,0.0,0.0,0.0,0.0,0.0,Heavyweight,44.17465753424658,0.7320261437908496,0.3103448275862067,1.237835763844899,,0.0,0.0,0.0,0.0,1,0.0,0.2
Andre Pederneiras,1,1,2,0.07518896698050656,0.0,0.0,0.0,0.0,0.0,0.0,0.0,0.0,Welterweight,57.0,0.5218723584108196,0.2758620689655172,0.8729233943568433,,0.0,0.0,0.0,0.0,4,0.25,0.8500000000000001
Bryson Kamaka,12,20,1,0.09773239623392123,9.47,0.6,12.63,0.0,0.0,0.0,1.0,0.0,Middleweight,39.515151515151516,0.5968489341983318,0.3793103448275862,1.0738916752598393,,0.0,0.5930000000000002,0.0,0.1,33,0.36363636363636365,6.672727272727273
Matej Penaz,6,1,0,0.12027582548733588,1.28,0.33,2.55,0.33,0.0,0.0,0.0,0.0,Light Heavyweight,28.0,0.9615384615384612,0.5172413793103448,1.5990556663361417,,0.0,0.05300000000000005,0.0,0.0,7,0.8571428571428571,1.5714285714285716
Pauline Macias,4,1,0,0.01501790213499534,0.8,0.29,4.6,0.42,2.0,0.18,0.0,0.0,Strawweight,36.0,0.23076923076923084,0.1379310344827586,0.3837181673869848,,0.0,-0.36899999999999994,0.0,2.027,5,0.8,1.1600000000000001
